id,site_id,site_name,description,tr_description,de_description,en_description
1,1,Hisarlik (Troy),"The archaeological site of Hisarlik, commonly identified with Troy, lies on a shallow spur that is overlooking the floodplain of the Karamenderes River. The site was excavated during three major campaigns, under the direction of Heinrich Schliemann and Wilhelm Dorpfeld (1870-94), Carl Blegen (1932-38) and Manfred Korfmann and Charles Brian Rose (1988-2012). The most comprehensive and up to date overview of the habitation history of Troy - even for the Bronze Age - is provided by Charles Brian Rose (2014). The information below rests on this account. The first habitation in the area occurred at Kumtepe (c. 5000 BCE), five kilometers northwest of Troy, as well as at Besik-Sivritepe, Gulpinar, Hanaytepe, Alcaligol and Isildaktepe alti. At that time, the coastal embayment still stretched almost to the foot of Hisarlik knoll. ""Then, boats were sailing across the Dardanelles and into the Aegean"", writes Brian Rose. From 4500 to 3300 BCE the habitation was interrupted. By 3300 BCE, new occupation began at Kumtepe and Karaagactepe, among others. Towards the end of the 4 th mill. BCE, the first settlement arose on Hisarlik, apparently absorbing the inhabitants from the other sites in the area. By the time of Troy II (2550-2300 BCE), the place had developed into a major commercial center and was tied into a trade network that extended from the Aegean to central Asia (Rose 2014, 11). A number of hord finds spanning a period of 400-500 years were retrieved from Troy IIA, most prominent among them is the so-called ""Priam's Treasure"". Our knowledge of the subsequent Troy III-V is rather limited, largely because Schliemann removed so much of the relevant material. The place eventually reached its peak as Troy VI (1750-1300 BCE) and Troy VIIa (1300-1180 BCE) with a fortification wall protecting an area of 20'000m2 (2 hectares). Engravings that were produced during Schliemann's digging show to what extend the tell had been truncated, partly by levelling in Classical times but also due to excavations. A profile across the site reveals that the current surface is about five meters below that of the Late Bronze Age. Hence, little of relevance can be expected to be found inside the citadel walls. Therefore, the campaign led by Manfred Korfmann spent almost twenty years investigating the region outside the fortification walls, but still on the Hisarlik knoll in search for a lower town. They did find walls of a few houses that were attached to the western outer side of the citadel, alas not more than that. On the other hand, drill holes that were produced in the floodplain revealed archaeological material consisting mostly of sherds and fire remains at 4-6 m below the present surface (Kayan 2003, 391; fig. 4). This caused the geoarchaeologist in charge of investigating the floodplain stratigraphy to conclude: ""From an archaeological point of view, the area along the foot of the northern slope of Troia is an important one... In the light of these findings we consider that it would be very useful to make an archaeological excavation about 7 m deep"" (Kayan 1996, 248). - The most promising area for new discoveries that may shed more light on the size, significance and function of Late Bronze Age Troy lies therefor not on the Hisarlik knoll, but in the floodplain, 5-7 meter below the present surface.","Genellikle Troya ile ozdeslestirilen Hisarlik arkeolojik alani, Karamenderes Nehri'nin taskin yatagina bakan sig bir mahmuz uzerinde yer almaktadir. Alan, Heinrich Schliemann ve Wilhelm Dorpfeld (1870-94), Carl Blegen (1932-38) ve Manfred Korfmann ve Charles Brian Rose (1988-2012) yonetiminde uc buyuk kampanya sirasinda kazilmistir. Troya'nin yerlesim tarihine iliskin en kapsamli ve guncel genel bakis - Tunc Cagi icin bile - Charles Brian Rose (2014) tarafindan saglanmistir. Asagidaki bilgiler bu hesaba dayanmaktadir. Bolgedeki ilk yerlesim Troya'nin bes kilometre kuzeybatisindaki Kumtepe'de (MO 5000 civari) ve Besik-Sivritepe, Gulpinar, Hanaytepe, Alcaligol ve Isildaktepe alti'nda gerceklesmistir. O zamanlar kiyi cukuru hala neredeyse Hisarlik tepesinin eteklerine kadar uzaniyordu. Brian Rose, ""O zamanlar tekneler Canakkale Bogazi'ni gecip Ege'ye aciliyordu"" diye yaziyor. MO 4500'den 3300'e kadar yerlesim kesintiye ugramistir. MO 3300'lere gelindiginde, Kumtepe ve Karaagactepe'de yeni yerlesimler baslamistir. 4'nin sonuna dogru th mil. Hisarlik'ta ilk yerlesim M.O. ortaya cikmis ve gorunuse gore bolgedeki diger yerlesimlerden gelen sakinleri bunyesine katmistir. Troya II zamaninda (MO 2550-2300) burasi buyuk bir ticaret merkezi haline gelmis ve Ege'den Orta Asya'ya kadar uzanan bir ticaret agina baglanmistir (Rose 2014, 11). Troya IIA'dan 400-500 yillik bir doneme yayilan cok sayida buluntu cikarilmistir ve bunlarin arasinda en onemlisi ""Priam'in Hazinesi"" olarak adlandirilan buluntudur. Sonraki Troya III-V hakkindaki bilgilerimiz, buyuk olcude Schliemann'in ilgili malzemenin cogunu ortadan kaldirmasi nedeniyle oldukca sinirlidir. Burasi nihayetinde Troya VI (MO 1750-1300) ve Troya VIIa (MO 1300-1180) olarak 20'000m2 (2 hektar) alani koruyan bir sur duvariyla zirveye ulasmistir. Schliemann'in kazilari sirasinda ortaya cikan gravurler, kismen Klasik donemdeki tesviyeler, kismen de kazilar nedeniyle anlatinin ne olcude kesildigini gostermektedir. Alan boyunca yapilan bir profil, mevcut yuzeyin Gec Tunc Cagi yuzeyinin yaklasik bes metre altinda oldugunu ortaya koymaktadir. Bu nedenle, kale duvarlarinin icinde konuyla ilgili cok az sey bulunmasi beklenebilir. Bu nedenle, Manfred Korfmann'in onderligindeki kampanya neredeyse yirmi yil boyunca surlarin disinda, ancak yine de Hisarlik tepesinde daha asagi bir kasaba arayisiyla bolgeyi arastirdi. Kalenin bati dis tarafina bitisik birkac evin duvarlarini buldular, ne yazik ki bundan daha fazlasini degil. Ote yandan, taskin yataginda acilan sondaj delikleri, mevcut yuzeyin 4-6 m altinda cogunlukla canak comlek parcalari ve ates kalintilarindan olusan arkeolojik malzeme ortaya cikarmistir (Kayan 2003, 391; sek. 4). Bu durum, taskin yatagi stratigrafisinin arastirilmasindan sorumlu jeoarkeologun su sonuca varmasina neden olmustur: ""Arkeolojik acidan, Troia'nin kuzey yamacinin etekleri boyunca uzanan alan onemli bir alandir... Bu bulgular isiginda, yaklasik 7 m derinliginde bir arkeolojik kazi yapilmasinin cok yararli olacagini dusunuyoruz"" (Kayan 1996, 248). - Gec Tunc Cagi Troia'sinin buyuklugune, onemine ve islevine daha fazla isik tutabilecek yeni kesifler icin en umut verici alan Hisarlik tepesinde degil, mevcut yuzeyin 5-7 metre altindaki taskin yataginda yatmaktadir.","Die archaologische Statte von Hisarlik, die gemeinhin mit Troja identifiziert wird, liegt auf einem flachen Auslaufer, der das Uberschwemmungsgebiet des Karamenderes-Flusses uberragt. Die Statte wurde in drei groﬂen Kampagnen ausgegraben, unter der Leitung von Heinrich Schliemann und Wilhelm Dorpfeld (1870-94), Carl Blegen (1932-38) und Manfred Korfmann und Charles Brian Rose (1988-2012). Den umfassendsten und aktuellsten Uberblick uber die Besiedlungsgeschichte Trojas - auch fur die Bronzezeit - bietet Charles Brian Rose (2014). Die folgenden Informationen beruhen auf dieser Darstellung. Die erste Besiedlung der Region erfolgte in Kumtepe (ca. 5000 v. Chr.), funf Kilometer nordwestlich von Troja, sowie in Besik-Sivritepe, Gulpinar, Hanaytepe, Alcaligol und Isildaktepe alti. Zu dieser Zeit reichte die Kustenbucht noch fast bis zum Fuﬂ der Hisarlik-Kuppe. ""Damals segelten Boote uber die Dardanellen und in die Agais"", schreibt Brian Rose. Von 4500 bis 3300 v. Chr. war die Besiedlung unterbrochen. Um 3300 v. Chr. begann eine neue Besiedlung, unter anderem in Kumtepe und Karaagactepe. Gegen Ende des 4 th Jahrtausends. Jh. v. Chr. entstand die erste Siedlung auf Hisarlik, die offenbar die Bewohner der anderen Statten in der Gegend aufnahm. Zur Zeit von Troja II (2550-2300 v. Chr.) hatte sich der Ort zu einem bedeutenden Handelszentrum entwickelt und war in ein Handelsnetz eingebunden, das von der Agais bis nach Zentralasien reichte (Rose 2014, 11). Aus Troja IIA wurde eine Reihe von Hordenfunden aus einem Zeitraum von 400-500 Jahren geborgen, darunter vor allem der sogenannte ""Schatz des Priamos"". Unser Wissen uber das spatere Troja III-V ist eher begrenzt, was vor allem daran liegt, dass Schliemann so viel von dem relevanten Material entfernt hat. Der Ort erreichte schlieﬂlich seinen Hohepunkt als Troja VI (1750-1300 v. Chr.) und Troja VIIa (1300-1180 v. Chr.) mit einer Festungsmauer, die ein Gebiet von 20'000 m2 (2 Hektar) schutzte. Gravuren, die wahrend Schliemanns Ausgrabungen entstanden sind, zeigen, in welchem Ausmaﬂ der Tell abgeschnitten wurde, zum Teil durch Nivellierung in klassischer Zeit, aber auch durch Ausgrabungen. Ein Profil des Gelandes zeigt, dass die heutige Oberflache etwa funf Meter unter derjenigen der spaten Bronzezeit liegt. Es ist daher zu erwarten, dass innerhalb der Zitadellenmauern nur wenig Relevantes zu finden sein wird. Daher verbrachte die von Manfred Korfmann geleitete Kampagne fast zwanzig Jahre damit, die Region auﬂerhalb der Festungsmauern, aber immer noch auf der Hisarlik-Kuppe, auf der Suche nach einer Unterstadt zu untersuchen. Sie fanden zwar Mauern einiger Hauser, die an die westliche Auﬂenseite der Zitadelle angebaut waren, aber leider nicht mehr als das. Andererseits brachten Bohrungen, die in der Aue durchgefuhrt wurden, archaologisches Material zum Vorschein, das hauptsachlich aus Scherben und Feuerresten in 4-6 m Tiefe unter der heutigen Oberflache bestand (Kayan 2003, 391; Abb. 4). Dies veranlasste den Geoarchaologen, der mit der Untersuchung der Auenstratigraphie beauftragt war, zu der Schlussfolgerung: ""Aus archaologischer Sicht ist das Gebiet am Fuﬂe des Nordhangs von Troia von groﬂer Bedeutung... Angesichts dieser Funde halten wir es fur sehr sinnvoll, eine archaologische Ausgrabung in etwa 7 m Tiefe durchzufuhren"" (Kayan 1996, 248). - Das vielversprechendste Gebiet fur neue Entdeckungen, die mehr Licht auf die Groﬂe, Bedeutung und Funktion des spatbronzezeitlichen Troia werfen konnten, liegt daher nicht auf der Hisarlik-Kuppe, sondern in der Aue, 5-7 Meter unter der heutigen Oberflache.",
2,2,Beykoy,"The tell settlement, also known as Yumruktepe, is located about 2.6 km south of the village of Beykoy in the district of Ihsaniye and the province of Afyon.","Yumruktepe olarak da bilinen hoyuk yerlesimi, Ihsaniye ilcesi ve Afyon iline bagli Beykoy koyunun yaklasik 2,6 km guneyinde yer almaktadir.","Die Tellsiedlung, auch bekannt als Yumruktepe, liegt etwa 2,6 km sudlich des Dorfes Beykoy im Bezirk Ihsaniye und der Provinz Afyon.",
3,3,Karabel,,,,
4,4,Torbali-Karakuyu,Many Roman and Phrygian settlement traces were found around the settlement.,Yerlesim cevresinde cok sayida Roma ve Frig yerlesim izine rastlanmistir.,Rund um die Siedlung wurden zahlreiche romische und phrygische Siedlungsspuren gefunden.,
5,5,Akpinar,,,,
6,6,"Latmos 1, 2, 5",,,,
7,7,Kocaoguz-Afyon,,,,
8,8,Panaztepe,"Bayrakli is the predecessor of Smyrna which in turn was the predecessor of modern Izmir. Hence, the site is located at the end of the Gulf of Izmir in the center of the city. The first excavations go back to 1948-51 and were carried out jointly by John Cook, James Brock and Ekrem Akurgal. From 1966-92 Ekrem Akurgal conducted excavations in which he focused on the Geometric and later occupation. The third excavation campaign under the direction of Meral Akurgal lasted 1993-2014. Already the earliest excavations indicated that the settlement history reaches back until the Early Bronze Age. Ekrem Akurgal found three distinct prehistoric strata. The first one lasted from the first half of the 3 rd mill. BCE until about 2000 BCE. Much pottery was found from the 2 nd mill. BCE, predominantly Red and Gray Ware. The vessel types are similar to the other Anatolian shape, in particular those known from Larisa (Hermos). According to E. Akurgal, the first Aeolian Greek settlement dates back to 1050-1000 BCE. No Mycenaean pottery was found.","Bayrakli, Smyrna'nin onculudur ve Smyrna da modern Izmir'in onculudur. Bu nedenle kentin merkezinde, Izmir Korfezi'nin sonunda yer almaktadir. Ilk kazilar 1948-51 yillari arasinda John Cook, James Brock ve Ekrem Akurgal tarafindan ortaklasa yurutulmustur. Ekrem Akurgal, 1966-92 yillari arasinda Geometrik ve daha sonraki donemlere odaklandigi kazilar yurutmustur. Meral Akurgal baskanligindaki ucuncu kazi kampanyasi 1993-2014 yillari arasinda surmustur. Daha ilk kazilar, yerlesim tarihinin Erken Tunc Cagi'na kadar uzandigini gostermistir. Ekrem Akurgal uc farkli tarih oncesi tabaka bulmustur. Ilki 3 doneminin ilk yarisindan itibaren surmustur. rd degirmen. M.O. yaklasik M.O. 2000 yilina kadar. 2'den cok sayida canak comlek bulunmustur. nd mil. MO, agirlikli olarak Kirmizi ve Gri Ware. Kap tipleri diger Anadolu formlarina, ozellikle de Larisa'dan (Hermos) bilinenlere benzer. E. Akurgal'a gore ilk Aiol Yunan yerlesimi M.O. 1050-1000 yillari arasina tarihlenmektedir. Miken canak comlegine rastlanmamistir.","Bayrakli ist der Vorganger von Smyrna, das wiederum der Vorganger des modernen Izmir war. Daher befindet sich die Statte am Ende des Golfs von Izmir im Zentrum der Stadt. Die ersten Ausgrabungen gehen auf die Jahre 1948-51 zuruck und wurden gemeinsam von John Cook, James Brock und Ekrem Akurgal durchgefuhrt. Von 1966-92 fuhrte Ekrem Akurgal Ausgrabungen durch, bei denen er sich auf die geometrische und spatere Besetzung konzentrierte. Die dritte Ausgrabungskampagne unter der Leitung von Meral Akurgal dauerte von 1993-2014. Schon die fruhesten Ausgrabungen deuteten darauf hin, dass die Siedlungsgeschichte bis in die fruhe Bronzezeit zuruckreicht. Ekrem Akurgal fand drei verschiedene prahistorische Schichten. Die erste reichte von der ersten Halfte des 3 rd Jahrtausends. BCE bis etwa 2000 BCE. Es wurde viel Keramik aus dem 2 nd_ mill. BCE gefunden, vorwiegend Rote und Graue Ware. Die Gefaﬂtypen ahneln den anderen anatolischen Formen, insbesondere denen, die aus Larisa (Hermos) bekannt sind. Laut E. Akurgal geht die erste aolische griechische Siedlung auf 1050-1000 v. Chr. zuruck. Es wurde keine mykenische Topferware gefunden.",
9,9,Sardis,"At Sardes, the earliest finds are derived from the ""House of Bronzes"", south of the gymnasium. In this area, habitation continued from the Late Bronze Age to the Byzantine period. Some pottery dates back prior to 1400 BCE. These earliest ceramic is indigenous, monochrome and similar to other sites in Western Asia Minor. The second layer (1400- 1200 BCE) contained the remains of a circular wattle wall, a mud hut, a pithos for cremation, published by Andrew Ramage and Jeffrey Spier. Imported Mycenaean sherds and craters, dating to the 13 th -11 th cent. BCE, were also found in this level. Nevertheless, the vast majority of the material in Sardis is strictly of indigenous Anatolian origin. About 2-5% of the pottery is Mycenaean.","Sardes'te en erken buluntular gymnasiumun guneyindeki ""Bronz Evi ""nden elde edilmistir. Bu alanda yerlesim Gec Tunc Cagi'ndan Bizans donemine kadar devam etmistir. Bazi canak comlekler M.O. 1400'den oncesine tarihlenmektedir. Bu en erken seramikler yerel, tek renkli ve Kucuk Asya'nin batisindaki diger yerlesimlerle benzerlik gostermektedir. Ikinci tabaka (MO 1400- 1200), Andrew Ramage ve Jeffrey Spier tarafindan yayinlanan dairesel bir saz duvar, camurdan bir kulube, olu yakma icin bir kup kalintilarini icermektedir. 13 donemine tarihlenen ithal Miken canak comlek parcalari ve kraterler th -11 th yuzyila tarihlenmektedir. M.O. bu tabakada da bulunmustur. Bununla birlikte, Sardeis'teki malzemenin buyuk cogunlugu kesinlikle yerli Anadolu kokenlidir. Canak comleklerin yaklasik %2-5'i Miken kokenlidir.","In Sardes stammen die fruhesten Funde aus dem ""Haus der Bronzen"", sudlich der Turnhalle. In diesem Gebiet wurde von der spaten Bronzezeit bis in die byzantinische Periode hinein gewohnt. Einige Topferwaren stammen aus der Zeit vor 1400 v. Chr.. Diese fruheste Keramik ist einheimisch, einfarbig und ahnelt anderen Fundorten im westlichen Kleinasien. Die zweite Schicht (1400-1200 v. Chr.) enthielt die Uberreste einer kreisformigen Flechtwand, einer Lehmhutte, eines Pithos fur die Feuerbestattung, veroffentlicht von Andrew Ramage und Jeffrey Spier. Importierte mykenische Scherben und Krater, die auf das 13 th -11 th Jahrhundert. BCE, wurden ebenfalls in dieser Ebene gefunden. Dennoch ist die uberwiegende Mehrheit des Materials in Sardes ausschlieﬂlich einheimischen anatolischen Ursprungs. Etwa 2-5% der Keramik ist mykenisch.",
10,10,Musgebi-Bodrum ,"The site of Musgebi-Ortakent is located 9 km northwest of Bodrum. In the 1960s a number of Mycenaean chamber tombs were found in this region. The graves were excavated under the direction of Yusuf Boysal in 1963-66. The burial type was cremation. Vessel types include cylix, pyxis, amphora, pithoi, jugs, bowls, cups, alabastroi and tripod vessels among others. According to Yusuf Boysal the necropolis began to be used during the 15th century BCE. The pottery dates from Late Helladic III A to Late Helladic IIIC.","Musgebi-Ortakent yerlesimi Bodrum'un 9 km kuzeybatisinda yer almaktadir. 1960'li yillarda bu bolgede bir dizi Miken oda mezari bulunmustur. Mezarlar 1963-66 yillarinda Yusuf Boysal baskanliginda kazilmistir. Gomu tipi kremasyondur. Kap tipleri arasinda kylix, pyxis, amphora, pithos, testi, kase, fincan, alabastroi ve tripod kaplar bulunmaktadir. Yusuf Boysal'a gore nekropol MO 15. yuzyilda kullanilmaya baslanmistir. Canak comlek Gec Helladik III A'dan Gec Helladik IIIC'ye kadar tarihlenmektedir.","Die Ausgrabungsstatte von Musgebi-Ortakent liegt 9 km nordwestlich von Bodrum. In den 1960er Jahren wurde in dieser Region eine Reihe mykenischer Kammergraber gefunden. Die Graber wurden unter der Leitung von Yusuf Boysal in den Jahren 1963-66 ausgegraben. Die Bestattungsart war Brandbestattung. Zu den Gefaﬂtypen gehoren unter anderem Zylix, Pyxis, Amphore, Pithoi, Kruge, Schalen, Becher, Alabastroi und Dreibeingefaﬂe. Laut Yusuf Boysal wurde die Nekropole ab dem 15. Jahrhundert v. Chr. genutzt. Die Topferwaren stammen aus der Zeit von Spathelladisch III A bis Spathelladisch IIIC.",
11,11,Sarhoyuk - Dorylaion ,"The tell settlement is located on the northwest side of the city center of Eskisehir. It was excavated between 1989 and 2003 by A. Muhibbe Darga, between 2005 and 2012 by Taciser Tufekci Sivas and since 2013 by Eskisehir Museum.","Hoyuk yerlesimi Eskisehir sehir merkezinin kuzeybati tarafinda yer almaktadir. 1989-2003 yillari arasinda A. Muhibbe Darga, 2005-2012 yillari arasinda Taciser Tufekci Sivas ve 2013 yilindan itibaren Eskisehir Muzesi tarafindan kazilmistir.","Die Tellsiedlung liegt an der nordwestlichen Seite des Stadtzentrums von Eskisehir. Sie wurde zwischen 1989 und 2003 von A. Muhibbe Darga, zwischen 2005 und 2012 von Taciser Tufekci Sivas und seit 2013 vom Eskisehir Museum ausgegraben.",
12,12,Maydos Kilisetepe ,"The Tell is situated in the center of the district town Eceabat on the north shore of the Dardanelles. Excavations under the direction of Goksel Sazci from Canakkale University began in 2010. The tell site is 180 x 220m in size and up to 33 m tall and certainly one of the biggest settlements on the Gallipoli peninsula. Terracing in Byzantine time have damaged the tell in particular on its western side. The resulting 8 m-high scar yields pottery fragments ranging from the Early Bronze Age to Byzantine times. Archaeological investigations indicate a continuous habitation from the Chalcolithic until the Middle Ages. The lower boundary of the so-called Troy VIIb layer consists of a very strongly burnt horizon, equivalent to that in Troy VIIa. The oldest layers revealed during the excavation campaign 2010-2011 belonged to the Troy VI period. Several tilted house foundations may indicate the effects of the same earthquake that might have hit Troy VI, according to Goksel Sazci. The north slope revealed fortification walls. - Maydos is a particular promising site for future excavations.","Tell, Canakkale Bogazi'nin kuzey kiyisindaki Eceabat ilcesinin merkezinde yer almaktadir. Canakkale Universitesi'nden Goksel Sazci baskanligindaki kazilar 2010 yilinda baslamistir. Anlati alani 180 x 220 m boyutlarinda ve 33 m yuksekligindedir ve kesinlikle Gelibolu yarimadasindaki en buyuk yerlesimlerden biridir. Bizans doneminde yapilan teraslama calismalari tellin ozellikle bati tarafina zarar vermistir. Ortaya cikan 8 m yuksekligindeki yara, Erken Tunc Cagi'ndan Bizans donemine kadar uzanan canak comlek parcalari icermektedir. Arkeolojik arastirmalar Kalkolitik Cag'dan Orta Cag'a kadar kesintisiz bir yerlesime isaret etmektedir. Troya VIIb olarak adlandirilan tabakanin alt siniri, Troya VIIa'dakine esdeger, cok kuvvetli yanmis bir horizondan olusmaktadir. 2010-2011 kazi kampanyasi sirasinda ortaya cikarilan en eski katmanlar Troya VI donemine aittir. Goksel Sazci'ya gore, birkac egik ev temeli, Troya VI'yi vurmus olabilecek ayni depremin etkilerine isaret ediyor olabilir. Kuzey yamacta sur duvarlari ortaya cikarilmistir. - Maydos, gelecekteki kazilar icin ozellikle umut verici bir alan.","Der Tell befindet sich im Zentrum der Kreisstadt Eceabat am Nordufer der Dardanellen. Die Ausgrabungen unter der Leitung von Goksel Sazci von der Universitat Canakkale begannen im Jahr 2010. Die Tellstatte ist 180 x 220 m groﬂ und bis zu 33 m hoch und sicherlich eine der groﬂten Siedlungen auf der Halbinsel Gallipoli. Terrassierungen in byzantinischer Zeit haben den Tell vor allem an seiner Westseite beschadigt. Die daraus resultierende 8 m hohe Narbe enthalt Keramikfragmente, die von der fruhen Bronzezeit bis in die byzantinische Zeit reichen. Archaologische Untersuchungen deuten auf eine kontinuierliche Besiedlung vom Chalkolithikum bis zum Mittelalter hin. Die untere Grenze der so genannten Troy VIIb-Schicht besteht aus einem sehr stark verbrannten Horizont, der dem in Troy VIIa entspricht. Die altesten Schichten, die wahrend der Grabungskampagne 2010-2011 freigelegt wurden, stammen aus der Zeit von Troja VI. Mehrere gekippte Hausfundamente konnten laut Goksel Sazci auf die Auswirkungen desselben Erdbebens hinweisen, das auch Troja VI getroffen haben konnte. Am Nordhang wurden Festungsmauern entdeckt. - Maydos ist ein besonders vielversprechender Ort fur zukunftige Ausgrabungen.",
13,13,Bayrakli/Alt-Smyrna,"Bayrakli is the predecessor of Smyrna which in turn was the predecessor of modern Izmir. Hence, the site is located at the end of the Gulf of Izmir in the center of the city. The first excavations go back to 1948-51 and were carried out jointly by John Cook, James Brock and Ekrem Akurgal. From 1966-92 Ekrem Akurgal conducted excavations in which he focused on the Geometric and later occupation. The third excavation campaign under the direction of Meral Akurgal lasted 1993-2014. Already the earliest excavations indicated that the settlement history reaches back until the Early Bronze Age. Ekrem Akurgal found three distinct prehistoric strata. The first one lasted from the first half of the 3 rd mill. BCE until about 2000 BCE. Much pottery was found from the 2 nd mill. BCE, predominantly Red and Gray Ware. The vessel types are similar to the other Anatolian shape, in particular those known from Larisa (Hermos). According to E. Akurgal, the first Aeolian Greek settlement dates back to 1050-1000 BCE. No Mycenaean pottery was found.","Bayrakli, Smyrna'nin onculudur ve Smyrna da modern Izmir'in onculudur. Bu nedenle, alan Izmir Korfezi'nin sonunda, sehrin merkezinde yer almaktadir. Ilk kazilar 1948-51 yillari arasinda John Cook, James Brock ve Ekrem Akurgal tarafindan ortaklasa yurutulmustur. 1966-92 yillari arasinda Ekrem Akurgal, Geometrik ve daha sonraki donemlere odaklandigi kazilar yurutmustur. Meral Akurgal baskanligindaki ucuncu kazi kampanyasi 1993-2014 yillari arasinda surmustur. Daha ilk kazilar, yerlesim tarihinin Erken Tunc Cagi'na kadar uzandigini gostermistir. Ekrem Akurgal uc farkli tarih oncesi tabaka bulmustur. Ilki 3 doneminin ilk yarisindan itibaren surmustur. rd degirmen. M.O. yaklasik M.O. 2000 yilina kadar. 2'den cok sayida canak comlek bulunmustur. nd mil. MO, agirlikli olarak Kirmizi ve Gri Ware. Kap tipleri diger Anadolu formlarina, ozellikle de Larisa'dan (Hermos) bilinenlere benzer. E. Akurgal'a gore ilk Aiol Yunan yerlesimi M.O. 1050-1000 yillari arasina tarihlenmektedir. Miken canak comlegine rastlanmamistir.","Bayrakli ist der Vorganger von Smyrna, das wiederum der Vorganger des modernen Izmir war. Daher befindet sich die Statte am Ende des Golfs von Izmir im Zentrum der Stadt. Die ersten Ausgrabungen gehen auf die Jahre 1948-51 zuruck und wurden gemeinsam von John Cook, James Brock und Ekrem Akurgal durchgefuhrt. Von 1966-92 fuhrte Ekrem Akurgal Ausgrabungen durch, bei denen er sich auf die geometrische und spatere Besetzung konzentrierte. Die dritte Ausgrabungskampagne unter der Leitung von Meral Akurgal dauerte von 1993-2014. Schon die fruhesten Ausgrabungen deuteten darauf hin, dass die Siedlungsgeschichte bis in die fruhe Bronzezeit zuruckreicht. Ekrem Akurgal fand drei verschiedene prahistorische Schichten. Die erste reichte von der ersten Halfte des 3 rd Jahrtausends. BCE bis etwa 2000 BCE. Es wurde viel Keramik aus dem 2 nd_ mill. BCE gefunden, vorwiegend Rote und Graue Ware. Die Gefaﬂtypen ahneln den anderen anatolischen Formen, insbesondere denen, die aus Larisa (Hermos) bekannt sind. Laut E. Akurgal geht die erste aolische griechische Siedlung auf 1050-1000 v. Chr. zuruck. Es wurde keine mykenische Topferware gefunden.",
14,14,Larisa am Hermos,"Larisa is located 28 kilometers north of the city of Izmir, in the district of Menemen, on a knoll towering the village Buruncuk. The ancient ruins lie on a spur that is projecting into the floodplain of the Hermus River. The settlement was excavated by Germans and Swedish archaeologists 1902-1934. The excavators identified three distinct levels prior to the Greek conquest in the 8 th cent. BCE. Beneath the Greek temple, foundations of a rectangular building were found. Associated tools and ceramics indicate an Early Bronze Age date. Fortification walls of 1300 m length including defense towers and a sizeable cult compound comprise the second stratum that dates to the pre-Greek habitation. Masonry and ceramics are comparable with Troy VI and VII. Vessels were carefully wheel made with a yellowish, reddish or white polish. Animal images on vessel handles are reminiscent of the red polished ceramics at Bogazkoy. The third pre-Greek level continues after the levels that are similar to Troy VI and VII and continuous with little change until the Greek conquest in the 8th cent. BCE. No Greek pottery was found predating 800 BCE. During the 6 th cent. BCE, the city was rebuilt by a new population. A temple on a terrace, a megaron and the so-called Old Palace are the oldest buildings of this period. A New Palace was built during the 4th century BCE. The city of Larissa is mentioned by Herodotus ( Historia 1.149), Pliny ( Naturalis historia 5.30.32), Aelius Aristides (51.27.2).","Larisa, Izmir ilinin 28 kilometre kuzeyinde, Menemen ilcesinde, Buruncuk koyune hakim bir tepecik uzerinde yer almaktadir. Antik kalintilar Hermus Nehri'nin taskin yatagina dogru uzanan bir mahmuz uzerinde yer almaktadir. Yerlesim 1902-1934 yillari arasinda Alman ve Isvecli arkeologlar tarafindan kazilmistir. Kazibilimciler 8'de Yunan fethinden once uc farkli seviye tespit etmislerdir th yuzyil. M.O. Yunan tapinaginin altinda dikdortgen bir binanin temelleri bulunmustur. Iliskili aletler ve seramikler Erken Tunc Cagi'na isaret etmektedir. Savunma kuleleri ve buyuk bir kult yerlesimini iceren 1300 m uzunlugundaki sur duvarlari, Yunan oncesi yerlesime tarihlenen ikinci tabakayi olusturmaktadir. Duvar isciligi ve seramikler Troya VI ve VII ile karsilastirilabilir. Kaplar sarimsi, kirmizimsi ya da beyaz cila ile ozenle carkta yapilmistir. Kap kulplarindaki hayvan resimleri Bogazkoy'deki kirmizi cilali seramikleri animsatmaktadir. Yunan oncesi ucuncu tabaka, Troya VI ve VII'ye benzer tabakalardan sonra devam eder ve MO 8. yuzyildaki Yunan fethine kadar cok az degisiklikle devam eder. MO. MO 800'den oncesine ait Yunan canak comlegi bulunamamistir. 6 sirasinda th yuzyilda kurulmustur. M.O., sehir yeni bir nufus tarafindan yeniden insa edilmistir. Terastaki bir tapinak, bir megaron ve Eski Saray olarak adlandirilan yapi bu donemin en eski yapilaridir. M.O. 4. yuzyilda yeni bir saray insa edilmistir. Larissa kentinden Herodotos ( Historia 1.149), Plinius ( Naturalis historia 5.30.32), Aelius Aristides (51.27.2).","Larisa liegt 28 Kilometer nordlich der Stadt Izmir, im Bezirk Menemen, auf einer Anhohe, die das Dorf Buruncuk uberragt. Die antiken Ruinen liegen auf einem Auslaufer, der in die Aue des Hermus-Flusses hineinragt. Die Siedlung wurde zwischen 1902 und 1934 von deutschen und schwedischen Archaologen ausgegraben. Die Ausgraber identifizierten drei verschiedene Ebenen vor der griechischen Eroberung im 8 th Jahrhundert. BCE. Unterhalb des griechischen Tempels wurden die Fundamente eines rechteckigen Gebaudes gefunden. Die dazugehorigen Werkzeuge und Keramiken deuten auf ein fruhbronzezeitliches Datum hin. Befestigungsmauern von 1300 m Lange mit Wehrturmen und eine groﬂe Kultanlage bilden die zweite Schicht, die auf die vorgriechische Besiedlung zuruckgeht. Mauerwerk und Keramik sind mit Troja VI und VII vergleichbar. Die Gefaﬂe wurden sorgfaltig mit der Drehscheibe hergestellt und sind gelblich, rotlich oder weiﬂ poliert. Die Tierdarstellungen auf den Henkeln der Gefaﬂe erinnern an die rot polierte Keramik von Bogazkoy. Die dritte vorgriechische Stufe setzt sich nach den Stufen fort, die Troja VI und VII ahneln, und setzt sich mit geringen Veranderungen bis zur griechischen Eroberung im 8. BCE. Es wurde keine griechische Keramik aus der Zeit vor 800 v. Chr. gefunden. Wahrend des 6 th Jh. Jh. v. Chr. wurde die Stadt von einer neuen Bevolkerung wiederaufgebaut. Ein Tempel auf einer Terrasse, ein Megaron und der sogenannte Alte Palast sind die altesten Gebaude aus dieser Zeit. Ein Neuer Palast wurde im 4. Jahrhundert v. Chr. erbaut. Die Stadt Larissa wird bereits von Herodot erwahnt ( Historia 1.149), Plinius ( Naturalis historia 5.30.32), Aelius Aristides (51.27.2).",
15,15,Ephesos,"While many settlement sites in western Asia Minor have been inhabited throughout the entire Middle and Late Bronze Age, those places on the coast at shallow marine embayments have tended to move seaward following the receding shoreline. It has therefore been clear, that the predecessor of Roman Ephesus must have been further inland of the famous archaeological site. Many scholars assume that this predecessor was Apasa, the capitol of Arzawa as mentioned in Hittite documents. Inland of Roman Ephesus is the modern town of Selcuk with the Ayasuluk Hill being its most outstanding Landmark. A rescue excavation conducted in 1960 on the Ayasuluk hill, south of the Gate of Persecution, led to the discovery of a Late Bronze Age grave which yieled Mycenaean vessels. One crater contained human bones, while the surrounding area revealed animal bones. According to Barbara Horejs, the grave reflects local funeral customs in which Mycenaean grave goods were included. The pottery dates to Late Helladic IIIA2 (c. 1400-1340 BCE). Restauration work on the Late Roman fortification wall on the Ayasuluk hill in 1990 lead to the discovery of a Late Bronze Age citadel wall and of several distinct periods of habitation. The earliest pottery found dates to the Kumtepe IB period of the 4th mill. BCE. Crevices in the bedrock revealed Early Bronze Age (2920-2450 BCE) ceramics. Middle Bronze Age settlement layers rest in some places right on bedrock. A strongly burnt horizon contained material culture comparable to Urla-Limantepe and Troia III-V (2300 - 1700 BCE). Pottery of Beycesultan with red coating was also identified. Further excavations on the Ayasuluk hill in 1996, about 30 m south of the previous one, revealed the same Late Bronze Age fortification wall in a depth of 3.3 m. A Mycenaean grave was found on the south side of the Ayasuluk hill and Late Mycenaean pottery is also known from the Geometric Periptero of the Artemision. However, the vast majority of the pottery was locally made. The excavations on the Ayasuluk hill during the 1990s illuminated the Bronze Age past of the place at least partially. The Ayasuluk hill is now widely regarded as being the site of Apasa. After Stefan Karwiese Apasa in Luwian means bee. In fact, the bee has been the symbol of Ephesus in Archaic to Roman times and appears on coins minted there. At Luwian Studies we regard the Ayasuluk hill to have been on the outskirts of Apasa. We have a clear working hypothesis where the actual center of Apasa might have been and are anxious to pass this idea on to a potential excavator.","Kucuk Asya'nin batisindaki pek cok yerlesim yeri Orta ve Gec Tunc Cagi boyunca iskan edilmis olsa da, kiyidaki sig deniz girintilerindeki bu yerler, kiyi seridinin cekilmesini takiben denize dogru hareket etme egiliminde olmustur. Bu nedenle, Roma Efes'inin onculunun unlu arkeolojik alanin daha ic kesimlerinde olmasi gerektigi aciktir. Bircok bilim adami bu oncul kentin Hitit belgelerinde adi gecen Arzawa'nin baskenti Apasa oldugunu varsaymaktadir. Roma Efes'inin ic kesimlerinde, en onemli simgesi Ayasuluk Tepesi olan modern Selcuk kasabasi yer almaktadir. Zulum Kapisi'nin guneyindeki Ayasuluk tepesinde 1960 yilinda yapilan bir kurtarma kazisi, Miken kaplarinin bulundugu bir Gec Tunc Cagi mezarinin kesfedilmesine yol acmistir. Bir kraterde insan kemikleri bulunurken, cevresindeki alanda hayvan kemikleri ortaya cikarilmistir. Barbara Horejs'e gore mezar, Miken mezar esyalarinin da dahil oldugu yerel cenaze geleneklerini yansitmaktadir. Canak comlek Gec Helladik IIIA2'ye (MO 1400-1340 civari) tarihlenmektedir. Ayasuluk tepesindeki Gec Roma sur duvarinda 1990 yilinda yapilan restorasyon calismalari, Gec Tunc Cagi'na ait bir kale duvarinin ve birkac farkli yerlesim doneminin kesfedilmesini saglamistir. Bulunan en eski canak comlek M.O. 4. bin Kumtepe IB donemine tarihlenmektedir. MO. Ana kayadaki yariklarda Erken Tunc Cagi (MO 2920-2450) seramikleri bulunmustur. Orta Tunc Cagi yerlesim katmanlari bazi yerlerde ana kayaya dayanmaktadir. Kuvvetli yanmis bir horizon, Urla-Limantepe ve Troia III-V (MO 2300 - 1700) ile karsilastirilabilir maddi kultur icermektedir. Kirmizi astarli Beycesultan canak comlegi de tespit edilmistir. Ayasuluk tepesinde 1996 yilinda, bir oncekinin yaklasik 30 m guneyinde yapilan diger kazilarda, 3,3 m derinlikte ayni Gec Tunc Cagi sur duvari ortaya cikarilmistir. Ayasuluk tepesinin guney tarafinda bir Miken mezari bulunmustur ve Artemision'un Geometrik Periptero'sundan Gec Miken canak comlegi de bilinmektedir. Ancak canak comleklerin buyuk cogunlugu yerel yapimdir. 1990'larda Ayasuluk tepesinde yapilan kazilar, buranin Tunc Cagi gecmisini kismen de olsa aydinlatmistir. Ayasuluk tepesi artik yaygin olarak Apasa'nin bulundugu yer olarak kabul edilmektedir. Stefan Karwiese'den sonra Apasa Luvi dilinde ari anlamina gelmektedir. Aslinda ari, Arkaik Cag'dan Roma donemine kadar Efes'in sembolu olmus ve burada basilan sikkelerin uzerinde yer almistir. Luvi Arastirmalari olarak Ayasuluk tepesinin Apasa'nin eteklerinde oldugunu dusunuyoruz. Apasa'nin asil merkezinin neresi olabilecegine dair net bir hipotezimiz var ve bu fikri potansiyel bir kaziciya iletmek icin sabirsizlaniyoruz.","Wahrend viele Siedlungsplatze im westlichen Kleinasien wahrend der gesamten mittleren und spaten Bronzezeit bewohnt waren, haben sich die Orte an der Kuste an flachen Meereseinbuchtungen tendenziell mit der zuruckweichenden Kustenlinie seewarts bewegt. Es ist daher klar, dass der Vorganger des romischen Ephesus weiter landeinwarts von der beruhmten archaologischen Statte gelegen haben muss. Viele Wissenschaftler nehmen an, dass dieser Vorganger Apasa war, die Hauptstadt von Arzawa, die in hethitischen Dokumenten erwahnt wird. Im Landesinneren des romischen Ephesus liegt die moderne Stadt Selcuk, deren herausragendes Wahrzeichen der Ayasuluk-Hugel ist. Eine 1960 durchgefuhrte Rettungsgrabung auf dem Ayasuluk-Hugel, sudlich des Tors der Verfolgung, fuhrte zur Entdeckung eines Grabes aus der spaten Bronzezeit, in dem mykenische Gefaﬂe gefunden wurden. Ein Krater enthielt menschliche Knochen, wahrend in der Umgebung Tierknochen gefunden wurden. Barbara Horejs zufolge spiegelt das Grab lokale Bestattungsbrauche wider, zu denen auch mykenische Grabbeigaben gehorten. Die Keramik stammt aus dem spathelladischen IIIA2 (ca. 1400-1340 v. Chr.). Restaurierungsarbeiten an der spatromischen Festungsmauer auf dem Ayasuluk-Hugel im Jahr 1990 fuhrten zur Entdeckung einer spatbronzezeitlichen Zitadellenmauer und mehrerer unterschiedlicher Besiedlungsperioden. Die fruheste gefundene Keramik stammt aus der Kumtepe IB-Periode aus dem 4. BCE. In Felsspalten wurde Keramik aus der fruhen Bronzezeit (2920-2450 v. Chr.) gefunden. Siedlungsschichten aus der mittleren Bronzezeit ruhen an einigen Stellen direkt auf dem Felsen. Ein stark verbrannter Horizont enthielt materielle Kultur, die mit Urla-Limantepe und Troia III-V (2300 - 1700 v. Chr.) vergleichbar ist. Es wurde auch Keramik aus Beycesultan mit rotem Uberzug gefunden. Weitere Ausgrabungen auf dem Ayasuluk-Hugel im Jahr 1996, etwa 30 m sudlich der vorherigen, brachten dieselbe spatbronzezeitliche Befestigungsmauer in einer Tiefe von 3,3 m zum Vorschein. Ein mykenisches Grab wurde auf der Sudseite des Ayasuluk-Hugels gefunden und spatmykenische Keramik ist auch aus dem Geometrischen Periptero des Artemision bekannt. Die uberwiegende Mehrheit der Keramik wurde jedoch vor Ort hergestellt. Die Ausgrabungen auf dem Ayasuluk-Hugel in den 1990er Jahren beleuchteten die bronzezeitliche Vergangenheit des Ortes zumindest teilweise. Der Ayasuluk-Hugel wird heute weithin als der Ort Apasa angesehen. Nach Stefan Karwiese bedeutet Apasa auf Luwisch Biene. Tatsachlich war die Biene von der archaischen bis zur romischen Zeit das Symbol von Ephesus und erscheint auf dort gepragten Munzen. Bei Luwian Studies gehen wir davon aus, dass der Hugel Ayasuluk am Rande von Apasa lag. Wir haben eine klare Arbeitshypothese, wo sich das eigentliche Zentrum von Apasa befunden haben konnte und sind bestrebt, diese Idee an einen potenziellen Ausgraber weiterzugeben.",
16,16,Kadikalesi,"The settlement is being excavated since 2001. Eight distinct strata have been identified providing evidence for a habitation from the late Chaloclithic until the Islamic-Byzantine period. In Byzantine times, castle stood on top of the tell site. The Middle and Late Bronze Age are represented by the typical Anatolian Gray and Gold Wash Ware. A similar material culture is known from Troia VI-VII, Beycesultan III-II-1, Panaztepe, Aphrodisias, Limantepe und Bademgedigi Tepe VI-II. In 2002, a male figurine was found in the excavations. It has been dated to 1450-1230 BCE. Mycenaean pottery was also retrieved. Accrding to Engin Akdeniz, however, these are to a large extent local imitations. An excavation of the Middle and Late Bronze Age layers at Kadikalesi promises a wide variety of rich finds. Due to the coastal location, however, it will show more foreign influences than a site further Inland.","Yerlesim 2001 yilindan beri kazilmaktadir. Gec Kalkolitik donemden Islam-Bizans donemine kadar bir yerlesime dair kanit saglayan sekiz farkli tabaka tespit edilmistir. Bizans doneminde anlati alaninin uzerinde bir kale bulunmaktaydi. Orta ve Gec Tunc Cagi, tipik Anadolu Gri ve Altin Yikama Mallari ile temsil edilmektedir. Benzer bir malzeme kulturu Troia VI-VII, Beycesultan III-II-1, Panaztepe, Aphrodisias, Limantepe ve Bademgedigi Tepe VI-II'den bilinmektedir. 2002 yilinda yapilan kazilarda bir erkek figurini bulunmustur. MO 1450-1230 yillarina tarihlendirilmistir. Miken canak comlegi de ele gecmistir. Ancak Engin Akdeniz'e gore bunlar buyuk olcude yerel taklitler. Kadikalesi'ndeki Orta ve Gec Tunc Cagi katmanlarinda yapilacak bir kazi, cok cesitli ve zengin buluntular vaat etmektedir. Ancak kiyidaki konumu nedeniyle, daha ic kesimlerdeki bir yerlesime kiyasla daha fazla yabanci etki gosterecektir.","Die Siedlung wird seit 2001 ausgegraben. Es wurden acht verschiedene Schichten identifiziert, die auf eine Besiedlung vom spaten Chaloklithikum bis zur islamisch-byzantinischen Zeit hinweisen. In der byzantinischen Zeit stand eine Burg auf der Tellsstatte. Die mittlere und spate Bronzezeit ist durch die typisch anatolische Graue und Goldene Waschware vertreten. Eine ahnliche materielle Kultur ist aus Troia VI-VII, Beycesultan III-II-1, Panaztepe, Aphrodisias, Limantepe und Bademgedigi Tepe VI-II bekannt. Im Jahr 2002 wurde bei den Ausgrabungen eine mannliche Figurine gefunden. Sie wurde auf 1450-1230 v. Chr. datiert. Auch mykenische Topferwaren wurden gefunden. Laut Engin Akdeniz handelt es sich dabei jedoch groﬂtenteils um lokale Nachahmungen . Eine Ausgrabung der mittel- und spatbronzezeitlichen Schichten in Kadikalesi verspricht eine groﬂe Vielfalt an reichen Funden. Aufgrund der Kustenlage wird sie jedoch mehr fremde Einflusse aufweisen als eine Statte weiter im Inland.",
17,17,Bademgedigi (Puranda) ,"Die Statte wurde von 1999 bis 2007 ausgegraben. Die Siedlung verfugte uber eine 750 m lange Befestigungsmauer mit zwei Toren, eines im Suden und eines im Norden. Die Mauer war 3,60 m dick und bestand im unteren Bereich aus Kyklopenblocken und im oberen Bereich aus mittelgroﬂen Steinen. Eine sorgfaltig angelegte Straﬂe mit groﬂen, flachen Natursteinplatten und tief eingeschnittenen Spurrillen von Wagen wurde uber mehrere hundert Meter freigelegt. Die Straﬂe scheint in Richtung Kolophon und Baklatepe zu fuhren. Sechs Besiedlungsphasen wurden unterschieden. Die unterste Schicht datiert ins 16. Jahrhundert v. Chr. Besonders reichhaltig sind Funde aus dem 15. und 14. Jahrhundert v. Chr., die typische anatolische Goldwaschkeramik, Rote Ware und Graue Ware umfassen. Mykenisches Material tritt erst nach 1180 v. Chr. auf. Die Siedlung wurde schlieﬂlich in der Mitte des 7. Jahrhunderts v. Chr. aufgegeben. Spatgeometrische und fruhereisenzeitliche Funde befinden sich daher in der Nahe der Oberflache.","Alan 1999'dan 2007'ye kadar kazilmistir. Yerlesimin biri guneyde digeri kuzeyde olmak uzere iki kapisi olan 750 metre uzunlugunda bir sur duvari vardi. Duvar 3.60 metre kalinligindadir ve alt kisimda Kiklopik bloklardan, ust kisimda ise orta boy taslardan olusmaktadir. Birkac yuz metre boyunca buyuk, duz dogal tas levhalar ve arabalarin derin kesik izleriyle dikkatlice duzenlenmis bir yol ortaya cikarilmistir. Yolun Kolophon ve Baklatepe'ye dogru gittigi anlasilmistir. Alti yerlesim evresi tespit edilmistir. En alt tabaka M.O. 16. yuzyila tarihlenmektedir. M.O. 15. ve 14. yuzyillara ait buluntular ozellikle zengindir ve tipik Anadolu altin sarisi canak comlek, kirmizi mal ve gri mal icermektedir. Miken malzemesi MO 1180'den sonrasina kadar gorulmez. Yerlesim nihayet MO 7. yuzyilin ortalarinda terk edilmistir. Bu nedenle Gec Geometrik ve Erken Demir Cagi buluntulari yuzeye yakin konumdadir.","Die Statte wurde von 1999 bis 2007 ausgegraben. Die Siedlung verfugte uber eine 750 m lange Befestigungsmauer mit zwei Toren, eines im Suden und eines im Norden. Die Mauer war 3,60 m dick und bestand im unteren Bereich aus Kyklopenblocken und im oberen Bereich aus mittelgroﬂen Steinen. Eine sorgfaltig angelegte Straﬂe mit groﬂen, flachen Natursteinplatten und tief eingeschnittenen Spurrillen von Wagen wurde uber mehrere hundert Meter freigelegt. Die Straﬂe scheint in Richtung Kolophon und Baklatepe zu fuhren. Sechs Besiedlungsphasen wurden unterschieden. Die unterste Schicht datiert ins 16. Jahrhundert v. Chr. Besonders reichhaltig sind Funde aus dem 15. und 14. Jahrhundert v. Chr., die typische anatolische Goldwaschkeramik, Rote Ware und Graue Ware umfassen. Mykenisches Material tritt erst nach 1180 v. Chr. auf. Die Siedlung wurde schlieﬂlich in der Mitte des 7. Jahrhunderts v. Chr. aufgegeben. Spatgeometrische und fruhereisenzeitliche Funde befinden sich daher in der Nahe der Oberflache.",
18,18,"Cesme, Baglararasi ","The site is located in the city center of Cesme only 200 meters from the modern yacht harbor. The Bronze Age settlement was excavated from 2002 to 2005 under the direction of Hayat Erkanal. Since 2009 up until today Vasif Saboglu is directing the excavations. The place was inhabited from some point (2600-2200 BCE) during the Early Bronze Age II until Late Bronze Age (at about 1320 - 1270 BCE). Actual habitation layers dating to the Late Bronze Age have not been found yet. Only a waste pit revealed LBA fragments, locally made as well as Mycenaean. The local ceramics resemble those known from elsewhere in western Anatolia. Mycenaean pottery dating to LH III-A2 and III-B1 was imitated.","Yerlesim Cesme sehir merkezinde, modern yat limanina sadece 200 metre mesafede yer almaktadir. Tunc Cagi yerlesimi 2002-2005 yillari arasinda Hayat Erkanal baskanliginda kazilmistir. 2009 yilindan gunumuze kadar kazilari Vasif Saboglu yonetmektedir. Erken Tunc Cagi II'nin bir doneminden (M.O. 2600-2200) Gec Tunc Cagi'na (yaklasik M.O. 1320-1270) kadar iskan gormustur. Gec Tunc Cagi'na tarihlenen gercek yerlesim katmanlari henuz bulunamamistir. Sadece bir atik cukurunda yerel ve Miken yapimi Ilk Tunc Cagi parcalari bulunmustur. Yerel seramikler Bati Anadolu'nun baska yerlerinden bilinenlere benzemektedir. LH III-A2 ve III-B1'e tarihlenen Miken canak comlegi taklit edilmistir.","Die Statte befindet sich im Stadtzentrum von Cesme, nur 200 Meter vom modernen Yachthafen entfernt. Die bronzezeitliche Siedlung wurde von 2002 bis 2005 unter der Leitung von Hayat Erkanal ausgegraben. Seit 2009 und bis heute leitet Vasif Saboglu die Ausgrabungen. Der Ort war ab einem bestimmten Zeitpunkt (2600-2200 v. Chr.) wahrend der fruhen Bronzezeit II bis zur spaten Bronzezeit (um etwa 1320 - 1270 v. Chr.) bewohnt. Tatsachliche Siedlungsschichten aus der Spatbronzezeit wurden bisher nicht gefunden. Nur in einer Abfallgrube wurden LBA-Fragmente gefunden, die sowohl lokal als auch mykenisch hergestellt wurden. Die lokale Keramik ahnelt derjenigen, die von anderen Orten in Westanatolien bekannt ist. Mykenische Keramik aus LH III-A2 und III-B1 wurde imitiert.",
19,19,Liman Tepe ,"The settlement is located in the district of Iskele on the peninsula of Urla near Izmir. The prehistoric settlement is to some extent buried by layers belonging to Classical Klazomenai as well as by modern buildings. Excavations began in 1992 under the direction of Hayat Erkanal. The settlement was continuously inhabited from the Neolithic (Liman Tepe VIII) to Protogeometric, Classical and Roman times (Liman Tepe I) and was thus evidently the predecessor of Classical Klazomenai. Some of the main characteristics of Liman Tepe are a fortification wall that is partially submerged in the sea and an artificial Early Bronze Age harbor, one of the oldest of its kind known in the Aegean Sea. Imports from Greece and Cyprus indicate long distance trade relations. During the campaign in 2006, Late Bronze Age settlement layers were discovered near the modern coastal road, but these layers are much disturbed through later constructions. A 20 m long and 3 m wide LBA-road was unveiled running NW-SE. Two crossroads were found running perpendicular to this main road - indicating that the town must have prospered at the time. A number of LBA buildings containing ceramic kilns existed next to the roads. According to Hayat Erkanal this area must have been the ceramic production district of the town. Most pottery was produced locally; however, some imported Mycenaean pots did occur. At the end of the Bronze Age, during LH IIIB (1300-1190 BCE), this district served no longer for ceramic production. The amount of Mycenaean pottery increased significantly. During LH IIIC, a number of rectangular monumental buildings were erected while imitated Mycenaean pottery prevailed. In a different part of the excavation, further south, Late Bronze Age pottery was found in a well. This material has been studied and was published by Sevinc Gunel. The ceramic consists predominantly of indigenous fine or medium-fine wares. This material culture was dated to 1425 -1190 BCE.","Yerlesim, Izmir yakinlarindaki Urla yarimadasinin Iskele ilcesinde yer almaktadir. Prehistorik yerlesim bir olcude Klasik Klazomenai'ye ait katmanlar ve modern binalar tarafindan ortulmustur. Kazilar 1992 yilinda Hayat Erkanal baskanliginda baslamistir. Yerlesim Neolitik Cag'dan (Liman Tepe VIII) Protogeometrik, Klasik ve Roma donemlerine (Liman Tepe I) kadar kesintisiz olarak iskan edilmistir ve bu nedenle Klasik Klazomenai'nin onculu oldugu aciktir. Liman Tepe'nin temel ozelliklerinden bazilari, kismen denize gomulu bir sur duvari ve Ege Denizi'nde bilinen turunun en eskilerinden biri olan yapay bir Erken Tunc Cagi limanidir. Yunanistan ve Kibris'tan yapilan ithalatlar uzun mesafeli ticari iliskilere isaret etmektedir. 2006'daki calisma sirasinda, modern sahil yolunun yakininda Gec Tunc Cagi yerlesim katmanlari kesfedilmistir, ancak bu katmanlar daha sonraki insaatlar nedeniyle buyuk olcude bozulmustur. KB-GD yonunde uzanan 20 m uzunlugunda ve 3 m genisliginde bir Ilk Tunc Cagi yolu ortaya cikarilmistir. Bu ana yola dik olarak uzanan iki kavsak bulunmustur - bu da kasabanin o donemde zenginlesmis olmasi gerektigini gostermektedir. Yollarin yaninda seramik firinlari iceren bir dizi Ilk Tunc Cagi binasi bulunmaktadir. Hayat Erkanal'a gore bu alan kentin seramik uretim bolgesi olmalidir. Canak comleklerin cogu yerel olarak uretilmistir; ancak bazi ithal Miken canak comleklerine de rastlanmistir. Tunc Cagi'nin sonunda, LH IIIB (MO 1300-1190) doneminde, bu bolge artik seramik uretimine hizmet etmemistir. Miken canak comleklerinin miktari onemli olcude artmistir. LH IIIC doneminde, bir dizi dikdortgen anitsal yapi insa edilmis ve taklit Miken canak comlegi hakim olmustur. Kazinin farkli bir bolumunde, daha guneyde, bir kuyuda Gec Tunc Cagi canak comlegi bulunmustur. Bu malzeme Sevinc Gunel tarafindan incelenmis ve yayinlanmistir. Seramik agirlikli olarak yerel ince veya orta-ince mallardan olusmaktadir. Bu malzeme kulturu MO 1425 -1190 yillarina tarihlendirilmistir.","Die Siedlung befindet sich im Bezirk Iskele auf der Halbinsel Urla bei Izmir. Die prahistorische Siedlung ist zum Teil von Schichten aus dem klassischen Klazomenai sowie von modernen Gebauden uberdeckt. Die Ausgrabungen begannen im Jahr 1992 unter der Leitung von Hayat Erkanal. Die Siedlung war vom Neolithikum (Liman Tepe VIII) bis in die protogeometrische, klassische und romische Zeit (Liman Tepe I) durchgehend bewohnt und war somit offensichtlich der Vorganger des klassischen Klazomenai. Zu den wichtigsten Merkmalen von Liman Tepe gehoren eine Festungsmauer, die teilweise im Meer versunken ist, und ein kunstlicher Hafen aus der fruhen Bronzezeit, einer der altesten in der Agais bekannten Hafen dieser Art. Importe aus Griechenland und Zypern deuten auf weitreichende Handelsbeziehungen hin. Wahrend der Kampagne im Jahr 2006 wurden in der Nahe der modernen Kustenstraﬂe Siedlungsschichten aus der Spatbronzezeit entdeckt, die jedoch durch spatere Bauten stark gestort sind. Eine 20 m lange und 3 m breite LBA-Straﬂe wurde enthullt, die von NW nach SO verlauft. Es wurden zwei Kreuzungen gefunden, die senkrecht zu dieser Hauptstraﬂe verlaufen - ein Hinweis darauf, dass die Stadt zu dieser Zeit floriert haben muss. Neben den Straﬂen gab es eine Reihe von LBA-Gebauden mit Keramikbrennofen. Laut Hayat Erkanal muss dieses Gebiet das Keramikproduktionsviertel der Stadt gewesen sein. Die meisten Topferwaren wurden vor Ort hergestellt, aber es gab auch einige importierte mykenische Topfe. Am Ende der Bronzezeit, wahrend LH IIIB (1300-1190 v. Chr.), diente dieser Bezirk nicht mehr der Keramikproduktion. Die Menge der mykenischen Topferwaren nahm deutlich zu. Wahrend LH IIIC wurden eine Reihe von rechteckigen Monumentalbauten errichtet, wahrend die nachgeahmte mykenische Keramik vorherrschte. In einem anderen Teil der Ausgrabung, weiter sudlich, wurde spatbronzezeitliche Keramik in einem Brunnen gefunden. Dieses Material wurde untersucht und von Sevinc Gunel veroffentlicht. Die Keramik besteht uberwiegend aus einheimischer feiner oder mittelfeiner Ware. Diese materielle Kultur wurde auf 1425 -1190 v. Chr. datiert.",
20,20,Kolophon,"Colophon was one of the richest cities of Ionia in the Archaic period. Little is known about the Bronze Age predecessor. The city strectched around the present village of Degirmendere in the district of Izmir. Excavations took place only once for three weeks by a US-Amercian team in 1922. The archaeologists unearthed a tholos grave and found Mycenaean pottery. In 2000, Nuran Sahin led a small investigation on the Halil Aga Tepesi (hill) where she found Geometric and Late Bronze Age settlement remains.","Kolophon Arkaik donemde Iyonya'nin en zengin kentlerinden biriydi. Tunc Cagi'ndaki selefi hakkinda cok az sey bilinmektedir. Kent, Izmir'in ilcesindeki bugunku Degirmendere koyunun cevresinde uzaniyordu. Kazilar sadece bir kez, 1922 yilinda ABD-Amerikali bir ekip tarafindan uc hafta boyunca gerceklestirilmistir. Arkeologlar bir tholos mezari ortaya cikarmis ve Miken canak comlegi bulmuslardir. 2000 yilinda Nuran Sahin, Halil Aga Tepesi'nde kucuk bir arastirma yurutmus ve burada Geometrik ve Gec Tunc Cagi yerlesim kalintilari bulmustur.","Kolophon war eine der reichsten Stadte Ioniens in der archaischen Periode. Uber den Vorganger aus der Bronzezeit ist nur wenig bekannt. Die Stadt erstreckte sich um das heutige Dorf Degirmendere im Bezirk Izmir. Ausgrabungen fanden nur einmal fur drei Wochen durch ein US-amerikanisches Team im Jahr 1922 statt. Die Archaologen legten ein Tholos-Grab frei und fanden mykenische Topferwaren. Im Jahr 2000 leitete Nuran Sahin eine kleine Untersuchung auf dem Halil Aga Tepesi (Hugel), wo sie Uberreste einer Siedlung aus der Geometrie und der spaten Bronzezeit fand.",
21,21,Aphrodisias ,"Aphrodisias was a small ancient city in Caria, situated on a plateau near the modern town of Karacasu. The alluvial deposits by the Geyre River, a branch of the Menderes River, produced a fertile plain around the mounds Acropolis Tepesi and Pekmez Hoyuk. Before it became known as Aphrodisias during the 3rd cent. BCE, the place bore the names ""City of the Leleges"" (??????? ?????) and ""Great City"" (?????? ?????). The first formal excavations began in 1904 and they are still continued today, now led by R. R. R. Smith from Oxford University and Katharine Welch of the NYU Institute of Fine Arts. Bronze Age finds were made in three different places in the vicinity. (1.) Pekmez Tepe (Hoyuk) lies approximately 100 m east of the acropolis and is about 125 m in diameter and about 13 m high. (2.) The Acropolis Hill is about 125 m in diameter and about 24 m tall. (3.) In a third area, known as Kuskalesi and located southwest of the acropolis, where Early and Middle Bronze Age has been found. Martha Sharp Joukowsky did much of the research on the prehistoric material and argues that the site was continuously inhabited from 4360 until 546 BCE. Altogether 13 settlement layers from the late Neolithic (about 5800 BCE) until the Hellenistic have been identified during intensive excavations lasting from 1967 until 1974 and led by initially B. Kadish and then by R. Marchese. The oldest settlement layers of the Acropolis date to 2700-2600 BCE. The pottery found is quite similar to Beycesultan XVII. A typical Megaron building was in use 2200-1900 BCE. Ceramics found in this layer have similar shapes and colors to those known from Troy and Tarsus. The megaron was rebuilt and re-used 1900-1600 BCE. The Middle Bronze Age architecture of Aphrodosias is highly characteristic. It consists of stone pedestals and wooden laced mud bricks. Small objects from the acropolis strata of the Early and Middle Bronze Age are similar to those found at other sites in western Anatolia. Marble figurines can be linked by their style to Troy, Beycesultan, Kusura, Yortan and Karatas Semayuk. A small number of metal objects, including flat bronze axes, chisels, gold-leaf beads and silver incised bracelets were probably imported since they do not appear in great quantities.","Aphrodisias, Karia'da modern Karacasu kasabasi yakinlarindaki bir platoda yer alan kucuk bir antik kentti. Menderes Nehri'nin bir kolu olan Geyre Nehri'nin aluvyonlari, Akropolis Tepesi ve Pekmez Hoyuk hoyuklerinin etrafinda verimli bir ova olusturmustur. M.O. 3. yuzyilda Aphrodisias olarak bilinmeye baslamadan once M.O. 3. yuzyilda Aphrodisias adini almadan once ""Leleglerin Sehri"" (??????? ?????) ve ""Buyuk Sehir"" (?????? ?????) adlarini tasiyordu. Ilk resmi kazilar 1904 yilinda baslamis ve gunumuzde Oxford Universitesi'nden R. R. R. Smith ve NYU Guzel Sanatlar Enstitusu'nden Katharine Welch baskanliginda devam etmektedir. Tunc Cagi buluntulari civarda uc farkli yerde ele gecmistir. (1.) Pekmez Tepe (Hoyuk) akropolisin yaklasik 100 m dogusunda yer alir ve yaklasik 125 m capinda ve yaklasik 13 m yuksekligindedir. (2.) Akropol Tepesi yaklasik 125 m capinda ve yaklasik 24 m yuksekligindedir. (3.) Kuskalesi olarak bilinen ve akropolun guneybatisinda yer alan ucuncu bir alanda Erken ve Orta Tunc Cagi bulunmustur. Martha Sharp Joukowsky prehistorik malzeme uzerindeki arastirmalarin cogunu yapmis ve alanin M.O. 4360'tan 546'ya kadar surekli olarak iskan edildigini ileri surmustur. 1967'den 1974'e kadar suren ve once B. Kadish, sonra da R. Marchese tarafindan yonetilen yogun kazilar sirasinda Gec Neolitik Donem'den (yaklasik M.O. 5800) Helenistik Donem'e kadar toplam 13 yerlesim tabakasi tespit edilmistir. Akropolis'in en eski yerlesim katmanlari M.O. 2700-2600 yillarina tarihlenmektedir. Bulunan canak comlek Beycesultan XVII ile oldukca benzerdir. Tipik bir Megaron binasi M.O. 2200-1900 yillari arasinda kullanilmaktaydi. Bu tabakada bulunan seramikler, Troya ve Tarsus'tan bilinenlerle benzer sekil ve renklere sahiptir. Megaron yeniden insa edilmis ve M.O. 1900-1600 yillari arasinda yeniden kullanilmistir. Aphrodosias'in Orta Tunc Cagi mimarisi oldukca karakteristiktir. Tas kaideler ve ahsap dantelli kerpic tuglalardan olusur. Erken ve Orta Tunc Cagi akropol tabakalarinda bulunan kucuk objeler, Bati Anadolu'daki diger yerlesmelerde bulunanlarla benzerlik gostermektedir. Mermer figurinler stilleri itibariyle Troya, Beycesultan, Kusura, Yortan ve Karatas Semayuk ile iliskilendirilebilir. Yassi bronz baltalar, keskiler, altin varakli boncuklar ve gumus kazima bilezikler gibi az sayida metal obje, buyuk miktarlarda bulunmadiklari icin muhtemelen ithal edilmistir.","Aphrodisias war eine kleine antike Stadt in Karien, die auf einer Hochebene in der Nahe der modernen Stadt Karacasu lag. Die Schwemmlandablagerungen des Geyre-Flusses, eines Nebenflusses des Menderes, schufen eine fruchtbare Ebene um die Hugel Akropolis Tepesi und Pekmez Hoyuk. Bevor der Ort im 3. Jahrhundert v. Chr. unter dem Namen Aphrodisias bekannt wurde, trug er die Namen Jh. v. Chr. als Aphrodisias bekannt wurde, trug der Ort die Namen ""Stadt der Leleges"" (??????? ?????) und ""Groﬂe Stadt"" (?????? ?????). Die ersten formellen Ausgrabungen begannen 1904 und werden bis heute fortgesetzt, jetzt unter der Leitung von R. R. R. Smith von der Universitat Oxford und Katharine Welch vom NYU Institute of Fine Arts. Die Funde aus der Bronzezeit wurden an drei verschiedenen Orten in der Umgebung gemacht. (1.) Pekmez Tepe (Hoyuk) liegt etwa 100 m ostlich der Akropolis und hat einen Durchmesser von etwa 125 m und eine Hohe von etwa 13 m. (2.) Der Akropolishugel hat einen Durchmesser von etwa 125 m und ist etwa 24 m hoch. (3.) In einem dritten Gebiet, das als Kuskalesi bekannt ist und sich sudwestlich der Akropolis befindet, wurden Funde aus der fruhen und mittleren Bronzezeit gemacht. Martha Sharp Joukowsky hat einen Groﬂteil der Forschungen an dem prahistorischen Material durchgefuhrt und behauptet, dass die Statte von 4360 bis 546 v. Chr. kontinuierlich bewohnt war. Insgesamt 13 Siedlungsschichten aus dem spaten Neolithikum (ca. 5800 v. Chr.) bis zum Hellenismus wurden bei intensiven Ausgrabungen von 1967 bis 1974 unter der Leitung von zunachst B. Kadish und dann von R. Marchese identifiziert. Die altesten Siedlungsschichten auf der Akropolis stammen aus der Zeit von 2700-2600 v. Chr.. Die gefundene Keramik ist der von Beycesultan XVII sehr ahnlich. Ein typisches Megaron-Gebaude war 2200-1900 v. Chr. in Gebrauch. Die in dieser Schicht gefundene Keramik hat ahnliche Formen und Farben wie die aus Troja und Tarsus bekannte. Das Megaron wurde 1900-1600 v. Chr. wiederaufgebaut und wiederverwendet. Die Architektur der mittleren Bronzezeit in Aphrodosias ist sehr charakteristisch. Sie besteht aus steinernen Sockeln und holzverschnurten Lehmziegeln . Die kleinen Objekte aus den Akropolis-Schichten der fruhen und mittleren Bronzezeit ahneln denen, die an anderen Fundorten in Westanatolien gefunden wurden. Marmorfiguren konnen durch ihren Stil mit Troja, Beycesultan, Kusura, Yortan und Karatas Semayuk in Verbindung gebracht werden. Eine kleine Anzahl von Metallobjekten, darunter flache Bronzeaxte, Meiﬂel, Blattgoldperlen und mit Silber beschnitzte Armbander wurden wahrscheinlich importiert, da sie nicht in groﬂen Mengen vorkommen.",
22,22,Beycesultan,"The tell settlement, approximately 500 x 800 m in size, is one of the largest in western Asia Minor. It is situated 5 km south of the county town of Civril in the district of Denizli. The site was excavated by James Mellaart and Seton Lloyd from 1954-1959. A second excavation campaign began in 2007 under the direction of Esref Abay from Ege University. The hill covers about 4 hectares and is 35 m tall. Mellaart distinguished 40 different cultural layers ranging from the late Chalcolithic to the Byzantine period. Already during the Chalcolithic rectangular rooms with mudbrick walls and stone foundations and benches along the walls were built. Mellaart regarded these as the predecessors of megarons. During the Early Bronze Age I well-protected Megaron-like structures with porticoes in the front and a fireplace in the main hall occurred. The pottery consists of beak-spouted jugs, cups with raised spouts, flasks, tall necked jugs and jars. Next to the large constructions are small temples with offerings and sacred horns. The Early Bronze Age III brought potter's wheel production. The excavators explain this development with the arrival of Luwian people in Beycesultan. Megaron-shaped houses with a central fireplace are the characteristic form of architecture formation for this period. According to the excavators, Beycesultan was one of the main cities in the Arzawa kingdoms of the the Middle Bronze Age. On the eastern side of the tell, layer V revealed a palace that was built in the time of the Assyrian trade colonies (c. 1900 BCE) and has not been completely excavated. It was separated from the lower parts of the town by a wall. The planning and design of the palace has much in common with later Hittite palaces. Entrances were found on the east, the west and a side entrance in the south. The west entrance was the main entrance. Stairs indicate that part of the building had two stories. On some walls traces of color were discovered. Accordingly, the insides of the rooms were painted with pictures much like in Middle Eastern palaces. A fragment of a hieroglyphic seal was found dating to almost 2000 BCE. It is the earliest documentary proof for Indo-European language. The palace eventually burnt down during the 17th century BCE. Mellaart attributed the destruction to the Hittite king Hattusili (reigned 1650 -1620 BCE).","Yaklasik 500 x 800 m boyutlarindaki Hoyuk yerlesimi, Kucuk Asya'nin batisindaki en buyuk yerlesimlerden biridir. Denizli'nin Civril ilcesinin 5 km guneyinde yer almaktadir. Yerlesim 1954-1959 yillari arasinda James Mellaart ve Seton Lloyd tarafindan kazilmistir. Ege Universitesi'nden Esref Abay baskanliginda 2007 yilinda ikinci bir kazi kampanyasi baslatilmistir. Tepe yaklasik 4 hektarlik bir alani kaplamaktadir ve 35 m yuksekligindedir. Mellaart, gec Kalkolitik donemden Bizans donemine kadar uzanan 40 farkli kultur katmani tespit etmistir. Kalkolitik donemde kerpic duvarli dikdortgen odalar, tas temeller ve duvarlar boyunca siralar insa edilmistir. Mellaart bunlari megaronlarin onculleri olarak kabul etmistir. Erken Tunc Cagi I'de iyi korunmus, onunde revaklari ve ana salonunda sominesi olan Megaron benzeri yapilar ortaya cikmistir. Canak comlekler gaga agizli testiler, yukseltilmis agizli fincanlar, mataralar, uzun boyunlu testiler ve kuplerden olusmaktadir. Buyuk yapilarin yaninda adaklarin ve kutsal boynuzlarin bulundugu kucuk tapinaklar vardir. Erken Tunc Cagi III, comlekci carki uretimini getirmistir. Kazibilimciler bu gelismeyi Luvi halkinin Beycesultan'a gelisiyle aciklamaktadir. Megaron bicimli, merkezi somineli evler bu donem icin karakteristik mimari olusum bicimidir. Kazibilimcilere gore Beycesultan, Orta Tunc Cagi'nda Arzawa kralliklarinin ana sehirlerinden biriydi. Tell'in dogu tarafinda, V. tabaka Asur ticaret kolonileri zamaninda (M.O. 1900 civari) insa edilmis ve tamamen kazilmamis bir sarayi ortaya cikarmistir. Sehrin alt kisimlarindan bir duvarla ayrilmistir. Sarayin planlamasi ve tasarimi daha sonraki Hitit saraylariyla buyuk benzerlikler gostermektedir. Girisler doguda, batida ve guneyde bir yan giriste bulunmustur. Bati girisi ana giristi. Merdivenler binanin bir kisminin iki katli oldugunu gostermektedir. Bazi duvarlarda renk izlerine rastlanmistir. Buna gore odalarin ic kisimlari Orta Dogu saraylarinda oldugu gibi resimlerle boyanmistir. Yaklasik M.O. 2000 yilina tarihlenen bir hiyeroglif muhur parcasi bulunmustur. Bu, Hint-Avrupa dilinin en eski belgesel kanitidir. Saray sonunda M.O. 17. yuzyilda yanmistir. Mellaart bu yikimi Hitit krali Hattusili'ye (M.O. 1650-1620 yillari arasinda hukum surmustur) atfetmistir.","Die etwa 500 x 800 m groﬂe Tellsiedlung ist eine der groﬂten im westlichen Kleinasien. Sie befindet sich 5 km sudlich der Kreisstadt Civril im Bezirk Denizli. Die Statte wurde von James Mellaart und Seton Lloyd von 1954-1959 ausgegraben. Eine zweite Ausgrabungskampagne begann im Jahr 2007 unter der Leitung von Esref Abay von der Ege Universitat. Der Hugel umfasst etwa 4 Hektar und ist 35 m hoch. Mellaart unterschied 40 verschiedene Kulturschichten, die vom spaten Chalkolithikum bis zur byzantinischen Periode reichen. Bereits im Chalkolithikum wurden rechteckige Raume mit Lehmziegelwanden und Steinfundamenten und Banken entlang der Wande gebaut. Mellaart betrachtete diese als die Vorlaufer der Megarons. Wahrend der fruhen Bronzezeit I entstanden gut geschutzte Megaron-ahnliche Strukturen mit Saulengangen an der Vorderseite und einer Feuerstelle in der Haupthalle. Die Keramik besteht aus Krugen mit Schnabelausguss, Bechern mit erhohtem Ausguss, Flaschen, Krugen mit hohem Hals und Krugen. Neben den groﬂen Bauten stehen kleine Tempel mit Opfergaben und heiligen Hornern. Die fruhe Bronzezeit III brachte die Herstellung von Topferscheiben. Die Ausgraber erklaren diese Entwicklung mit der Ankunft der Luwier in Beycesultan. Megaron-formige Hauser mit einer zentralen Feuerstelle sind die charakteristische Form der Architekturbildung fur diese Periode. Den Ausgrabern zufolge war Beycesultan eine der wichtigsten Stadte in den Arzawa-Konigreichen der mittleren Bronzezeit. Auf der Ostseite des Tells wurde in der Schicht V ein Palast freigelegt, der in der Zeit der assyrischen Handelskolonien (ca. 1900 v. Chr.) errichtet wurde und noch nicht vollstandig ausgegraben ist. Er war durch eine Mauer von den unteren Teilen der Stadt getrennt. Die Planung und Gestaltung des Palastes hat viel mit spateren hethitischen Palasten gemeinsam. Es wurden Eingange im Osten, im Westen und ein Seiteneingang im Suden gefunden. Der Westeingang war der Haupteingang. Eine Treppe deutet darauf hin, dass ein Teil des Gebaudes zwei Stockwerke hatte. An einigen Wanden wurden Spuren von Farbe entdeckt. Demnach waren die Innenseiten der Raume mit Bildern bemalt, ahnlich wie in den Palasten des Nahen Ostens. Es wurde ein Fragment eines hieroglyphischen Siegels gefunden, das auf fast 2000 v. Chr. datiert wird. Es ist der fruheste dokumentarische Beweis fur die indoeuropaische Sprache. Der Palast brannte schlieﬂlich im 17. Jahrhundert v. Chr. nieder. Mellaart schrieb die Zerstorung dem hethitischen Konig Hattusili (regierte 1650 -1620 v. Chr.) zu.",
23,23,Cine Tepecik Hoyuk ,"Cine Tepecik is located 5 km west of the town Cine in the province of Aydin. The settlement mound lies 600 m east from the present stream course of the Cine creek (Cine Cayi = the ancient river Marsyas) and 3 km southwest of the village Karakollar. Cine Cayi is one of the major tributaries of the Great Meander. This valley forms a strategic link to the Bay of Gokova and its natural ports. The tell is 120 x 40 m wide and about 9 meters high. The site has been excavated by Sevinc Gunel from Hacettepe University in Ankara since 2004. The excavations revealed that the place was continuously inhabited from the Late Neolithic until the Late Bronze Age. A Late Bronze Age settlement was thus far found primarily in the western and southern parts of the hill. The western part of the hill revealed a fortification wall running approximately north-south direction. The wall is 2.20 m wide and has been exposed through excavations along a 55 m section. The fortification wall is interrupted by several square towers, 6.30 x 6.30 m in size, that were placed approximately 20 m. Architectural remains are associated with the fortification wall. One room, 3.50 m x 2.00 in size and labelled Y I by the excavator, appears to have been a depot. Vessels found there consisted predominantly of native Anatolian wares, in particular fine and medium-fine bowls of different types. Some Mycenaean crater fragments were also found. Some of these were imported, other were locally produced. More pottery was found in a store room, labelled Y 2, that was as much as 16.5 m long and 4 m wide. This rooms contained pithoi and a range of typical western Anatolian vessel types. In addition, some Mycenaean vessels were stored in this room. Their typical Late Helladic IIIB/C-decorations help assigning a date to the destruction horizon. The various store rooms also contained metal pieces such as needles and spear tips. In addition to pottery, two seal impressions were found in this area. They belonged to [Tark]asnaya ve Pisurailix or [Tark]asnapiya ve Surailix. According to Suzanne Herbordt, the king Tarkasnawa of the 13th cent. BCE state Mira carried a personal name in the form of tarkasna. The seal has been interpreted as evidence for a direct contact between the Hittite empire and south-western Anatolia.","Cine Tepecik, Aydin iline bagli Cine ilcesinin 5 km batisinda yer almaktadir. Yerlesim hoyugu, Cine Cayi'nin (Cine Cayi = antik Marsyas nehri) bugunku akarsu yatagindan 600 m doguda ve Karakollar koyunun 3 km guneybatisinda yer almaktadir. Cine Cayi, Buyuk Menderes'in en onemli kollarindan biridir. Bu vadi, Gokova Korfezi ve dogal limanlarina stratejik bir baglanti olusturur. Tell 120 x 40 m genisliginde ve yaklasik 9 metre yuksekligindedir. Alan 2004 yilindan beri Ankara Hacettepe Universitesi'nden Sevinc Gunel tarafindan kazilmaktadir. Kazilar, alanin Gec Neolitik Cag'dan Gec Tunc Cagi'na kadar kesintisiz olarak iskan edildigini ortaya koymustur. Gec Tunc Cagi yerlesimi su ana kadar ozellikle tepenin bati ve guney kesimlerinde bulunmustur. Tepenin bati kesiminde yaklasik kuzey-guney yonunde uzanan bir sur duvari ortaya cikarilmistir. Duvar 2,20 m genisligindedir ve 55 m'lik bir bolum boyunca yapilan kazilarla ortaya cikarilmistir. Sur duvari, yaklasik 20 m boyunca yerlestirilmis 6,30 x 6,30 m boyutlarinda birkac kare kule ile kesintiye ugramaktadir. Kazi baskani tarafindan Y I olarak etiketlenen 3.50 m x 2.00 boyutlarindaki bir odanin depo oldugu anlasilmaktadir. Burada bulunan kaplar agirlikli olarak yerli Anadolu mallarindan, ozellikle de farkli tiplerde ince ve orta-ince kaselerden olusmaktadir. Bazi Miken krater parcalari da bulunmustur. Bunlarin bazilari ithal edilmis, bazilari ise yerel uretimdir. Y 2 olarak adlandirilan, 16,5 m uzunlugunda ve 4 m genisliginde bir depo odasinda daha fazla canak comlek bulunmustur. Bu odada kupler ve bir dizi tipik Bati Anadolu kap tipi bulunmustur. Ayrica bazi Miken kaplari da bu odada depolanmistir. Bunlarin tipik Gec Helladik IIIB/C bezemeleri, tahribat horizonuna bir tarih atanmasina yardimci olmaktadir. Cesitli depo odalarinda igneler ve mizrak uclari gibi metal parcalar da bulunmustur. Canak comlege ek olarak, bu alanda iki muhur baskisi bulunmustur. Bunlar [Tark]asnaya ve Pisurailix ya da [Tark]asnapiya ve Surailix'e aittir. Suzanne Herbordt'a gore, M.O. 13. yuzyilda Mira eyaletinin krali Tarkasnawa M.O. Mira eyaletinin krali Tarkasnawa, tarkasna seklinde bir kisisel isim tasiyordu. Muhur, Hitit Imparatorlugu ile guneybati Anadolu arasindaki dogrudan temasin bir kaniti olarak yorumlanmistir.","Cine Tepecik befindet sich 5 km westlich der Stadt Cine in der Provinz Aydin. Der Siedlungshugel liegt 600 m ostlich vom heutigen Flusslauf des Cine Baches (Cine Cayi = der antike Fluss Marsyas) und 3 km sudwestlich des Dorfes Karakollar. Der Cine Cayi ist einer der wichtigsten Nebenflusse des Groﬂen Maanders. Dieses Tal bildet eine strategische Verbindung zur Bucht von Gokova und ihren naturlichen Hafen. Der Tell ist 120 x 40 m breit und etwa 9 Meter hoch. Die Statte wird seit 2004 von Sevinc Gunel von der Hacettepe Universitat in Ankara ausgegraben. Die Ausgrabungen ergaben, dass der Ort vom spaten Neolithikum bis zur spaten Bronzezeit kontinuierlich bewohnt war. Eine spatbronzezeitliche Siedlung wurde bisher vor allem im westlichen und sudlichen Teil des Hugels gefunden. Im westlichen Teil des Hugels wurde eine Befestigungsmauer entdeckt, die ungefahr in Nord-Sud-Richtung verlauft. Die Mauer ist 2,20 m breit und wurde durch Ausgrabungen auf einem 55 m langen Abschnitt freigelegt. Die Festungsmauer wird von mehreren quadratischen Turmen unterbrochen, die 6,30 x 6,30 m groﬂ sind und etwa 20 m entfernt standen. Ein 3,50 m x 2,00 m groﬂer Raum, der vom Ausgraber mit Y I bezeichnet wurde, scheint ein Depot gewesen zu sein. Die dort gefundenen Gefaﬂe bestanden uberwiegend aus einheimischen anatolischen Waren, insbesondere aus feinen und mittelfeinen Schalen verschiedener Typen. Es wurden auch einige mykenische Kraterfragmente gefunden. Einige von ihnen wurden importiert, andere wurden vor Ort hergestellt. Weitere Keramik wurde in einem Lagerraum mit der Bezeichnung Y 2 gefunden, der bis zu 16,5 m lang und 4 m breit war. Dieser Raum enthielt Pithoi und eine Reihe von typisch westanatolischen Gefaﬂtypen. Auﬂerdem wurden in diesem Raum auch einige mykenische Gefaﬂe gelagert. Ihre typischen spathelladischen IIIB/C-Dekorationen helfen, den Zerstorungshorizont zu datieren. Die verschiedenen Lagerraume enthielten auch Metallteile wie Nadeln und Speerspitzen. Neben der Keramik wurden in diesem Bereich auch zwei Siegelabdrucke gefunden. Sie gehorten zu [Tark]asnaya ve Pisurailix oder [Tark]asnapiya ve Surailix. Laut Suzanne Herbordt trug der Konig Tarkasnawa aus dem 13. Jh. v. Chr. einen personlichen Namen in Form von Tarkasna. Das Siegel wurde als Beweis fur einen direkten Kontakt zwischen dem hethitischen Reich und dem sudwestlichen Anatolien interpretiert.",
24,24,Milet,"The famous Classical archaeological site of Milet is located 17 km north of the town of Didim in the district of Aydin. The site has been inhabited at least since the Late Chalcolithic. At that time, the landscape looked quite different, since the sea extended more than 20 km into today's valley of the Meander River. Thus, Milet was isolated and exposed on a promontory that could only be reached by sea or through a winding inland route. The Late Chalcolithic (4500-3000 BCE) is recorded through storage pits. According to the finds, the place appears to have served as a link between the Aegean and the Anatolian spheres already back then. Milet II (3000-1900 BCE) produced the earliest evidence for cult practices at this location. Milet III (from 1900 BCE) exhibits a strong Minoan component. The majority of the pottery, however, continues to be locally made and is characteristic of southwestern Asia Minor. The Anatolian Red Ware from the site resembles the Middle Bronze Age material culture known from Beycesultan. Milet III was destroyed around 1800 BCE. The fourth distinct phase of habitation extended from c. 1700 to 1490/50 BCE. Again, imports of Minoan fine ware occur, but the majority of the undecorated material made of local mica-rich clay. A sanctuary containing an altar made of mudbrick was found in this level. Storerooms contained jars filled with commodities for ritual feasts. Minoan seals and vessels containing Linear A script point towards a Minoan administration system. The former excavator Wolf-Dietrich Niemeier sees a distinct Minoan character in Milet IV. This settlement phase saw two destructions, the first one occurred during the second half of the 17 th cent. BCE and - according to Niemeier - coincided with the eruption of Thera. The second destruction occurred in the form of a conflagration at about the middle of the 15 th cent. BCE (Milet IVb). Milet V (c. 1450-1300 BCE) exhibited a pronounced Mycenaean character. Decorated LH IIIA ware and even undecorated pottery is Mycenaean. Anatolian Red Ware make up only 5% of the total material culture, according to Niemeier. Milet V fell victim to a massive conflagration which might be correlated to the attack of the Hittite Great king Mursili II and his troops. The city that was built after the destruction appears to have been quite extensive. A fortification wall was erected around 1200 BCE, resembling that of Troy VI-VIIa, in an architectural style known from other Anatolian/Hittite places. The architecture of regular buildings as well as the whole material culture appears to have been Mycenaean. Mycenaean cults were practiced: graves reveal typical Mycenaean goods such as pottery, jewellery and weapons. A Luwian inscription on a crater indicates Anatolian influence. Milet VI was destroyed during the early 12 th cent. BCE. However, the people returned to their homes and re-erected them - while leaving the fortification wall collapsed. Wolf-Dietrich Niemeier see no interruption in habitation between the Bronze and the Iron Age.","Milet'in unlu Klasik arkeolojik alani, Aydin'in Didim ilcesinin 17 km kuzeyinde yer almaktadir. Bolgede en azindan Gec Kalkolitik Cag'dan beri yerlesim vardir. O zamanlar manzara oldukca farkli gorunuyordu, cunku deniz bugunku Menderes Nehri vadisine dogru 20 km'den fazla uzaniyordu. Bu nedenle Milet, sadece deniz yoluyla ya da dolambacli bir ic yolla ulasilabilen bir burun uzerinde izole edilmis ve acikta kalmistir. Gec Kalkolitik Cag (MO 4500-3000) depolama cukurlari araciligiyla kaydedilmistir. Buluntulara gore, burasi daha o zamanlar Ege ve Anadolu kureleri arasinda bir baglanti gorevi gormus gibi gorunmektedir. Milet II (MO 3000-1900), buradaki kult uygulamalarina dair en erken kanitlari ortaya koymustur. Milet III (M.O. 1900'den itibaren) guclu bir Minos bileseni sergilemektedir. Ancak canak comleklerin buyuk cogunlugu yerel olarak uretilmeye devam etmektedir ve Kucuk Asya'nin guneybatisinin karakteristik ozelliklerini tasimaktadir. Alanda bulunan Anadolu Kirmizi Mallari, Beycesultan'dan bilinen Orta Tunc Cagi malzeme kulturune benzemektedir. Milet III MO 1800 civarinda tahrip edilmistir. Dorduncu belirgin yerlesim evresi M.O. 1700'den 1490/50'ye kadar uzanmaktadir. Yine Minos ince mallari ithal edilmistir, ancak bezemesiz malzemenin cogunlugu yerel mika bakimindan zengin kilden yapilmistir. Bu katta kerpicten yapilmis bir sunak iceren bir kutsal alan bulunmustur. Depolarda rituel solenler icin kullanilan urunlerle dolu kupler bulunmustur. Minos muhurleri ve Lineer A yazisi iceren kaplar bir Minos yonetim sistemine isaret etmektedir. Eski kazi baskani Wolf-Dietrich Niemeier Milet IV'te belirgin bir Minos karakteri gormektedir. Bu yerlesim asamasi iki yikima sahne olmustur; ilki 17 yilinin ikinci yarisinda gerceklesmistir. th yuzyila tarihlenmektedir. Niemeier'e gore bu olay Thera'nin patlamasiyla ayni zamana denk gelmektedir. Ikinci yikim 15 yilinin ortalarinda bir yangin seklinde meydana gelmistir. th yuzyil. MO (Milet IVb). Milet V (MO 1450-1300 civari) belirgin bir Miken karakteri sergilemistir. Bezemeli LH IIIA mallari ve hatta bezemesiz canak comlekler bile Miken'dir. Niemeier'e gore Anadolu Kirmizi Mallari toplam maddi kulturun sadece %5'ini olusturmaktadir. Milet V, Hitit Buyuk Krali Mursili II ve birliklerinin saldirisiyla iliskilendirilebilecek buyuk bir yangina kurban gitmistir. Yikimdan sonra insa edilen kentin oldukca genis oldugu gorulmektedir. M.O. 1200 civarinda, Troya VI-VIIa'dakine benzeyen ve diger Anadolu/Hitit yerlerinden bilinen bir mimari tarzda bir sur duvari insa edilmistir. Duzenli binalarin mimarisinin yani sira tum maddi kulturun Miken oldugu gorulmektedir. Miken kultleri uygulanmistir: mezarlarda canak comlek, mucevher ve silah gibi tipik Miken esyalari bulunmustur. Bir krater uzerindeki Luvi yaziti Anadolu etkisine isaret etmektedir. Milet VI, 12 yilinin baslarinda yok edildi. th yuzyil. MO. Ancak halk evlerine geri donmus ve onlari yeniden insa etmistir - bu arada sur duvarini yikik halde birakmistir. Wolf-Dietrich Niemeier, Bronz Cagi ile Demir Cagi arasinda yerlesimde herhangi bir kesinti gormemistir.","Die beruhmte klassische archaologische Statte von Milet befindet sich 17 km nordlich der Stadt Didim im Bezirk Aydin. Die Statte ist mindestens seit dem spaten Chalkolithikum bewohnt. Damals sah die Landschaft noch ganz anders aus, denn das Meer erstreckte sich mehr als 20 km in das heutige Tal des Flusses Meander. Milet lag also isoliert und exponiert auf einer Landzunge, die nur auf dem Seeweg oder uber einen gewundenen Weg ins Landesinnere erreicht werden konnte. Das spate Chalkolithikum (4500-3000 v. Chr.) ist durch Vorratsgruben belegt. Den Funden zufolge scheint der Ort schon damals als Verbindung zwischen der Agais und der anatolischen Sphare gedient zu haben. Milet II (3000-1900 v. Chr.) lieferte die fruhesten Belege fur Kultpraktiken an diesem Ort. Milet III (ab 1900 v. Chr.) weist eine starke minoische Komponente auf. Der Groﬂteil der Keramik wird jedoch weiterhin lokal hergestellt und ist charakteristisch fur das sudwestliche Kleinasien. Die anatolische rote Ware aus der Statte ahnelt der aus Beycesultan bekannten materiellen Kultur der mittleren Bronzezeit. Milet III wurde um 1800 v.u.Z. zerstort . Die vierte ausgepragte Besiedlungsphase erstreckte sich von ca. 1700 bis 1490/50 v. Chr. Auch hier gibt es Importe von minoischer Feinkeramik, aber der groﬂte Teil des unverzierten Materials besteht aus lokalem glimmerreichem Ton. In dieser Ebene wurde ein Heiligtum mit einem Altar aus Lehmziegeln gefunden. Lagerraume enthielten Gefaﬂe, die mit Waren fur rituelle Feste gefullt waren. Minoische Siegel und Gefaﬂe mit Linear-A-Schrift deuten auf ein minoisches Verwaltungssystem hin. Der ehemalige Ausgraber Wolf-Dietrich Niemeier sieht in Milet IV einen deutlichen minoischen Charakter. In dieser Siedlungsphase gab es zwei Zerstorungen, die erste fand in der zweiten Halfte des 17 th Jahrhunderts. Jh. v. Chr. und fiel - laut Niemeier - mit dem Ausbruch von Thera zusammen. Die zweite Zerstorung erfolgte in Form einer Feuersbrunst etwa in der Mitte des 15 th Jahrhunderts. BCE (Milet IVb). Milet V (ca. 1450-1300 v. Chr.) weist einen ausgepragten mykenischen Charakter auf. Die verzierte LH IIIA-Ware und sogar undekorierte Keramik ist mykenisch. Anatolische Rote Ware macht laut Niemeier nur 5% der gesamten materiellen Kultur aus. Milet V fiel einer gewaltigen Feuersbrunst zum Opfer, die mit dem Angriff des hethitischen Groﬂkonigs Mursili II. und seiner Truppen in Verbindung gebracht werden konnte. Die Stadt, die nach der Zerstorung errichtet wurde, scheint recht umfangreich gewesen zu sein. Um 1200 v. Chr. wurde eine Festungsmauer errichtet, die der von Troja VI-VIIa ahnelt, in einem architektonischen Stil, den man von anderen anatolischen/hethitischen Orten kennt. Die Architektur der regularen Gebaude wie auch die gesamte materielle Kultur scheinen mykenisch gewesen zu sein. Mykenische Kulte wurden praktiziert: In den Grabern finden sich typische mykenische Gegenstande wie Topferwaren, Schmuck und Waffen. Eine luwische Inschrift auf einem Krater deutet auf anatolischen Einfluss hin. Milet VI wurde im fruhen 12 zerstort. th Jahrhundert. BCE. Die Menschen kehrten jedoch in ihre Hauser zuruck und bauten sie wieder auf - wahrend sie die Festungsmauer einsturzen lieﬂen. Wolf-Dietrich Niemeier sieht keine Unterbrechung der Besiedlung zwischen der Bronze- und der Eisenzeit.",
25,25,"Laodikeia, Asopos Tepesi","Photo; Simsek & Konakci 2013, Fig. 6 Laodikeia lies about 6 km north of the city of Denizli in the valley of the river Lycus (today Curuksu Cayi), a tributary of the meander. Systematic excavations in Laodicea began in 2002 and still continue. Prehistoric remains have been found in the area of the western necropolis and at Asopos Tepesi. Excavations aiming at prehistoric strata began at the Asopos hill in 2006. The hill is a tell about 2.1 ha in size and was divived into two halfs throught he construction of a road in Roman times. A total of seven phases of habitation have been distinguished so far. Middle and Late Bronze Age settlement layer were severly damaged by constructions during Hellenistic and Roman times. A Late Bronze Age pottery kiln was found. Most of the pottery is painted Anatolian Ware with goldwash. Most forms are thin-walled and flattened bead-rim bowls and beak-shaped jugs and kantharos fragments.","Fotograf; Simsek & Konakci 2013, Fig. 6 Laodikeia, Denizli sehrinin yaklasik 6 km kuzeyinde, Menderes Nehri'nin bir kolu olan Lykus (bugun Curuksu Cayi) vadisinde yer almaktadir. Laodikya'daki sistematik kazilar 2002 yilinda baslamis ve halen devam etmektedir. Bati nekropol alaninda ve Asopos Tepesi'nde prehistorik kalintilar bulunmustur. Prehistorik tabakalara yonelik kazilar 2006 yilinda Asopos tepesinde baslamistir. Yaklasik 2,1 hektar buyuklugunde olan tepe, Roma doneminde bir yol insa edilerek ikiye bolunmustur. Simdiye kadar toplam yedi yerlesim evresi tespit edilmistir. Orta ve Gec Tunc Cagi yerlesim tabakasi Helenistik ve Roma donemlerindeki insaatlar nedeniyle ciddi sekilde tahrip olmustur. Bir Gec Tunc Cagi canak comlek firini bulunmustur. Canak comleklerin cogu altin astarli boyali Anadolu Mallaridir. Formlarin cogu ince cidarli ve duzlestirilmis boncuk agizli kaseler ve gaga bicimli testiler ve kantharos parcalaridir.","Foto; Simsek & Konakci 2013, Abb. 6 Laodikeia liegt etwa 6 km nordlich der Stadt Denizli im Tal des Flusses Lycus (heute Curuksu Cayi), eines Nebenflusses des Maanders. Systematische Ausgrabungen in Laodicea begannen im Jahr 2002 und dauern noch an. Prahistorische Uberreste wurden im Bereich der westlichen Nekropole und in Asopos Tepesi gefunden. Ausgrabungen, die auf prahistorische Schichten abzielen, begannen 2006 auf dem Asopos-Hugel. Der Hugel ist etwa 2,1 ha groﬂ und wurde in der Romerzeit durch den Bau einer Straﬂe in zwei Halften geteilt. Insgesamt wurden bisher sieben Phasen der Besiedlung unterschieden. Die mittel- und spatbronzezeitlichen Siedlungsschichten wurden durch Bauten in hellenistischer und romischer Zeit stark beschadigt. Es wurde ein spatbronzezeitlicher Topferofen gefunden. Die meisten der Topferwaren sind bemalte anatolische Ware mit Goldwaschung. Bei den meisten Formen handelt es sich um dunnwandige und abgeflachte Schalen mit Wulstrand, schnabelformige Kruge und Kantharos-Fragmente.",
26,26,Stratonikeia,"The ancient city is located in Mugla province, 7 km west of the district town of Yatagan. The spring of the ancient Marsyas River (Cine Cayi) is located near the ancient city. Excavations were carried out by Yusuf Boysal in the 1980s and 1990s. Further excavations were carried out by M. Cetin Sahin between 2003 and 2008. Since 2008, excavations have continued under the direction of Prof. Dr. Bilal Sogut.","Antik kent, Mugla ili Yatagan ilcesinin 7 km batisinda yer almaktadir. Antik Marsyas Nehri'nin (Cine Cayi) kaynagi antik kentin yakininda yer almaktadir. Kazilar 1980'li ve 1990'li yillarda Yusuf Boysal tarafindan gerceklestirilmistir. Daha sonraki kazilar 2003-2008 yillari arasinda M. Cetin Sahin tarafindan yurutulmustur. Dr. Bilal Sogut baskanliginda 2008 yilindan bu yana devam etmektedir.","Die antike Stadt befindet sich in der Provinz Mugla, 7 km westlich der Kreisstadt Yatagan. Die Quelle des antiken Flusses Marsyas (Cine Cayi) befindet sich in der Nahe der antiken Stadt. Die Ausgrabungen wurden in den 1980er und 1990er Jahren von Yusuf Boysal durchgefuhrt. Weitere Ausgrabungen wurden zwischen 2003 und 2008 von M. Cetin Sahin durchgefuhrt. Seit 2008 werden die Ausgrabungen unter der Leitung von Prof. Dr. Bilal Sogut fortgesetzt.",
27,27,Pergamon,"The famous ancient city of Bergama is located about 75 km due north of Izmir on the northern side oft he fertile Hermos fllodplain. The Hellenistic and Roman city has been excvavated with interruptions since 1878. During the excavation campaign 1987-1991, a 70 m-long section of a Late Bronze Age defensive wall was found on the south slope of the Acropolis, north of the temple of Hera. The varied in thickness between about 2 m and over 3 meters. Bronze Age pottery was found in the vicinity of the wall. This has been studied by Dieter Hertel. Accordingly, the first building phase of the wall dates back to the Middle Bronze Age (probably 2000 and 1500/1400 BCE). Bronze Age pottery was also found in the Trajan sanctuary. Anatolian Gray and Red Ware are the most common types of Bronze Age pottery found on the acropolis. The outline oft he settlement during the 2nd mill. BCE remains unclear. According to Dieter Hertel Acropolis, the acropolis was well populated and may have exceeded the citadel of Troy VI in size. All the pottery was procued locally. Original or imitated Mycenaean vessels were not found in Pergamon. Diether Hertel, ´Das Vorklassische Pergamon und sein Siedlungsprofilª, Istanbuler Mitteilungen 61, 2011, 83: ÑDie nach Radt und den Grabungsunterlagen die altertumliche Wehrmauer von Pergamon, die sog. Mauer 1, datierende Kontexte haben Mittel-/spatbronzezeitliche Scherben und Gefaﬂe geliefert, wie der Vergleich mit Keramik von verschiedenen Fundorten des 2. Jhs. v. Chr., dabei besonders mit der 1999 und 2000 publizierten von Panaztepe und Alt-Smyrna, belegt. Dieser Sachverhalt und die besondere Mauertechnik weisen darauf hin, dass Pergamon schon in der mittleren/spaten Bronzezeit eine befestigte Siedlung von betrachtlicher Groﬂe und der Zentralort wenigstens des mittleren Kaikostales gewesen sein durfte (sie hat anscheinend die Akropolis und den Sudabhang der Burg umfasst).""","Unlu Bergama antik kenti, Izmir'in yaklasik 75 km kuzeyinde, verimli Hermos ovasinin kuzey tarafinda yer almaktadir. Helenistik ve Roma donemi kenti 1878'den beri araliklarla kazilmaktadir. 1987-1991 kazi kampanyasi sirasinda, Akropolis'in guney yamacinda, Hera tapinaginin kuzeyinde Gec Tunc Cagi'na ait bir savunma duvarinin 70 m uzunlugunda bir bolumu bulunmustur. Kalinligi yaklasik 2 metre ile 3 metre arasinda degismektedir. Duvarin cevresinde Tunc Cagi canak comlekleri bulunmustur. Bu, Dieter Hertel tarafindan incelenmistir. Buna gore, duvarin ilk insa asamasi Orta Tunc Cagi'na (muhtemelen MO 2000 ve 1500/1400) tarihlenmektedir. Trajan kutsal alaninda da Tunc Cagi canak comlegi bulunmustur. Anadolu Gri ve Kirmizi Mallari akropolde bulunan en yaygin Tunc Cagi canak comlek turleridir. M.O. 2. binyildaki yerlesimin ana hatlari. MO 2. binyildaki yerlesimin ana hatlari belirsizligini korumaktadir. Dieter Hertel Akropolis'e gore, akropolis iyi bir nufusa sahipti ve buyukluk olarak Troya VI kalesini asmis olabilir. Tum canak comlekler yerel olarak temin edilmistir. Pergamon'da orijinal ya da taklit Miken kaplarina rastlanmamistir. Diether Hertel, ""Das Vorklassische Pergamon und sein Siedlungsprofil"", Istanbuler Mitteilungen 61, 2011, 83: ""Die nach Radt und den Grabungsunterlagen die altertumliche Wehrmauer von Pergamon, die sog. Mauer 1, datierende Kontexte haben Mittel-/spatbronzezeitliche Scherben und Gefaﬂe geliefert, wie der Vergleich mit Keramik von verschiedenen Fundorten des 2. Ozellikle 1999 ve 2000 yillarinda yayinlanan Panaztepe ve Alt-Smyrna Keramikleri ile karsilastirildiginda. Dieser Sachverhalt und die besondere Mauertechnik weisen darauf hin, dass Pergamon schon in der mittleren/spaten Bronzezeit eine befestigte Siedlung von betrachtlicher Groﬂe und der Zentralort wenigstens des mittleren Kaikostales gewesen sein durfte (sie hat anscheinend die Akropolis und den Sudabhang der Burg umfasst).""","Die beruhmte antike Stadt Bergama liegt etwa 75 km nordlich von Izmir an der Nordseite der fruchtbaren Hermos-Ebene. Die hellenistische und romische Stadt wird seit 1878 mit Unterbrechungen ausgegraben. Wahrend der Ausgrabungskampagne 1987-1991 wurde am Sudhang der Akropolis, nordlich des Hera-Tempels, ein 70 m langes Stuck einer spatbronzezeitlichen Verteidigungsmauer gefunden. Die Dicke der Mauer variierte zwischen etwa 2 m und uber 3 m. In der Nahe der Mauer wurde bronzezeitliche Keramik gefunden. Diese wurde von Dieter Hertel untersucht. Demnach stammt die erste Bauphase der Mauer aus der mittleren Bronzezeit (wahrscheinlich 2000 und 1500/1400 v. Chr.). Im Trajan-Heiligtum wurde auch Keramik aus der Bronzezeit gefunden. Anatolische Graue und Rote Ware sind die haufigsten Arten von bronzezeitlicher Keramik, die auf der Akropolis gefunden wurden. Die Umrisse der Siedlung wahrend des 2. BCE bleibt unklar. Laut Dieter Hertel Akropolis war die Akropolis gut besiedelt und konnte die Groﬂe der Zitadelle von Troja VI ubertroffen haben. Alle Topferwaren wurden vor Ort beschafft. Originale oder nachgeahmte mykenische Gefaﬂe wurden in Pergamon nicht gefunden. Diether Hertel, ""Das Vorklassische Pergamon und sein Siedlungsprofil"", Istanbuler Mitteilungen 61, 2011, 83: ""Die nach Radt und den Grabungsunterlagen die altertumliche Wehrmauer von Pergamon, die sog. Mauer 1, datierende Kontexte haben mittel-/spatbronzezeitliche Scherben und Gefaﬂe geliefert, wie der Vergleich mit Keramik von verschiedenen Fundorten des 2. Jhs. v. Chr., dabei besonders mit der 1999 und 2000 publizierten von Panaztepe und Alt-Smyrna, belegt. Dieser Sachverhalt und die besondere Mauertechnik weisen darauf hin, dass Pergamon schon in der mittleren/spaten Bronzezeit eine befestigte Siedlung von betrachtlicher Groﬂe und der Zentralort wenigstens des mittleren Kaikostales gewesen sein durfte (sie hat anscheinend die Akropolis und den Sudabhang der Burg umfasst).""",
28,28,Pitane-Candarli,"The ancient city of Pitane is located in the Gulf of Candarli, at 60 km linear distance north of Izmir. Major parts of the prehistoric and ancient settlement, including its necropolis, lie within the modern city of Candarli. Already in 1883, excavations were conducted in the necropolis at Kocabaglar. At the time, the excavation director was Demosthenes Baltazzi, who worked on behalf of Hamdi Bey, the former director of the Archaeological Museum of Istanbul. Some of the finds were later published by Siegfried Loeschke. Ekrem Akurgal directed excavations in parts of the ancient city from 1960-1965. During the 1990ies, the Museum of Izmir conducted emergency excavations. The early Bronze Age is represented by monochrome ceramic specimens. Kurt Bittel attributed these finds to the Yortan Culture. A pithos grave contained some Mycenaean vessels. The necropolis predominantly produced finds dating to the Archaic and Classical/Hellenistic and Roman periods.","Pitane Antik Kenti, Izmir'in 60 km kuzeyinde, Candarli Korfezi'nde yer almaktadir. Nekropolu de dahil olmak uzere tarih oncesi ve antik yerlesimin buyuk bir kismi modern Candarli kenti icinde yer almaktadir. Daha 1883 yilinda Kocabaglar'daki nekropolde kazilar yapilmaya baslandi. O donemde kazi baskani, Istanbul Arkeoloji Muzesi'nin eski muduru Hamdi Bey adina calisan Demosthenes Baltazzi'ydi. Buluntulardan bazilari daha sonra Siegfried Loeschke tarafindan yayimlanmistir. Ekrem Akurgal 1960-1965 yillari arasinda antik kentin bazi bolumlerindeki kazilari yonetmistir. 1990'li yillarda Izmir Muzesi acil kazilar yurutmustur. Erken Tunc Cagi, tek renkli seramik ornekleriyle temsil edilmektedir. Kurt Bittel bu buluntulari Yortan Kulturu'ne atfetmistir. Bir pithos mezarda bazi Miken kaplari bulunmustur. Nekropolde agirlikli olarak Arkaik, Klasik/Helenistik ve Roma donemlerine ait buluntular ele gecmistir.","Die antike Stadt Pitane befindet sich im Golf von Candarli, 60 km Luftlinie nordlich von Izmir. Groﬂe Teile der prahistorischen und antiken Siedlung, einschlieﬂlich der Nekropole, liegen auf dem Gebiet der modernen Stadt Candarli. Bereits im Jahr 1883 wurden Ausgrabungen in der Nekropole von Kocabaglar durchgefuhrt. Der Leiter der Ausgrabungen war damals Demosthenes Baltazzi, der im Auftrag von Hamdi Bey, dem ehemaligen Direktor des Archaologischen Museums von Istanbul, arbeitete. Einige der Funde wurden spater von Siegfried Loeschke veroffentlicht. Ekrem Akurgal leitete von 1960-1965 Ausgrabungen in Teilen der antiken Stadt. In den 1990er Jahren fuhrte das Museum von Izmir Notgrabungen durch. Die fruhe Bronzezeit ist durch monochrome Keramikfunde vertreten. Kurt Bittel ordnete diese Funde der Yortan-Kultur zu. Ein Pithos-Grab enthielt einige mykenische Gefaﬂe. In der Nekropole wurden vor allem Funde aus der archaischen, klassischen/hellenistischen und romischen Zeit gefunden.",
29,29,Iasos,"The ancient city of Iasos is located on the Gulf of Gulluk in the province of Mugla. The modern village is today called Kiyikislacik. Part of the Hellenistic-Roman city was excavated under the direction of Doro Levi (1960-1972), Clelia Laviosa (1972-1984) and Fede Berti (1984-2011). Since 2015, Asuman Baldiran is director of the excavations. Iasos was inhabited from the Early Bronze Age until the Byzantine period. Numerous ceramics of Minoan style and Minoan weights, as well as other findings indicate close relations with Crete. Fede Berti asks whether these indicated trade relations or a direct colonization. From about 1500 BCE up until 1200 BCE, the influence is predominatly Mycenaean.","Iasos antik kenti Mugla ilinde Gulluk Korfezi uzerinde yer almaktadir. Modern koy bugun Kiyikislacik olarak adlandirilmaktadir. Helenistik-Roma donemine ait kentin bir bolumu Doro Levi (1960-1972), Clelia Laviosa (1972-1984) ve Fede Berti (1984-2011) baskanliginda kazilmistir. 2015 yilindan bu yana kazilarin baskanligini Asuman Baldiran yurutmektedir. Iasos, Erken Tunc Cagi'ndan Bizans donemine kadar iskan gormustur. Minos tarzi cok sayida seramik ve Minos agirliklari ile diger bulgular Girit ile yakin iliskilere isaret etmektedir. Fede Berti bunlarin ticari iliskilere mi yoksa dogrudan bir kolonizasyona mi isaret ettigini sormaktadir. Yaklasik M.O. 1500'den M.O. 1200'e kadar agirlikli olarak Miken etkisi gorulmektedir.","Die antike Stadt Iasos befindet sich am Golf von Gulluk in der Provinz Mugla. Der moderne Ort heiﬂt heute Kiyikislacik. Ein Teil der hellenistisch-romischen Stadt wurde unter der Leitung von Doro Levi (1960-1972), Clelia Laviosa (1972-1984) und Fede Berti (1984-2011) ausgegraben. Seit 2015 ist Asuman Baldiran Leiter der Ausgrabungen. Iasos war von der fruhen Bronzezeit bis zur byzantinischen Periode bewohnt. Zahlreiche Keramiken im minoischen Stil und minoische Gewichte sowie andere Funde weisen auf enge Beziehungen zu Kreta hin. Fede Berti fragt, ob dies auf Handelsbeziehungen oder eine direkte Kolonisierung hinweist. Von etwa 1500 v. Chr. bis 1200 v. Chr. uberwiegt der mykenische Einfluss.",
30,30,Adramytteion,,,,
31,31,Patara,"The ancient settlement is located near the village of Gelemis in the district town of Kas in the province of Antalya. The city has been excavated since 1988. During the excavations, an idol and a stone axe were found in the village of Tepecik, indicating the presence of an Early Bronze Age settlement in Patara. However, no Late Bronze Age settlement has been found so far.","Antik yerlesim Antalya ilinin Kas ilcesine bagli Gelemis koyu yakinlarinda yer almaktadir. Kent 1988 yilindan beri kazilmaktadir. Kazilar sirasinda Tepecik koyunde bir idol ve bir tas balta bulunmus, bu da Patara'da bir Erken Tunc Cagi yerlesiminin varligina isaret etmistir. Ancak su ana kadar herhangi bir Gec Tunc Cagi yerlesimine rastlanmamistir.","Die antike Siedlung befindet sich in der Nahe des Dorfes Gelemis in der Kreisstadt Kas in der Provinz Antalya. Die Stadt wird seit 1988 ausgegraben. Bei den Ausgrabungen wurden im Dorf Tepecik ein Gotzenbild und eine Steinaxt gefunden, die auf eine fruhbronzezeitliche Siedlung in Patara hindeuten. Eine Siedlung aus der Spatbronzezeit wurde jedoch bisher nicht gefunden.",
32,32,Xanthos,"The ancient settlement is located near the village of Kinik in the district town of Kas in Antalya. The city has been excavated for many years by an archaeological team from France. Although according to the excavations the earliest remains of the city date back to the 8th century B.C., the name of the city is also mentioned in the inscription of Yalburt in the 13th century B.C. among the cities of the Lukka lands conquered by Tudhaliya IV.","Antik yerlesim Antalya'nin Kas ilcesine bagli Kinik koyu yakinlarinda yer almaktadir. Kent, Fransa'dan gelen bir arkeoloji ekibi tarafindan uzun yillardir kazilmaktadir. Kazilara gore kentin en eski kalintilari M.O. 8. yuzyila kadar uzanmakla birlikte, kentin adi M.O. 13. yuzyilda Yalburt yazitinda Tudhaliya IV tarafindan fethedilen Lukka topraklarinin kentleri arasinda da gecmektedir.","Die antike Siedlung befindet sich in der Nahe des Dorfes Kinik in der Kreisstadt Kas in Antalya. Die Stadt wird seit vielen Jahren von einem archaologischen Team aus Frankreich ausgegraben. Obwohl den Ausgrabungen zufolge die fruhesten Uberreste der Stadt auf das 8. Jahrhundert v. Chr. zuruckgehen, wird der Name der Stadt auch in der Inschrift von Yalburt im 13. Jahrhundert v. Chr. unter den von Tudhaliya IV. eroberten Stadten der Lukka-Lander erwahnt.",
33,33,Apaisos (Wilusa),,,,
34,34,Kuwaliya ,,,,
35,35,Awarna ,,,,
36,36,Caltilar Hoyuk,The tell settlement is located on the south side of the village of Caltilar in the district town of Fethiye in Mugla. The settlement is approximately 3 hectares in size and 12 meters high. It was investigated and published between 2008 and 2012 by an archaeological team led by Nicoletta Momigliano.,"Hoyuk yerlesimi, Mugla'nin Fethiye ilcesine bagli Caltilar koyunun guney tarafinda yer almaktadir. Yerlesim yaklasik 3 hektar buyuklugunde ve 12 metre yuksekligindedir. Nicoletta Momigliano baskanligindaki bir arkeoloji ekibi tarafindan 2008-2012 yillari arasinda incelenmis ve yayinlanmistir.",Die Tellsiedlung befindet sich an der Sudseite des Dorfes Caltilar in der Kreisstadt Fethiye in Mugla. Die Siedlung ist etwa 3 Hektar groﬂ und 12 Meter hoch. Sie wurde zwischen 2008 und 2012 von einem archaologischen Team unter der Leitung von Nicoletta Momigliano untersucht und veroffentlicht.,
37,37,Hanay Tepe (Bozkoy),"The tell lies between the villages of Bozkoy and Mecidiye in the district of the town Ezine. It is located 1.5 km east of Bozkoy. So far, no excavations have been made. The tell has a diameter of 110 m and is approximately 11-12 m high. Surface finds indicate that the settlement was continuously inhabited from the late Chalcolithic until the end of the Late Bronze Age. Late Bronze Age fine ceramics is wheel-made, very fine to medium fine with a high internal hardness. In total, the amount of wheel-made pottery (fine and coarse) far exceeds that of hand-made pottery. The coarse ware pottery is usually moderately fired and exhibits a granular structure in fractures. Vessel shapes date mostly to the early and middle part of the Troy VI/VIIa.","Ezine ilcesine bagli Bozkoy ve Mecidiye koyleri arasinda yer almaktadir. Bozkoy'un 1,5 km dogusunda yer almaktadir. Simdiye kadar herhangi bir kazi yapilmamistir. Tell 110 m capinda ve yaklasik 11-12 m yuksekligindedir. Yuzey buluntulari, yerlesimin Gec Kalkolitik Cag'dan Gec Tunc Cagi'nin sonuna kadar kesintisiz olarak iskan edildigini gostermektedir. Gec Tunc Cagi ince seramikleri cark yapimi, cok ince ila orta incelikte ve yuksek ic sertliktedir. Toplamda, cark yapimi canak comlek miktari (ince ve kaba) el yapimi canak comlek miktarindan cok daha fazladir. Kaba mal canak comlek genellikle orta derecede pisirilir ve kiriklarda taneli bir yapi sergiler. Kap bicimleri cogunlukla Troya VI/VIIa'nin erken ve orta donemlerine tarihlenmektedir.","Der Tell liegt zwischen den Dorfern Bozkoy und Mecidiye im Bezirk der Stadt Ezine. Er befindet sich 1,5 km ostlich von Bozkoy. Bisher wurden noch keine Ausgrabungen vorgenommen. Der Tell hat einen Durchmesser von 110 m und ist etwa 11-12 m hoch. Oberflachenfunde deuten darauf hin, dass die Siedlung vom spaten Chalkolithikum bis zum Ende der spaten Bronzezeit kontinuierlich bewohnt war. Die spatbronzezeitliche Feinkeramik ist radgeformt, sehr fein bis mittelfein mit einer hohen inneren Harte. Insgesamt ubersteigt die Menge der auf der Topferscheibe hergestellten Keramik (fein und grob) bei weitem die der handgefertigten Topferware. Die Grobkeramik ist in der Regel maﬂig gebrannt und weist eine kornige Struktur in den Bruchen auf. Die Gefaﬂformen datieren meist in den fruhen und mittleren Teil der Troja VI/VIIa.",
38,38,Larisa (Limantepe),"The settlement is located right on the beach west of the village Babadere in the district of Ayvacik. So far, no excavations have been conducted. The Classical settlement of Larissa was identified in 1859 by Frank Calvert. He recognized building foundations on the summit of Limantepe. Today, these remains have disappeared. According to Calvert, the settlement was rather small in size and thus did not extend beyond the hill top which occupies 320◊350 m. During surface surveys Ayse Gul Akalin found Early Bronze Age pottery (Troy I-V). She concludes that the place was inhabited during the Late Bronze Age, from 1700-1250 BCE. Very few finds date to after 1250 BCE.","Yerlesim, Ayvacik ilcesine bagli Babadere koyunun batisinda, sahilde yer almaktadir. Simdiye kadar herhangi bir kazi yapilmamistir. Larissa'nin klasik yerlesimi 1859 yilinda Frank Calvert tarafindan tespit edilmistir. Limantepe'nin zirvesinde bina temellerini fark etmistir. Bugun bu kalintilar yok olmustur. Calvert'e gore yerlesim oldukca kucuk boyutlardaydi ve bu nedenle 320◊350 m'lik tepenin disina tasmiyordu. Ayse Gul Akalin yuzey arastirmalari sirasinda Erken Tunc Cagi canak comlekleri (Troya I-V) bulmustur. Buranin Gec Tunc Cagi'nda, MO 1700-1250 yillari arasinda iskan edildigi sonucuna varmistir. MO 1250'den sonraya tarihlenen cok az buluntu vardir.","Die Siedlung befindet sich direkt am Strand westlich des Dorfes Babadere im Bezirk Ayvacik. Bisher wurden noch keine Ausgrabungen durchgefuhrt. Die klassische Siedlung von Larissa wurde 1859 von Frank Calvert identifiziert. Er erkannte Gebaudefundamente auf dem Gipfel des Limantepe. Heute sind diese Uberreste verschwunden. Calvert zufolge war die Siedlung eher klein und reichte daher nicht uber die 320◊350 m groﬂe Hugelspitze hinaus. Bei Oberflachenuntersuchungen fand Ayse Gul Akalin Keramik aus der fruhen Bronzezeit (Troja I-V). Sie kommt zu dem Schluss, dass der Ort wahrend der spaten Bronzezeit, von 1700-1250 v. Chr., bewohnt war. Nur sehr wenige Funde stammen aus der Zeit nach 1250 v. Chr.",
39,39,"Cal Dag, Kebren ","The settlement is located between the villages Calkoy and Akpinar Koyu in the district of Bayramic. Two hilltops, Cal Dag in the north and Fugla Dag in the south, are connected by a long wall thus forming the acropolis of the ancient settlement Kebren. Architectural remains date to habitation since the 5 th century BCE. In Hellenistic times the city minted coins. J. M. Cook visited the site in 1966 and found some Troy VI pottery. Homer says in the Iliad that an illegitimate son of Priam was resident there.","Yerlesim Bayramic ilcesine bagli Calkoy ve Akpinar Koyu arasinda yer almaktadir. Kuzeyde Cal Dag ve guneyde Fugla Dag olmak uzere iki tepe, uzun bir duvarla birbirine baglanarak antik Kebren yerlesiminin akropolunu olusturmaktadir. Mimari kalintilar 5'den bu yana yerlesime tarihlenmektedir. th M.O. yuzyil. Helenistik donemde kent sikke basmistir. J. M. Cook 1966 yilinda bolgeyi ziyaret etmis ve bazi Troya VI canak comlekleri bulmustur. Homeros der ki Ilyada Priam'in gayrimesru bir oglunun orada yasadigini soyledi.","Die Siedlung befindet sich zwischen den Dorfern Calkoy und Akpinar Koyu im Bezirk Bayramic. Zwei Hugelkuppen, Cal Dag im Norden und Fugla Dag im Suden, sind durch eine lange Mauer verbunden und bilden die Akropolis der antiken Siedlung Kebren. Die architektonischen Uberreste zeugen von einer Besiedlung seit dem 5 th Jahrhundert vor Christus. In hellenistischer Zeit pragte die Stadt Munzen. J. M. Cook besuchte die Statte 1966 und fand einige Troja VI-Keramik. Homer sagt in der Ilias dass ein unehelicher Sohn von Priamos dort lebte.",
40,40,Kilcanlar Hoyuk ,"The settlement is located north of Lake Marmara (Gygaean Lake), about 250 m west of the village Kilcanlar. According to Christopher H. Roosevelt, the settlement is 325 x 175 meters large and 11 meters tall. The pottery indicates continuous habitation from the Early Bronze Age to the Byzantine period. Early Bronze Age ceramics closely resemble Troy II. Shapes and decorations of Late Bronze Age pottery and Lydian ceramics (Gray Ware, Black-on-Red, Bichrome, Streaky-glaze, Whiteground) are very similar to those known from Sardis. The biggest amount of ceramic types in Kilcanlar dates to the Early Iron Age (Lydian periods) and Byzantine periods. No excavations have been conducted so far. All available information is based on surface Surveys.","Yerlesim, Marmara Golu'nun (Gygaean Golu) kuzeyinde, Kilcanlar koyunun yaklasik 250 m batisinda yer almaktadir. Christopher H. Roosevelt'e gore yerlesim 325 x 175 metre genisliginde ve 11 metre yuksekligindedir. Canak comlek, Erken Tunc Cagi'ndan Bizans donemine kadar kesintisiz yerlesime isaret etmektedir. Erken Tunc Cagi seramikleri, Erken Tunc Cagi Troya II. Gec Tunc Cagi seramikleri ve Lidya seramiklerinin (Gri Mal, Kirmizi Uzerine Siyah, Bikrom, Cizgili Sir, Beyaz Zemin) bicim ve bezemeleri Sardeis'ten bilinenlere cok benzemektedir. Kilcanlar'da en fazla seramik turu Erken Demir Cagi (Lidya donemleri) ve Bizans donemlerine tarihlenmektedir. Simdiye kadar herhangi bir kazi yapilmamistir. Mevcut tum bilgiler yuzey arastirmalarina dayanmaktadir.","Die Siedlung befindet sich nordlich des Marmara-Sees (Gygaean-See), etwa 250 m westlich des Dorfes Kilcanlar. Nach Angaben von Christopher H. Roosevelt ist die Siedlung 325 x 175 Meter groﬂ und 11 Meter hoch. Die Keramik weist auf eine kontinuierliche Besiedlung von der fruhen Bronzezeit bis zur byzantinischen Zeit hin. Die Keramik aus der fruhen Bronzezeit ahnelt sehr stark Troja II. Die Formen und Verzierungen der spatbronzezeitlichen Keramik und der lydischen Keramik (Gray Ware, Black-on-Red, Bichrome, Streaky-glaze, Whiteground) sind denen aus Sardis sehr ahnlich. Die meisten Keramiktypen in Kilcanlar stammen aus der fruhen Eisenzeit (lydische Periode) und der byzantinischen Periode. Bisher wurden noch keine Ausgrabungen durchgefuhrt. Alle verfugbaren Informationen beruhen auf Oberflachenuntersuchungen.",
41,41,Kolossai (Honaz) Hoyuk ,"Kolossai was in ancient times a substantial city on the border between Phrygia and Caria. The tell, now called Honaz Hoyuk, is located 3 km north of the town Honaz (Chonai) and 20 km east of Denizli in the fertile Lycus valley south of the Meander. The tell is 280 x 330 m (>9 ha) in size and 30 m high. According to Bahadir Duman and Erim Konakci the Hoyuk was even more than 12 ha in size. The Museum of Denizli has excavated three Hellenistic grave mound in the city's necropolis. No other excavations have been made so far. Surface finds indicate uninterrupted habitation from the Late Chalcolithic to Byzantine period. Middle and Late Bronze Age ceramic exhibit red, brown and light brown colors.","Kolossai antik cagda Frigya ve Karya arasindaki sinirda onemli bir kentti. Gunumuzde Honaz Hoyuk olarak adlandirilan anlati, Honaz (Chonai) kasabasinin 3 km kuzeyinde ve Denizli'nin 20 km dogusunda, Menderes'in guneyindeki verimli Lycus vadisinde yer almaktadir. Anlati 280 x 330 m (>9 hektar) boyutlarinda ve 30 m yuksekligindedir. Bahadir Duman ve Erim Konakci'ya gore Hoyuk 12 hektardan daha buyuktu. Denizli Muzesi, kentin nekropolunde uc Helenistik mezar hoyugu kazmistir. Simdiye kadar baska bir kazi yapilmamistir. Yuzey buluntulari Gec Kalkolitik'ten Bizans donemine kadar kesintisiz bir yerlesime isaret etmektedir. Orta ve Gec Tunc Cagi seramikleri kirmizi, kahverengi ve acik kahverengi renkler sergilemektedir.","Kolossai war in der Antike eine bedeutende Stadt an der Grenze zwischen Phrygien und Karien. Der Tell, der heute Honaz Hoyuk heiﬂt, liegt 3 km nordlich der Stadt Honaz (Chonai) und 20 km ostlich von Denizli im fruchtbaren Lycus-Tal sudlich des Maanders. Der Tell ist 280 x 330 m (>9 ha) groﬂ und 30 m hoch. Laut Bahadir Duman und Erim Konakci war der Hoyuk sogar mehr als 12 ha groﬂ. Das Museum von Denizli hat drei hellenistische Grabhugel in der Nekropole der Stadt ausgegraben. Weitere Ausgrabungen wurden bisher nicht durchgefuhrt. Oberflachenfunde deuten auf eine ununterbrochene Besiedlung von der spatchalkolithischen bis zur byzantinischen Periode hin. Die Keramik aus der mittleren und spaten Bronzezeit weist rote, braune und hellbraune Farben auf.",
42,42,Yassi Hoyuk ,"The tell is located near the entrance to the village Yassihoyuk, 13.2 km south of Civril in the province of Denizli. The modern road to and from Civril passes by right at the tell. Some of the fromer settlement suffered from the road construction. So far, no excavations have been made. Surface finds indicates that the Hoyuk was inhabited continuously from the late Chalcolithic until the Islamic period. During the Early Bronze Age II period it may have settlement covered as much as 30 hectares.","Tell, Denizli ilinde Civril'in 13,2 km guneyinde, Yassihoyuk koyunun girisinin yakininda yer almaktadir. Civril'e giden ve Civril'den gelen modern yol anlatinin hemen yanindan gecmektedir. Yerlesimin bir kismi yol insaatindan zarar gormustur. Simdiye kadar herhangi bir kazi yapilmamistir. Yuzey buluntulari, Hoyuk'un Gec Kalkolitik Donem'den Islami Donem'e kadar kesintisiz olarak iskan edildigini gostermektedir. Erken Tunc Cagi II doneminde 30 hektarlik bir alani kaplayan bir yerlesime sahip olabilir.","Der Tell befindet sich in der Nahe des Eingangs zum Dorf Yassihoyuk, 13,2 km sudlich von Civril in der Provinz Denizli. Die moderne Straﬂe von und nach Civril fuhrt direkt an dem Tell vorbei. Ein Teil der ehemaligen Siedlung hat unter dem Straﬂenbau gelitten. Bisher wurden noch keine Ausgrabungen vorgenommen. Oberflachenfunde deuten darauf hin, dass Hoyuk vom spaten Chalkolithikum bis zur islamischen Periode durchgehend bewohnt war. Wahrend der fruhen Bronzezeit II konnte die Siedlung bis zu 30 Hektar groﬂ gewesen sein.",
43,43,Atarneus,"Atarneus is located opposite the island of Lesbos, 2.5 km northeast of the the modern town of Dikili. The fortified Hellenistic settlement is situated on a natural hill. So far, no excavations have been conducted. According tot he surface finds, the earliest settlement dates to the 2nd millennium BCE. Numerous handmade, mostly light gray and reddish wares were found, of which some are decorated with engraved ornaments. The wheel-made pottery is closely related to that of Troy VI. According to Jurgen Driehaus, the handmade and wheelmade pottery can be divided into various groups: Schwarzpolierte, im Bruch schwarzgraue Gattung, die recht selten vorkommt und sich auf die Schusseln mit eingeknicktem Rand beschrankt. Graupolierte, meist mittelgraue, oft auch nach olivgrau gehende Gattung, im Bruch grau bis braun. Selten sind Scherben mit schwarzpolierten Innen- und graupolierten Auﬂenseite. Sie stammen meist von Schusseln. An der Oberflache und im Bruch braunrote Gattung, die polierte und rohe Bruchstucke umfasst.","Atarneus, Midilli Adasi'nin karsisinda, modern Dikili kasabasinin 2,5 km kuzeydogusunda yer almaktadir. Mustahkem Hellenistik yerlesim dogal bir tepe uzerinde yer almaktadir. Simdiye kadar herhangi bir kazi yapilmamistir. Yuzey buluntularina gore en erken yerlesim MO 2. binyila tarihlenmektedir. Cok sayida el yapimi, cogunlukla acik gri ve kirmizimsi canak comlek bulunmustur ve bunlarin bazilari kazima suslemelerle bezenmistir. Cark yapimi canak comlekler Troya VI'ninkilerle yakindan iliskilidir. Jurgen Driehaus'a gore, el yapimi ve cark yapimi comlekler cesitli gruplara ayrilabilir: Schwarzpolierte, im Bruch schwarzgraue Gattung, die recht selten vorkommt und sich auf die Schusseln mit eingeknicktem Rand beschrankt. Graupolierte, meist mittelgraue, auch nach olivgrau gehende Gattung, im Bruch grau bis braun. Scherben'ler genellikle schwarzpolierten Innen- ve graupolierten Auﬂenseite ile birlikte bulunur. Cogunlukla Schusseln'den olusurlar. An der Oberflache und im Bruch braunrote Gattung, die polierte und rohe Bruchstucke umfasst.","Atarneus befindet sich gegenuber der Insel Lesbos, 2,5 km nordostlich der modernen Stadt Dikili. Die befestigte hellenistische Siedlung befindet sich auf einem naturlichen Hugel. Bisher wurden noch keine Ausgrabungen durchgefuhrt. Den Oberflachenfunden zufolge stammt die fruheste Siedlung aus dem 2. Jahrtausend vor Christus. Es wurden zahlreiche handgefertigte, meist hellgraue und rotliche Waren gefunden, von denen einige mit eingravierten Ornamenten verziert sind. Die auf der Topferscheibe hergestellte Keramik ist eng mit der von Troja VI verwandt. Nach Jurgen Driehaus lasst sich die hand- und topfergefertigte Keramik in verschiedene Gruppen einteilen: Schwarzpolierte, im Bruch schwarzgraue Gattung, die recht selten vorkommt und sich auf die Schusseln mit eingeknicktem Rand beschrankt. Graupolierte, meist mittelgraue, oft auch nach olivgrau gehende Gattung, im Bruch grau bis braun. Selten sind Scherben mit schwarzpolierter Innen- und graupolierter Auﬂenseite. Sie stammen meist von Schusseln. An der Oberflache und im Bruch braunrote Gattung, die polierte und rohe Bruchstucke umfasst.",
44,44,Araplar Uyucek (Mandira Tepe),,,,
45,45,Cardak (Uvecik) ,,,,
46,46,Inegol II Hoyuk,,,,
47,47,Midaion (Kara Hoyuk),"The tell settlement is located 30 km east of Eskisehir province, 1 km southeast of Karahoyuk village. It is one of the largest tell settlements in the Eskisehir region, measuring 500 x 500 m in width and about 20 m in height. According to Hans von Aulock, the settlement was called Midaion after the Phrygian king Midas. No systematic excavations have been carried out. An emergency excavation was carried out in the Roman city by the Eskisehir Museum.","Hoyuk yerlesimi Eskisehir ilinin 30 km dogusunda, Karahoyuk koyunun 1 km guneydogusunda yer almaktadir. Eskisehir bolgesindeki en buyuk tell yerlesimlerinden biri olup 500 x 500 m genisliginde ve yaklasik 20 m yuksekligindedir. Hans von Aulock'a gore yerlesim Frig krali Midas'a atfen Midaion olarak adlandirilmistir. Hicbir sistematik kazi yapilmamistir. Eskisehir Muzesi tarafindan Roma kentinde acil bir kazi gerceklestirilmistir.","Die Tellsiedlung befindet sich 30 km ostlich der Provinz Eskisehir, 1 km sudostlich des Dorfes Karahoyuk. Sie ist eine der groﬂten Tellsiedlungen in der Region Eskisehir und misst 500 x 500 m in der Breite und etwa 20 m in der Hohe. Nach Hans von Aulock wurde die Siedlung nach dem phrygischen Konig Midas Midaion genannt. Es wurden keine systematischen Ausgrabungen durchgefuhrt. Eine Notgrabung wurde in der romischen Stadt vom Eskisehir Museum durchgefuhrt.",
48,48,Yesildon,"The tell settlement is located 2 km southeast of the village of Yesildon, in the Alpu district of Eskisehir. No excavations have been carried out.","Hoyuk yerlesimi, Eskisehir'in Alpu ilcesine bagli Yesildon koyunun 2 km guneydogusunda yer almaktadir. Herhangi bir kazi calismasi yapilmamistir.","Die Tellsiedlung liegt 2 km sudostlich des Dorfes Yesildon, im Bezirk Alpu von Eskisehir. Es wurden keine Ausgrabungen durchgefuhrt.",
49,49,Porsuk Hoyuk 1,The tell settlement is located between the village of Yayikli and the Porsuk River. The old name of the village is Kosmat. No excavations have been carried out.,Yayikli koyu ile Porsuk Cayi arasinda yer almaktadir. Koyun eski adi Kosmat'tir. Herhangi bir kazi calismasi yapilmamistir.,Die Tellsiedlung befindet sich zwischen dem Dorf Yayikli und dem Fluss Porsuk. Der alte Name des Dorfes ist Kosmat. Es sind keine Ausgrabungen durchgefuhrt worden.,
50,50,Porsuk Hoyuk 2,"The tell settlement is located in the village of Yayikli, 400 m east of Porsuk Hoyuk I. No excavations have been carried out.","Yayikli koyunde, Porsuk Hoyuk I'in 400 m dogusunda yer almaktadir. Kazi yapilmamistir.","Die Tellsiedlung befindet sich im Dorf Yayikli, 400 m ostlich von Porsuk Hoyuk I. Es wurden keine Ausgrabungen durchgefuhrt.",
51,51,Karapazar ,The tell settlement is located 1 km south of the village of Karapazar in Eskisehir. No excavations have been carried out.,Hoyuk yerlesimi Eskisehir'in Karapazar koyunun 1 km guneyinde yer almaktadir. Herhangi bir kazi calismasi yapilmamistir.,Die Tellsiedlung befindet sich 1 km sudlich des Dorfes Karapazar in Eskisehir. Es sind keine Ausgrabungen durchgefuhrt worden.,
52,52,Toraman Hoyuk,"The tell settlement is located between the villages of Kiravdan and Kalkanli in Eskisehir, 2.4 km west of the village of Kalkanli. No excavations have been carried out.","Hoyuk yerlesimi Eskisehir'in Kiravdan ve Kalkanli koyleri arasinda, Kalkanli koyunun 2,4 km batisinda yer almaktadir. Herhangi bir kazi calismasi yapilmamistir.","Die Tellsiedlung befindet sich zwischen den Dorfern Kiravdan und Kalkanli in Eskisehir, 2,4 km westlich des Dorfes Kalkanli. Es wurden keine Ausgrabungen durchgefuhrt.",
53,53,Agapinar,"The tell settlement is located north of the village of Agapinar, within the boundaries of the Zeytinoglu farm. No excavations have been carried out.","Hoyuk yerlesimi Agapinar koyunun kuzeyinde, Zeytinoglu ciftliginin sinirlari icinde yer almaktadir. Herhangi bir kazi calismasi yapilmamistir.","Die Tellsiedlung befindet sich nordlich des Dorfes Agapinar, innerhalb der Grenzen der Zeytinoglu Farm. Es sind keine Ausgrabungen durchgefuhrt worden.",
54,54,Yakakayi,The tell settlement is located near the village of Yakakayi in Eskisehir. No excavations have been carried out.,Hoyuk yerlesimi Eskisehir'in Yakakayi koyu yakinlarinda yer almaktadir. Herhangi bir kazi calismasi yapilmamistir.,Die Tellsiedlung befindet sich in der Nahe des Dorfes Yakakayi in Eskisehir. Es wurden keine Ausgrabungen durchgefuhrt.,
55,55,Kulhoyuk ,The tell settlement is located 3 km east of the village of Isikoren in the district town of Alpu in Eskisehir. No excavations have been carried out.,Hoyuk yerlesimi Eskisehir'in Alpu ilcesine bagli Isikoren koyunun 3 km dogusunda yer almaktadir. Herhangi bir kazi calismasi yapilmamistir.,Die Tellsiedlung befindet sich 3 km ostlich des Dorfes Isikoren in der Kreisstadt Alpu in Eskisehir. Es sind keine Ausgrabungen durchgefuhrt worden.,
56,56,Kurtlar Hoyuk ,The tell settlement is located 2 km east of the village of Balcikhisar in the district town of Mahmudiye. No excavations have been carried out.,Hoyuk yerlesimi Mahmudiye ilcesine bagli Balcikhisar koyunun 2 km dogusunda yer almaktadir. Herhangi bir kazi calismasi yapilmamistir.,Die Tellsiedlung befindet sich 2 km ostlich des Dorfes Balcikhisar in der Kreisstadt Mahmudiye. Es sind keine Ausgrabungen durchgefuhrt worden.,
57,57,Katirkulesi ,The tell settlement is located 12km north-east of the district town of Seyitgazi and 250m east of the Seyit Suyu River. No excavations have been carried out to date.,Hoyuk yerlesimi Seyitgazi ilcesinin 12 km kuzeydogusunda ve Seyit Suyu Nehri'nin 250 m dogusunda yer almaktadir. Bugune kadar herhangi bir kazi yapilmamistir.,Die Tellsiedlung liegt 12 km nordostlich der Kreisstadt Seyitgazi und 250 m ostlich des Seyit Suyu Flusses. Bisher wurden noch keine Ausgrabungen durchgefuhrt.,
58,58,Hamidiye 1 ,The tell settlement is located on the north-western edge of the village of Hamidiye. Only a small excavation has been carried out.,Hoyuk yerlesimi Hamidiye koyunun kuzeybati kenarinda yer almaktadir. Sadece kucuk bir kazi gerceklestirilmistir.,Die Tellsiedlung befindet sich am nordwestlichen Rand des Dorfes Hamidiye. Es wurde nur eine kleine Ausgrabung durchgefuhrt.,
59,59,Kizilcakoy ,The tell settlement is located 1 km south of the village of Kizilcakoy. No excavations have been carried out.,Hoyuk yerlesimi Kizilcakoy koyunun 1 km guneyinde yer almaktadir. Herhangi bir kazi calismasi yapilmamistir.,Die Tellsiedlung befindet sich 1 km sudlich des Dorfes Kizilcakoy. Es sind keine Ausgrabungen durchgefuhrt worden.,
60,60,Buyuk Hoyuk,The tell settlement is located on a natural hill on the northwest side of the village of Asagi Kepen in Sivrihisar.,Hoyuk yerlesimi Sivrihisar'a bagli Asagi Kepen koyunun kuzeybati tarafinda dogal bir tepe uzerinde yer almaktadir.,Die Tellsiedlung befindet sich auf einem naturlichen Hugel an der nordwestlichen Seite des Dorfes Asagi Kepen in Sivrihisar.,
61,61,Hamitli Hoyuk,The tell settlement is located 900 m east of the village of Orhaniye.,Hoyuk yerlesimi Orhaniye koyunun 900 m dogusunda yer almaktadir.,Die Tellsiedlung befindet sich 900 m ostlich des Dorfes Orhaniye.,
62,62,Ilicabasi I,The tell settlement is located 2 km north-east of Ilicabasi II. No excavations have been carried out to date.,Hoyuk yerlesimi Ilicabasi II'nin 2 km kuzeydogusunda yer almaktadir. Bugune kadar herhangi bir kazi yapilmamistir.,Die Tellsiedlung befindet sich 2 km nordostlich von Ilicabasi II. Bislang wurden keine Ausgrabungen durchgefuhrt.,
63,63,Kulapa Hoyuk ,"The tell settlement is located 1.5 km south-west of the village of Gokcekuyu. No excavations have been carried out, but looting has brought many Bronze Age finds to the surface.","Hoyuk yerlesimi Gokcekuyu koyunun 1,5 km guneybatisinda yer almaktadir. Herhangi bir kazi yapilmamistir, ancak yagmalama sonucu bircok Tunc Cagi buluntusu gun yuzune cikarilmistir.","Die Tellsiedlung befindet sich 1,5 km sudwestlich des Dorfes Gokcekuyu. Es wurden keine Ausgrabungen durchgefuhrt, aber Plunderungen haben viele Funde aus der Bronzezeit ans Tageslicht gebracht.",
64,64,Ibikseydi,The tell settlement is located 1 km north of the village of Ibikseydi and 400 m from the highway between the villages of Ibikseydi and Karkin in the district town of Sivrihisar. No excavations have been carried out so far.,Hoyuk yerlesimi Ibikseydi koyunun 1 km kuzeyinde ve Sivrihisar ilcesine bagli Ibikseydi ve Karkin koyleri arasindaki karayolundan 400 m uzaklikta yer almaktadir. Simdiye kadar herhangi bir kazi yapilmamistir.,Die Tellsiedlung liegt 1 km nordlich des Dorfes Ibikseydi und 400 m von der Fernstraﬂe zwischen den Dorfern Ibikseydi und Karkin in der Kreisstadt Sivrihisar entfernt. Bisher wurden noch keine Ausgrabungen durchgefuhrt.,
65,65,Dogray Hoyuk ,The tell settlement is located about 1.5 km northwest of the village of Dogray in the district of Beylikova. No excavations have been carried out so far.,"Hoyuk yerlesimi, Beylikova ilcesine bagli Dogray koyunun yaklasik 1,5 km kuzeybatisinda yer almaktadir. Simdiye kadar herhangi bir kazi yapilmamistir.","Die Tellsiedlung befindet sich etwa 1,5 km nordwestlich des Dorfes Dogray im Bezirk Beylikova. Bisher wurden noch keine Ausgrabungen durchgefuhrt.",
66,66,Kocahoyuk,"The settlement is located on the west side of the village of Cakilkoy, about 2 km southeast of the center of the district town of Domanic. No excavations have been carried out so far.","Yerlesim, Domanic ilce merkezinin yaklasik 2 km guneydogusunda, Cakilkoy koyunun bati tarafinda yer almaktadir. Simdiye kadar herhangi bir kazi yapilmamistir.","Die Siedlung befindet sich an der Westseite des Dorfes Cakilkoy, etwa 2 km sudostlich des Zentrums der Kreisstadt Domanic. Bisher wurden noch keine Ausgrabungen durchgefuhrt.",
67,67,Tavsanli Hoyuk ,"The tell settlement is located on the south side of the district town of Tavsanli. The first excavation campaign at this site began in 2022 under the direction of Erkan Fidan and is still ongoing. A survey has shown that the tell represents the upper city, while a lower city covers the area up to the river in the east. The settlement extends to the Kocacay River in the north and south.","Hoyuk yerlesimi Tavsanli ilcesinin guney tarafinda yer almaktadir. Bu alandaki ilk kazi kampanyasi 2022 yilinda Erkan Fidan baskanliginda baslamis ve halen devam etmektedir. Bir yuzey arastirmasi, anlatinin yukari sehri temsil ettigini, asagi sehrin ise dogudaki nehre kadar olan alani kapsadigini gostermistir. Yerlesim kuzeyde ve guneyde Kocacay Nehri'ne kadar uzanmaktadir.","Die Tellsiedlung befindet sich an der Sudseite der Kreisstadt Tavsanli. Die erste Ausgrabungskampagne an dieser Statte begann im Jahr 2022 unter der Leitung von Erkan Fidan und ist noch nicht abgeschlossen. Eine Untersuchung hat ergeben, dass der Tell die Oberstadt darstellt, wahrend eine Unterstadt das Gebiet bis zum Fluss im Osten abdeckt. Im Norden und Suden erstreckt sich die Siedlung bis zum Fluss Kocacay.",
68,68,Kopruoren Hoyuk ,The tell is located 1 km southwest of the village of Kopruoren in the Kutahya region. No excavations have been carried out yet.,Kutahya bolgesinde Kopruoren koyunun 1 km guneybatisinda yer almaktadir. Henuz herhangi bir kazi calismasi yapilmamistir.,Der Tell befindet sich 1 km sudwestlich des Dorfes Kopruoren in der Region Kutahya. Es wurden noch keine Ausgrabungen durchgefuhrt.,
69,69,Gecek,The tell settlement is located on the north side of the village of Gecek in the district of Aslantas.,"Hoyuk yerlesimi, Aslantas ilcesine bagli Gecek koyunun kuzey tarafinda yer almaktadir.",Die Tellsiedlung befindet sich an der Nordseite des Dorfes Gecek im Bezirk Aslantas.,
70,70,Beskaris ,"The modern village of Beskaris, in the Aslantas district, is located directly over the tell settlement. No excavations have been carried out so far.","Aslantas semtindeki modern Beskaris koyu, hoyuk yerlesiminin hemen uzerinde yer almaktadir. Simdiye kadar herhangi bir kazi yapilmamistir.","Das moderne Dorf Beskaris, im Bezirk Aslantas, liegt direkt uber der Tellsiedlung. Bislang wurden keine Ausgrabungen durchgefuhrt.",
71,71,Hacikebir ,The tell settlement lies between two streams on the west side of the village of Hacikebir in the district of Cavdarhisar. No excavations have been carried out so far.,"Hoyuk yerlesimi, Cavdarhisar ilcesine bagli Hacikebir koyunun bati tarafinda iki dere arasinda yer almaktadir. Simdiye kadar herhangi bir kazi yapilmamistir.",Die Tellsiedlung liegt zwischen zwei Bachen an der Westseite des Dorfes Hacikebir im Bezirk Cavdarhisar. Bisher wurden noch keine Ausgrabungen durchgefuhrt.,
72,72,Oluklu Hoyuk ,The tell settlement is located 1.5 km south of the village of Oluklu in the Sogut district of Bilecik. No excavations have been carried out so far.,"Hoyuk yerlesimi, Bilecik'in Sogut ilcesine bagli Oluklu koyunun 1,5 km guneyinde yer almaktadir. Simdiye kadar herhangi bir kazi yapilmamistir.","Die Tellsiedlung befindet sich 1,5 km sudlich des Dorfes Oluklu im Bezirk Sogut von Bilecik. Bisher wurden noch keine Ausgrabungen durchgefuhrt.",
73,73,Hisar Tepesi ,The tell settlement is located on the northern side of the village of Emirhisar in Sandikli in the province of Afyonkarahisar. No excavations have been carried out so far.,Hoyuk yerlesimi Afyonkarahisar ili Sandikli ilcesi Emirhisar koyunun kuzey tarafinda yer almaktadir. Simdiye kadar herhangi bir kazi calismasi yapilmamistir.,Die Tellsiedlung befindet sich an der Nordseite des Dorfes Emirhisar in Sandikli in der Provinz Afyonkarahisar. Bisher wurden noch keine Ausgrabungen durchgefuhrt.,
74,74,Incesirim Mevkii ,The tell settlement is located 2 km south of the village of Saltik and 3 km northwest of the village of Sorkun in the district of Sandikli. No excavations have been carried out so far.,Hoyuk yerlesimi Sandikli ilcesine bagli Saltik koyunun 2 km guneyinde ve Sorkun koyunun 3 km kuzeybatisinda yer almaktadir. Simdiye kadar herhangi bir kazi yapilmamistir.,Die Tellsiedlung befindet sich 2 km sudlich des Dorfes Saltik und 3 km nordwestlich des Dorfes Sorkun im Bezirk Sandikli. Bisher wurden noch keine Ausgrabungen durchgefuhrt.,
75,75,Uyuk Alti Mevkii,The tell settlement is located 6 km west of Kusura-Hoyuk on the southeastern side of the village of Orenkaya in the district of Sandikli. No excavations have been carried out so far.,"Hoyuk yerlesimi, Sandikli ilcesine bagli Orenkaya koyunun guneydogu tarafinda, Kusura-Hoyuk'un 6 km batisinda yer almaktadir. Simdiye kadar herhangi bir kazi yapilmamistir.",Die Tellsiedlung befindet sich 6 km westlich von Kusura-Hoyuk an der sudostlichen Seite des Dorfes Orenkaya im Bezirk Sandikli. Bisher wurden noch keine Ausgrabungen durchgefuhrt.,
76,76,Uyuk Mevkii ,The tell settlement is located 2.5 km southwest of the village of Alamescit in the district town of Sandikli. No excavations have been carried out so far. There are two wells in the vicinity of the settlement.,"Hoyuk yerlesimi Sandikli ilcesine bagli Alamescit koyunun 2,5 km guneybatisinda yer almaktadir. Simdiye kadar herhangi bir kazi yapilmamistir. Yerlesimin cevresinde iki adet kuyu bulunmaktadir.","Die Tellsiedlung befindet sich 2,5 km sudwestlich des Dorfes Alamescit in der Kreisstadt Sandikli. Bisher wurden noch keine Ausgrabungen durchgefuhrt. In der Nahe der Siedlung gibt es zwei Brunnen.",
77,77,Hoyuk Tepe (Karahoyuk),The tell settlement was founded on a bedrock knoll 1.5 km southwest of the village of Bektas and 1.5 km west of the village of Karkin in the district of Sandikli. A stream flows to the north and there is a well on the northwest side of the settlement.,"Hoyuk yerlesimi, Sandikli ilcesine bagli Bektas koyunun 1,5 km guneybatisinda ve Karkin koyunun 1,5 km batisinda bir anakaya tepecigi uzerinde kurulmustur. Yerlesimin kuzeyinden bir dere akmakta ve kuzeybati tarafinda bir kuyu bulunmaktadir.","Die Tellsiedlung wurde auf einer Felskuppe 1,5 km sudwestlich des Dorfes Bektas und 1,5 km westlich des Dorfes Karkin im Bezirk Sandikli gegrundet. Im Norden flieﬂt ein Bach und an der nordwestlichen Seite der Siedlung befindet sich ein Brunnen.",
78,78,Huyuk Tepesi ,,,,
79,79,Kavaklar Mevkii ,The tell settlement is located on the western side of Budaklar Koyu in the district town of Sivasli. No excavations have been carried out so far.,"Hoyuk yerlesimi, Sivasli ilcesine bagli Budaklar Koyu'nun bati tarafinda yer almaktadir. Simdiye kadar herhangi bir kazi yapilmamistir.",Die Tellsiedlung befindet sich auf der westlichen Seite von Budaklar Koyu in der Kreisstadt Sivasli. Bisher wurden noch keine Ausgrabungen durchgefuhrt.,
80,80,Besiktepe-Yassitepe,"The tell site is located 7 km south-west from Hisarlik and 2 km south of the village of Yenikoy. Manfred Korfmann excavated the site in 1982-1987. On the cape, his team found pottery typical of the earliest Troy I phase as well as remains of an Early Bronze Age settlement comprising several phases. Traces of a Late Bronze Age settlement were also found on the cape and east of it in the adjoining isthmus. The material culture belonging to late Troy VI consists almost entirely of Anatolian Grey Ware. However, painted Mycenaean pottery sherds were also present. The settlement most likely stretched from the cape east and southeast towards the Besik burial ground. This necropolis, dating to the 13th cent. BCE and consisting of 100 graves of men, women and children, was already mentioned in the 1925 issue of Archaologischer Anzeiger (Bruckner 1925, 247). Korfmann finally excavated the tombs, primarily pithoi, some cists, and two burial-houses, all of which were arranged in a regular pattern usually with an orientation to the southeast. Multiple burials occur within some pithoi and within the same grave skeleton burials and cremation may appear together.","Anlati alani Hisarlik'in 7 km guneybatisinda ve Yenikoy koyunun 2 km guneyinde yer almaktadir. Manfred Korfmann 1982-1987 yillari arasinda kazi yapmistir. Ekibi, burunda en erken Troya I evresine ozgu canak comleklerin yani sira birkac evreden olusan bir Erken Tunc Cagi yerlesiminin kalintilarini bulmustur. Burunda ve dogusundaki kistakta Gec Tunc Cagi yerlesiminin izleri de bulunmustur. Gec Troya VI'ya ait maddi kultur neredeyse tamamen Anadolu Gri Mallari'ndan olusmaktadir. Bununla birlikte, boyali Miken canak comlek parcalari da mevcuttur. Yerlesim buyuk olasilikla burundan dogu ve guneydoguya, Besik mezarligina dogru uzaniyordu. Bu nekropol, M.O. 13. yuzyila tarihlenmektedir. M.O. 100 erkek, kadin ve cocuk mezarindan olusan bu mezardan daha once dergisinin 1925 sayisinda bahsedilmisti. Archaologischer Anzeiger (Bruckner 1925, 247). Korfmann son olarak kupler, bazi sandukalar ve iki mezar evi olmak uzere, genellikle guneydogu yonunde duzenli bir sekilde siralanmis mezarlari kazmistir. Bazi kuplerin icinde birden fazla gomu vardir ve ayni mezarda iskelet gomuleri ve kremasyon birlikte gorulebilir.","Die Tellstatte befindet sich 7 km sudwestlich von Hisarlik und 2 km sudlich des Dorfes Yenikoy. Manfred Korfmann grub die Statte in den Jahren 1982-1987 aus. Auf dem Kap fand sein Team Keramik, die typisch fur die fruheste Troja I-Phase ist, sowie Reste einer fruhbronzezeitlichen Siedlung, die mehrere Phasen umfasst. Spuren einer spatbronzezeitlichen Siedlung wurden ebenfalls auf dem Kap und ostlich davon auf der angrenzenden Landenge gefunden. Die materielle Kultur aus dem spaten Troja VI besteht fast ausschlieﬂlich aus anatolischer Grauer Ware. Es wurden jedoch auch bemalte mykenische Keramikscherben gefunden. Die Siedlung erstreckte sich hochstwahrscheinlich vom Kap nach Osten und Sudosten in Richtung des Besik-Grabfeldes. Diese Nekropole, die auf das 13. Jh. v. Chr. datiert und aus 100 Grabern von Mannern, Frauen und Kindern besteht, wurde bereits 1925 in der Ausgabe des Archaologischen Anzeigers erwahnt. Archaologischer Anzeiger (Bruckner 1925, 247). Korfmann grub schlieﬂlich die Graber aus, in erster Linie Pithoi, einige Zisternen und zwei Grabhauser, die alle in einem regelmaﬂigen Muster angeordnet waren, meist mit einer Ausrichtung nach Sudosten. In einigen Pithoi kommen Mehrfachbestattungen vor und in ein und demselben Grab konnen Skelettbestattungen und Brandbestattungen zusammen auftreten.",
81,81,Tenedos (Bozcaada),"The settlement is located on the island of Bozcaada. Rescue excavations since 1959 revealed that the place was already inhabited in the Early Bronze Age. There is no proof for a Late Bronze Age settlement, but it is likely to have existed. Publications of the rescue excavations state that the place has been continuously inhabited since the 3 rd mill. BCE. Iron Age burials on Tenedos record the funeral rites known from Late Bronze Age Besik-Tepe. Funeral traditions thus seem to have continued from the Late Bronze to the Iron Age.","Yerlesim Bozcaada'da yer almaktadir. 1959'dan bu yana yapilan kurtarma kazilari, buranin Erken Tunc Cagi'nda zaten iskan edilmis oldugunu ortaya koymustur. Gec Tunc Cagi'na ait bir yerlesimin varligina dair kanit yoktur, ancak var olmus olmasi muhtemeldir. Kurtarma kazilarinin yayinlari, yerin 3'den beri surekli olarak iskan edildigini belirtmektedir. rd Degirmen. MO. Bozcaada'daki Demir Cagi gomuleri, Gec Tunc Cagi Besik-Tepe'den bilinen cenaze torenlerini kaydetmektedir. Dolayisiyla cenaze gelenekleri Gec Tunc Cagi'ndan Demir Cagi'na kadar devam etmis gorunmektedir.","Die Siedlung befindet sich auf der Insel Bozcaada. Rettungsausgrabungen seit 1959 haben ergeben, dass der Ort bereits in der fruhen Bronzezeit bewohnt war. Es gibt keine Beweise fur eine spatbronzezeitliche Siedlung, aber es ist wahrscheinlich, dass sie existiert hat. In den Veroffentlichungen der Rettungsausgrabungen heiﬂt es, dass der Ort seit dem 3 kontinuierlich bewohnt war. rd Jahrtausend. BCE. Die eisenzeitlichen Bestattungen auf Tenedos zeichnen die aus dem spatbronzezeitlichen Besik-Tepe bekannten Bestattungsriten auf. Die Bestattungstraditionen scheinen also von der spaten Bronzezeit bis in die Eisenzeit fortgesetzt worden zu sein.",
82,82,Bakla Tepe,"The site of Bakla Tepe is located on what is today a small island on the southern side of the lake built by the Tahtali in the district of Menderes near Izmir. The tell was excavated from 1995 to 2001 by the team from Liman Tepe and the Archaeological Museum Izmir. Five settlement layer were identified. The earliest habitation dates back to Chalcolithic; it is followed by Early Bronze Age I and II, Late Bronze Age and Roman-Byzantine. The Late Bronze Age is so far only represented by two chamber tombs, dating to the 13 th cent. BCE according to Hayat Erkanal. A large number of imported painted Mycenaean pottery was found, including kylixes, together with locally made pottery.","Bakla Tepe, Izmir yakinlarindaki Menderes ilcesinde Tahtali tarafindan insa edilen golun guney tarafindaki kucuk bir ada uzerinde yer almaktadir. Anlati, 1995-2001 yillari arasinda Liman Tepe ve Izmir Arkeoloji Muzesi ekibi tarafindan kazilmistir. Bes yerlesim tabakasi tespit edilmistir. En eski yerlesim Kalkolitik doneme kadar uzanmaktadir; bunu Erken Tunc Cagi I ve II, Gec Tunc Cagi ve Roma-Bizans takip etmektedir. Gec Tunc Cagi simdiye kadar sadece 13 donemine tarihlenen iki oda mezarla temsil edilmektedir. th yuzyil. Hayat Erkanal'a gore MO. Yerel yapim canak comleklerle birlikte kylixler de dahil olmak uzere cok sayida ithal boyali Miken canak comlegi bulunmustur.","Die Ausgrabungsstatte Bakla Tepe befindet sich auf einer kleinen Insel auf der Sudseite des von den Tahtali errichteten Sees im Bezirk Menderes bei Izmir. Der Tell wurde von 1995 bis 2001 von dem Team von Liman Tepe und dem Archaologischen Museum Izmir ausgegraben. Es wurden funf Siedlungsschichten identifiziert. Die fruheste Besiedlung geht auf das Chalkolithikum zuruck; es folgen die fruhe Bronzezeit I und II, die spate Bronzezeit und die romisch-byzantinische Zeit. Die spate Bronzezeit ist bisher nur durch zwei Kammergraber vertreten, die auf das 13 th Jahrhundert. BCE nach Hayat Erkanal. Es wurde eine groﬂe Anzahl importierter, bemalter mykenischer Keramik gefunden, darunter Kylixe, zusammen mit lokal hergestellter Keramik.",
83,83,Halkapinar,"The village Halkapinar is located north of Ephesus between Belevi and Buyukkale. A landmark declaring possession to the Artemis temple shows that the area belonged to Ephesus in antiquity. Emergency excavations in 1973 revealed two pithos graves dating to the Late Bronze Age. Another pithos next to the previous ones was excavated Ephesus excavation team in 2005. The fill around the graves contained bone and ceramic fragments. The burial type is typical for western Asia Minor. It was used both for cemeteries as well as for single graves. Barbara Horejs dated the necropolis to Late Helladic IIB-IIIA2, thus 1450-1300 BCE. A Mycenaean Alabastron from LH IIIA2 has also been reported from the site. Along the edge of the valley north of the village Halkapinar, numerous traces of a large settlement from the imperial period are known, but there have been no systematic excavation yet. Thus far, traces of the Bronze Age settlement are missing.","Halkapinar koyu Efes'in kuzeyinde, Belevi ile Buyukkale arasinda yer almaktadir. Artemis tapinagina ait oldugunu bildiren bir isaret, bolgenin antik donemde Efes'e ait oldugunu gostermektedir. 1973'te yapilan acil kazilarda Gec Tunc Cagi'na tarihlenen iki kup mezar ortaya cikarilmistir. Efes kazi ekibi 2005 yilinda oncekilerin yaninda bir kup mezar daha kazmistir. Mezarlarin etrafindaki dolgu kemik ve seramik parcalari icermektedir. Gomu tipi Kucuk Asya'nin batisi icin tipiktir. Hem mezarliklar hem de tek kisilik mezarlar icin kullanilmistir. Barbara Horejs nekropolu Gec Helladik IIB-IIIA2 donemine, yani MO 1450-1300 yillarina tarihlendirmistir. LH IIIA2'den bir Miken Alabastronu da bu alandan bildirilmistir. Halkapinar koyunun kuzeyindeki vadinin kenari boyunca, imparatorluk donemine ait buyuk bir yerlesimin cok sayida izi bilinmektedir, ancak henuz sistematik bir kazi yapilmamistir. Simdiye kadar, Tunc Cagi yerlesiminin izleri kayiptir.","Das Dorf Halkapinar liegt nordlich von Ephesus zwischen Belevi und Buyukkale. Ein Grenzstein, der den Besitz des Artemis-Tempels erklart, zeigt, dass das Gebiet in der Antike zu Ephesus gehorte. Bei Notgrabungen im Jahr 1973 wurden zwei Pithos-Graber aus der spaten Bronzezeit entdeckt. Ein weiteres Pithos neben den vorherigen wurde 2005 von einem Grabungsteam aus Ephesus ausgegraben. Die Fullung um die Graber herum enthielt Knochen- und Keramikfragmente. Der Bestattungstyp ist typisch fur das westliche Kleinasien. Sie wurde sowohl fur Friedhofe als auch fur Einzelgraber verwendet. Barbara Horejs datierte die Nekropole auf das spathelladische IIB-IIIA2, also 1450-1300 v. Chr. Von der Statte wurde auch ein mykenisches Alabastron aus LH IIIA2 gemeldet. Entlang des Talrandes nordlich des Dorfes Halkapinar sind zahlreiche Spuren einer groﬂen Siedlung aus der Kaiserzeit bekannt, aber es wurden noch keine systematischen Ausgrabungen vorgenommen. Bislang fehlen die Spuren der bronzezeitlichen Siedlung.",
84,84,Ada Tepe (Birytis),"The settlement is situated on an isolated hill 2.5 km northwest of the village of Akkoy. Frank Calvert conducted excavations there but did not publish his findings. The settlement, being about 1.6 km long, covers an area of 13 ha in total. Surface finds date to the Classical and Hellenistic period as well as to the Late Bronze Age.","Yerlesim, Akkoy koyunun 2,5 km kuzeybatisinda izole bir tepe uzerinde yer almaktadir. Frank Calvert burada kazilar yapmis ancak bulgularini yayinlamamistir. Yaklasik 1,6 km uzunlugundaki yerlesim toplam 13 hektarlik bir alani kaplamaktadir. Yuzey buluntulari Klasik ve Hellenistik donem ile Gec Tunc Cagi'na tarihlenmektedir.","Die Siedlung befindet sich auf einem isolierten Hugel 2,5 km nordwestlich des Dorfes Akkoy. Frank Calvert fuhrte dort Ausgrabungen durch, veroffentlichte seine Funde jedoch nicht. Die Siedlung ist etwa 1,6 km lang und erstreckt sich uber eine Flache von insgesamt 13 ha. Die Oberflachenfunde stammen aus der klassischen und hellenistischen Periode sowie aus der spaten Bronzezeit.",
85,85,Kumtepe,"The tell is located about 5 km northwest of Hisarlik. The settlement was investigated in 1934 in a ten-day campaign under the direction of Carl Blegen. At the time, the knoll was 4-5 m high and had a diameter 80-100 m. Additionally, rescue excavations were conducted 1993-1995. During the course of this investigation, nine layers were distinguished. Accordingly, the place was inhabited 4800-3000 BCE. The last phase (Kumtepe C) was contemporary with Troy I. It seems that the more recent layers of the settlement have suffered from farming, erosion and earth movements and are thus badly damaged. Since the 1930 about 2 m of soil were eroded. Yet, scattered finds of Troy VI pottery do appear. The site that is now at 3 km distance from the Dardanelles, was during the time of its main habitation but also during the Late Bronze Age right at the sea.","Hisarlik'in yaklasik 5 km kuzeybatisinda yer almaktadir. Yerlesim 1934 yilinda Carl Blegen baskanliginda on gunluk bir kampanya ile arastirilmistir. O donemde tumsek 4-5 m yuksekliginde ve 80-100 m capindaydi. 1993-1995 yillari arasinda kurtarma kazilari da yapilmistir. Bu arastirma sirasinda dokuz tabaka ayirt edilmistir. Buna gore burasi MO 4800-3000 yillari arasinda iskan edilmistir. Son evre (Kumtepe C) Troya I ile cagdastir. Gorunuse gore yerlesimin daha yeni katmanlari tarim, erozyon ve toprak hareketlerinden zarar gormus ve bu nedenle kotu bir sekilde tahrip olmustur. 1930'dan bu yana yaklasik 2 m toprak asinmistir. Yine de, Troya VI canak comlegine ait daginik buluntular ortaya cikmistir. Su anda Canakkale Bogazi'na 3 km mesafede bulunan yerlesim yeri, ana yerlesim doneminde oldugu gibi Gec Tunc Cagi'nda da denizin hemen kiyisindaydi.","Der Tell befindet sich etwa 5 km nordwestlich von Hisarlik. Die Siedlung wurde 1934 in einer zehntagigen Kampagne unter der Leitung von Carl Blegen untersucht. Zu dieser Zeit war die Anhohe 4-5 m hoch und hatte einen Durchmesser von 80-100 m. Zusatzlich wurden 1993-1995 Rettungsgrabungen durchgefuhrt. Im Zuge dieser Untersuchung wurden neun Schichten unterschieden. Demnach war der Ort 4800-3000 v. Chr. bewohnt. Die letzte Phase (Kumtepe C) war zeitgleich mit Troja I. Es scheint, dass die jungeren Schichten der Siedlung unter der Landwirtschaft, Erosion und Erdbewegungen gelitten haben und daher stark beschadigt sind. Seit 1930 wurden etwa 2 m Boden erodiert. Dennoch gibt es verstreute Funde von Keramik aus Troja VI. Die Statte, die heute 3 km von den Dardanellen entfernt ist, lag wahrend der Zeit ihrer Hauptbesiedlung, aber auch wahrend der spaten Bronzezeit direkt am Meer.",
86,86,Polymedion (Asarlik),"Die Siedlung befindet sich etwa auf der Mitte zwischen Babakale und antike Stadt Assos, in der sudlichen Kuste der Kreisstadt Ayvacik in Canakkale. Die Siedlung wurde durch die in Assos arbeitende amerikanische Expedition unter Joseph Th. Clarke 1881 entdeckt und auch von ihm sogar ausgegraben aber bisher unpubliziert geblieben waren. Auf der Oberflachen der Siedlung gefundenen Keramik-Scherben weisen eine mogliche Besiedlung in der mittleren Bronzezeit (Troia V) hin. Nach den Angaben von J. M. Cook wurden zwei verschiedene Arten von Waren wurden hier festgestellt. Der eine war die sogenannte troianische Grau Ware, die andere war rot farbige Ware. Beide Typen von Waren geben eine Datierung in der mittleren und vielleicht spaten Bronzezeit.","Yerlesim, Canakkale'nin Ayvacik ilcesinin guney kiyisinda, Babakale ile Assos antik kenti arasinda yaklasik yari yolda yer almaktadir. Yerlesim, 1881 yilinda Joseph Th. Clarke baskanliginda Assos'ta calisan Amerikan kesif heyeti tarafindan kesfedilmis ve hatta kendisi tarafindan kazilmis ancak henuz yayinlanmamistir. Yerlesimin yuzeyinde bulunan canak comlek parcalari Orta Tunc Cagi'nda (Troia V) olasi bir yerlesime isaret etmektedir. J. M. Cook'a gore burada iki farkli tipte canak comlek bulunmustur. Bunlardan biri Troia gri mali olarak adlandirilan mal, digeri ise kirmizi renkli maldir. Her iki mal turu de Orta ve belki de Gec Tunc Cagi'na tarihlenmektedir.","Die Siedlung befindet sich etwa auf der Mitte zwischen Babakale und antike Stadt Assos, in der sudlichen Kuste der Kreisstadt Ayvacik in Canakkale. Die Siedlung wurde durch die in Assos arbeitende amerikanische Expedition unter Joseph Th. Clarke 1881 entdeckt und auch von ihm sogar ausgegraben aber bisher unpubliziert geblieben waren. Auf der Oberflachen der Siedlung gefundenen Keramik-Scherben weisen eine mogliche Besiedlung in der mittleren Bronzezeit (Troia V) hin. Nach den Angaben von J. M. Cook wurden zwei verschiedene Arten von Waren wurden hier festgestellt. Der eine war die sogenannte troianische Grau Ware, die andere war rot farbige Ware. Beide Typen von Waren geben eine Datierung in der mittleren und vielleicht spaten Bronzezeit.",
87,87,Karagac Tepe,"Die Siedlung befindet sich etwa 2.5 km nordostlich vom Dorf Seddulbahir und 1 km von der Kuste der Morto-Bucht entfernt, an der Nordkuste des Baches Kirtidere, in eine Aluvialebene. Heinrich Schliemann hat die Tellsiedlung im Jahr 1882 ausgegraben. Nachher hat Robert Demangel die Siedlung zwischen 1921-1923 ausgegraben. Die Tellsiedlung hat einen Durchmesser 126 m und ist etwa 11.5 m hoch. Die Prahistorische Schicht der Siedlung ist etwa 10 m hoch. Die fruhesten Keramik-Fragmente gehen bis zur spat chalkolitischen Zeit zuruck. Neben fruhbronzezeitlichen Funden fanden sich hier auch Troy VI-zeitliche Scherben.","Yerlesim, Seddulbahir koyunun yaklasik 2,5 km kuzeydogusunda ve Morto Koyu kiyisindan 1 km uzaklikta, Kirtidere'nin kuzey kiyisinda, aluvyonlu bir ovada yer almaktadir. Heinrich Schliemann 1882 yilinda hoyuk yerlesimini kazmistir. Daha sonra Robert Demangel 1921 ve 1923 yillari arasinda yerlesimi kazmistir. Hoyuk yerlesimi 126 metre capinda ve yaklasik 11,5 metre yuksekligindedir. Yerlesimin prehistorik tabakasi yaklasik 10 metre yuksekligindedir. En erken canak comlek parcalari gec Kalkolitik doneme tarihlenmektedir. Burada Erken Tunc Cagi buluntularinin yani sira Troya VI canak comlek parcalari da bulunmustur.","Die Siedlung befindet sich etwa 2.5 km nordostlich vom Dorf Seddulbahir und 1 km von der Kuste der Morto-Bucht entfernt, an der Nordkuste des Baches Kirtidere, in eine Aluvialebene. Heinrich Schliemann hat die Tellsiedlung im Jahr 1882 ausgegraben. Nachher hat Robert Demangel die Siedlung zwischen 1921-1923 ausgegraben. Die Tellsiedlung hat einen Durchmesser 126 m und ist etwa 11.5 m hoch. Die Prahistorische Schicht der Siedlung ist etwa 10 m hoch. Die fruhesten Keramik-Fragmente gehen bis zur spat chalkolitischen Zeit zuruck. Neben fruhbronzezeitlichen Funden fanden sich hier auch Troy VI-zeitliche Scherben.",
88,88,Asarlik-Eski Hisarlik ,"The settlement is situated at the southern end of the Kara Menderes floodplain on a hill east of Pinarbasi. According to Schliemann, the settlement consisted of an upper and a lower town. In his time, a few meters of the acropolis wall were still in place. On the northern and eastern slopes of the lower city remains of house foundations were preserved. Schliemann dated the settlement the 9 th -5 th century BCE. The Korfmann-team found coarse pithos fragments, Gray Ware and Mycenaean pottery. J. M. Cook reports that rescue excavations in 1934 produced much pottery dating to Troy VI and VII.","Yerlesim, Kara Menderes taskin yataginin guney ucunda, Pinarbasi'nin dogusundaki bir tepe uzerinde yer almaktadir. Schliemann'a gore, yerlesim bir yukari ve bir asagi kasabadan olusuyordu. Onun zamaninda akropol duvarinin birkac metrelik kismi hala yerinde duruyordu. Asagi sehrin kuzey ve dogu yamaclarinda ev temellerine ait kalintilar korunmustur. Schliemann anlasmanin tarihini 9 th -5 th M.O. yuzyil. Korfmann ekibi kaba kup parcalari, Gray Ware ve Miken canak comlegi bulmustur. J. M. Cook, 1934 yilinda yapilan kurtarma kazilarinda Troya VI ve VII'ye tarihlenen cok sayida canak comlek bulundugunu bildirmektedir.","Die Siedlung liegt am sudlichen Ende der Kara Menderes-Aue auf einem Hugel ostlich von Pinarbasi. Nach Schliemann bestand die Siedlung aus einer Ober- und einer Unterstadt. Zu seiner Zeit waren noch einige Meter der Akropolis-Mauer vorhanden. An den nordlichen und ostlichen Hangen der Unterstadt waren Reste von Hausfundamenten erhalten. Schliemann datierte die Siedlung in das 9 th -5 th Jahrhundert vor Christus. Das Korfmann-Team fand grobe Pithos-Fragmente, Gray Ware und mykenische Keramik. J. M. Cook berichtet, dass bei Rettungsgrabungen im Jahr 1934 viel Keramik aus Troja VI und VII gefunden wurde.",
89,89,Gavurtepe,"The mound is 500 m northwest of the village of Seyrekli south of Beytikoy. So far, no excavations have been made. Recep Meric found sherds finds from the Middle and Late Bronze Age here.","Hoyuk, Beytikoy'un guneyindeki Seyrekli koyunun 500 m kuzeybatisindadir. Simdiye kadar herhangi bir kazi yapilmamistir. Recep Meric burada Orta ve Gec Tunc Cagi'na ait canak comlek parcalari bulmustur.",Der Grabhugel liegt 500 m nordwestlich des Dorfes Seyrekli sudlich von Beytikoy. Bisher wurden noch keine Ausgrabungen vorgenommen. Recep Meric fand hier Scherbenfunde aus der mittleren und spaten Bronzezeit.,
90,90,Tavsan Adasi ,"The island of Tavsan Adasi is located about 13 km southwest of Miletus. According to Engin Akdeniz, who conducted a surface investigation in the area, the island used to for a peninsula. A sea level rise isolated it from the shore. Systematic excavations began in 2006 by Francois Bertemes of the Martin Luther University of Halle-Wittenberg. The island lies at a distance of about 150 m from the mainland and it reaches 6.5 meters above sea level. Its size is 180 x 90 m. So far, seven settlement layers have been determined. The oldest date back to the late Neolithic/Early Chalcolithic, while the youngest date to the Ottoman era. Ceramic types before the Middle Bronze Age strongly resemble western and inner Anatolian ware (Hacilar and Kurucay in Pisidia). The range of ceramic types shows that the place was intensively used. Remains of a Middle Bronze Age artisan district were found, where workshops were arranged around a paved courtyard. The material culture includes Kamares type sherds, cups, dishes and cooking ware, a ceramic stove of Cretan type, Minoan loom weights, spindle whorls, purple snails and a stone Minoan-type mold for producing a double ax (Labrys) - all this supports the assumption that during the Old Palace Period (MM IB/II) Tavsan Adasi was a Minoan settlement. A 15.5◊15-meter large formerly two-storey building also contained Cretan material culture from the New Palace Period (MM III and SM I). The imports include a pottery fragments with signs - most likely Linear A - engraved before firing. Taken together, finds from Tavsan Adasi imply an important commercial and transaction point at the coast of Asia Minor in Minoan times.","Tavsan Adasi Milet'in yaklasik 13 km guneybatisinda yer almaktadir. Bolgede yuzey arastirmasi yapan Engin Akdeniz'e gore ada eskiden bir yarimadaydi. Deniz seviyesinin yukselmesi onu kiyidan ayirmistir. Sistematik kazilar 2006 yilinda Halle-Wittenberg Martin Luther Universitesi'nden Francois Bertemes tarafindan baslatildi. Ada, anakaradan yaklasik 150 m uzaklikta yer almakta ve deniz seviyesinden 6,5 metre yukseklige ulasmaktadir. Boyutlari 180 x 90 m. Simdiye kadar yedi yerlesim tabakasi tespit edilmistir. En eskileri Gec Neolitik/Erken Kalkolitik doneme, en gencleri ise Osmanli donemine tarihlenmektedir. Orta Tunc Cagi oncesi seramik tipleri, Bati ve Ic Anadolu (Pisidia'da Hacilar ve Kurucay) mallarina buyuk olcude benzemektedir. Seramik turlerinin cesitliligi buranin yogun bir sekilde kullanildigini gostermektedir. Atolyelerin tas doseli bir avlu etrafinda duzenlendigi bir Orta Tunc Cagi zanaatkar bolgesinin kalintilari bulunmustur. Maddi kultur, Kamares tipi canak, comlek ve pisirme kaplari, Girit tipi seramik bir ocak, Minos dokuma tezgahi agirliklari, agirsaklar, mor salyangozlar ve cift balta (Labrys) uretmek icin Minos tipi tas bir kalip icermektedir - tum bunlar Eski Saray Donemi'nde (MM IB/II) Tavsan Adasi'nin bir Minos yerlesimi oldugu varsayimini desteklemektedir. Eskiden iki katli olan 15,5◊15 metrelik buyuk bir yapi da Yeni Saray Donemi'ne (MM III ve SM I) ait Girit maddi kulturunu barindirmaktadir. Ithal edilenler arasinda, pisirilmeden once kazinmis isaretler (buyuk olasilikla Lineer A) iceren bir canak comlek parcasi da bulunmaktadir. Birlikte ele alindiginda, Tavsan Adasi'ndaki buluntular Minos doneminde Kucuk Asya kiyilarinda onemli bir ticaret ve islem noktasi oldugunu gostermektedir.","Die Insel Tavsan Adasi befindet sich etwa 13 km sudwestlich von Milet. Laut Engin Akdeniz, der eine Oberflachenuntersuchung in dem Gebiet durchgefuhrt hat, war die Insel fruher eine Halbinsel. Durch einen Anstieg des Meeresspiegels wurde sie von der Kuste isoliert. Die systematischen Ausgrabungen wurden 2006 von Francois Bertemes von der Martin-Luther-Universitat Halle-Wittenberg begonnen. Die Insel liegt etwa 150 m vom Festland entfernt und erreicht eine Hohe von 6,5 m uber dem Meeresspiegel. Sie ist 180 x 90 m groﬂ. Bislang wurden sieben Siedlungsschichten festgestellt. Die altesten stammen aus dem spaten Neolithikum/fruhen Chalkolithikum, wahrend die jungsten aus der osmanischen Zeit stammen. Die Keramiktypen vor der mittleren Bronzezeit ahneln stark der west- und inneranatolischen Ware (Hacilar und Kurucay in Pisidien). Die Bandbreite der Keramiktypen zeigt, dass der Ort intensiv genutzt wurde. Es wurden Uberreste eines mittelbronzezeitlichen Handwerkerviertels gefunden, in dem Werkstatten um einen gepflasterten Hof angeordnet waren. Die materielle Kultur umfasst Scherben des Kamares-Typs, Tassen, Schusseln und Kochgeschirr, einen Keramikherd des kretischen Typs, minoische Webgewichte, Spinnwirtel, Purpurschnecken und eine steinerne Form des minoischen Typs zur Herstellung einer Doppelaxt (Labrys) - all dies unterstutzt die Annahme, dass Tavsan Adasi wahrend der Alten Palastperiode (MM IB/II) eine minoische Siedlung war. Ein 15,5◊15 Meter groﬂes, ehemals zweigeschossiges Gebaude enthielt ebenfalls kretische materielle Kultur aus der Neuen Palastperiode (MM III und SM I). Zu den Importen gehort ein Keramikfragment mit Zeichen - hochstwahrscheinlich Linear A -, die vor dem Brennen eingraviert wurden. Zusammengenommen deuten die Funde aus Tavsan Adasi auf einen wichtigen Handels- und Transaktionspunkt an der kleinasiatischen Kuste in minoischer Zeit hin.",
91,91,Alabanda,"The ancient city of Alabanda is located in the village Doganyurt in the district of Cine and the province of Aydin. It is located 3 km west of the Bronze Age settlement of Cine-Tepecik Hoyuk which may well have been its predecessor. Excavations of the substantial Alabanda were first conducted in 1904/05. More recently, the Museum of Aydin jointly with Adnan Menderes University in Aydin conducted excavations. Since 2015 is investistigated under the direction of Ali Yalcin Tavukcu from Ataturk Unviersity in Erzurum. All inquiries concentrated on Hellenistic-Roman architectural remains. So far, no prehistoric material has been recorded. The Tawagalawa-letter mentions a city called Waliwanda which may indeed correspond to the Hellenistic Alabanda.","Alabanda Antik Kenti, Aydin ilinin Cine ilcesine bagli Doganyurt koyunde yer almaktadir. Kendisinden onceki Tunc Cagi yerlesimi olabilecek Cine-Tepecik Hoyuk'un 3 km batisinda yer almaktadir. Onemli Alabanda kazilari ilk olarak 1904/05 yillarinda gerceklestirilmistir. Daha yakin zamanlarda Aydin Muzesi, Aydin'daki Adnan Menderes Universitesi ile ortaklasa kazilar yurutmustur. 2015 yilindan bu yana Erzurum'daki Ataturk Universitesi'nden Ali Yalcin Tavukcu baskanliginda surdurulmektedir. Tum arastirmalar Helenistik-Roma donemine ait mimari kalintilar uzerinde yogunlasmistir. Simdiye kadar herhangi bir prehistorik malzeme kaydedilmemistir. Tawagalawa mektubunda Waliwanda adinda bir sehirden bahsedilmektedir ki bu sehir gercekten de Hellenistik Alabanda'ya karsilik geliyor olabilir.","Die antike Stadt Alabanda befindet sich im Dorf Doganyurt im Bezirk Cine und in der Provinz Aydin. Sie befindet sich 3 km westlich der bronzezeitlichen Siedlung Cine-Tepecik Hoyuk, die moglicherweise ihre Vorgangerin war. Die Ausgrabungen des umfangreichen Alabanda wurden erstmals 1904/05 durchgefuhrt. In jungerer Zeit fuhrte das Museum von Aydin gemeinsam mit der Adnan Menderes Universitat in Aydin Ausgrabungen durch. Seit 2015 wird unter der Leitung von Ali Yalcin Tavukcu von der Ataturk Universitat in Erzurum geforscht. Alle Untersuchungen konzentrierten sich auf hellenistisch-romische Architekturreste. Bislang wurde kein prahistorisches Material erfasst. Im Tawagalawa-Brief wird eine Stadt namens Waliwanda erwahnt, die in der Tat dem hellenistischen Alabanda entsprechen konnte.",
92,92,Elaia,"The remains of the ancient city of Elais are located in the southwest corner of the Kaikos valley. The area belongs today to the village Kazikbaglari in the district of Pergamon. During the Hellenistic period, this used to be a port for the region of Pergamon. No excavations have been made so far. The excavation team from Pergamon, however, began in 2007 conducting geophysical and geodetic investigations with the aim of producing a map of the former port facilities. At the same time an archaeological survey was carried out, but its results have not been fully published yet. Bronze Age pottery was found on the acropolis and on the north side of the town. The earliest material belongs to the 3rd millennium BCE. Finds dating to the 2nd millennium BCE were also made. The acropolis was probably occupied by a Bronze Age settlement. During the 5th century BCE the city became a member oft he Delian League. In the Hellenistic-Roman period, the city minted its own coins.","Elais antik kentinin kalintilari Kaikos vadisinin guneybati kosesinde yer almaktadir. Bolge bugun Pergamon ilcesine bagli Kazikbaglari koyune aittir. Helenistik donemde burasi Pergamon bolgesi icin bir limandi. Simdiye kadar herhangi bir kazi yapilmamistir. Ancak Pergamon'dan gelen kazi ekibi 2007 yilinda eski liman tesislerinin bir haritasini cikarmak amaciyla jeofizik ve jeodezik arastirmalara baslamistir. Ayni zamanda bir arkeolojik yuzey arastirmasi da gerceklestirilmis, ancak sonuclari henuz tam olarak yayinlanmamistir. Akropolde ve sehrin kuzey tarafinda Tunc Cagi canak comlekleri bulunmustur. En erken malzeme M.O. 3. binyila aittir. M.O. 2. binyila tarihlenen buluntular da ele gecmistir. Akropol muhtemelen bir Tunc Cagi yerlesimi tarafindan isgal edilmistir. M.O. 5. yuzyilda kent Delian Birligi'nin bir uyesi olmustur. Hellenistik-Roma doneminde kent kendi sikkelerini basmistir.","Die Uberreste der antiken Stadt Elais befinden sich in der sudwestlichen Ecke des Kaikos-Tals. Das Gebiet gehort heute zu dem Dorf Kazikbaglari im Bezirk Pergamon. Wahrend der hellenistischen Periode war dies ein Hafen fur die Region Pergamon. Bisher wurden noch keine Ausgrabungen vorgenommen. Das Ausgrabungsteam von Pergamon begann jedoch 2007 mit geophysikalischen und geodatischen Untersuchungen mit dem Ziel, eine Karte der ehemaligen Hafenanlagen zu erstellen. Gleichzeitig wurde eine archaologische Untersuchung durchgefuhrt, deren Ergebnisse jedoch noch nicht vollstandig veroffentlicht wurden. Auf der Akropolis und an der Nordseite der Stadt wurde Keramik aus der Bronzezeit gefunden. Das fruheste Material stammt aus dem 3. Jahrtausend vor Christus. Es wurden auch Funde aus dem 2. Jahrtausend v. Chr. gemacht. Die Akropolis war wahrscheinlich von einer bronzezeitlichen Siedlung besetzt. Im 5. Jahrhundert v. Chr. wurde die Stadt Mitglied des Delischen Bundes. In der hellenistisch-romischen Periode pragte die Stadt ihre eigenen Munzen.",
93,93,Seyitomer Hoyuk ,"The tell settlement is located southwest of the district town of Seyitomer in Kutahya. It was excavated by Eskisehir Museum in 1989 and later by Afyon Museum until 1996. In 2006, new excavations were started by Dumlupinar University. Meanwhile, the whole settlement has been excavated as it is located above a coal mine which is still expanding.","Hoyuk yerlesimi Kutahya'nin Seyitomer ilcesinin guneybatisinda yer almaktadir. Eskisehir Muzesi tarafindan 1989 yilinda kazilmis ve daha sonra Afyon Muzesi tarafindan 1996 yilina kadar kazilmistir. 2006 yilinda Dumlupinar Universitesi tarafindan yeni kazilar baslatilmistir. Bu arada, halen genislemekte olan bir komur madeninin uzerinde yer aldigi icin yerlesimin tamami kazilmistir.","Die Tellsiedlung befindet sich sudwestlich der Kreisstadt Seyitomer in Kutahya. Sie wurde 1989 vom Eskisehir Museum und spater bis 1996 vom Afyon Museum ausgegraben. Im Jahr 2006 wurden neue Ausgrabungen durch die Dumlupinar Universitat begonnen. Inzwischen ist die gesamte Siedlung ausgegraben worden, da sie sich uber einer Kohlemine befindet, die immer noch erweitert wird.",
94,94,Tlos,Tlos is an ancient city in Lycia and is now located within the boundaries of the village of Yaka in the district town of Fethiye. The city is currently being excavated by an archaeological team from Akdeniz University.,"Likya'da bir antik kent olan Tlos, gunumuzde Fethiye ilcesine bagli Yaka koyu sinirlari icerisinde yer almaktadir. Kent su anda Akdeniz Universitesi'nden bir arkeoloji ekibi tarafindan kazilmaktadir.",Tlos ist eine antike Stadt in Lykien und befindet sich heute innerhalb der Grenzen des Dorfes Yaka in der Bezirksstadt Fethiye. Die Stadt wird derzeit von einem archaologischen Team der Akdeniz Universitat ausgegraben.,
95,95,Hastane Hoyuk (Thyateira),The settlement is located in the center of the district town of Akhisar. The Greek-Roman name of the city was Thyateira. The modern city hospital was built on the acropolis of the ancient city.,"Yerlesim, Akhisar ilce merkezinin merkezinde yer almaktadir. Kentin Yunan-Roma donemindeki adi Thyateira'dir. Modern sehir hastanesi antik kentin akropolu uzerine insa edilmistir.",Die Siedlung befindet sich im Zentrum der Kreisstadt Akhisar. Der griechisch-romische Name der Stadt war Thyateira. Das moderne stadtische Krankenhaus wurde auf der Akropolis der antiken Stadt errichtet.,
96,96,Balli Dag ,"The mound of Balli Dag is one of the westernmost foothills of the Ida range. The settlement is located on the eastern side of the village Pinarbasi. The actual site is located in the south-eastern part of the hill above the Kara Menderes. Four tumuli are in this area, three to the north of the settlement on the eastern edge of the plateau and one south of the site. On the western side of the plateau is a necropolis that extends downslope. Jean Baptiste Lechevalier regarded this site to have been the Homeric Ilios. He believed in the springs of Pinarbasi to have been the hot and cold springs of the Scamander describe by Homer in the Iliad . Schliemann's discovery of Troy at Hisarlik ultimately disproved this thesis. Ruins and finds in the settlement prove habitation in the Greek period (6 th -3 rd cent. BCE). Schliemann published some finds and ceramic fragments. The Anatolian Gray Ware dates to Troy VI. Based on these finds, Anne-Ulrike Kossatz-Pompe places the first habitation of the site in the Late Bronze Age.","Balli Dag hoyugu, Kaz Daglari'nin en bati eteklerinden biridir. Yerlesim Pinarbasi koyunun dogu tarafinda yer almaktadir. Asil yerlesim yeri Kara Menderes'in uzerindeki tepenin guneydogu kisminda yer almaktadir. Bu alanda, ucu platonun dogu kenarindaki yerlesimin kuzeyinde ve biri yerlesimin guneyinde olmak uzere dort tumulus bulunmaktadir. Platonun bati tarafinda yamac asagi uzanan bir nekropol bulunmaktadir. Jean Baptiste Lechevalier bu bolgenin Homeros'un Ilios'u oldugunu dusunmektedir. Pinarbasi'ndaki pinarlarin Homeros'un adli eserinde anlattigi Scamander'in sicak ve soguk pinarlari olduguna inaniyordu. Ilyada . Schliemann'in Hisarlik'ta Troya'yi kesfetmesi bu tezi curutmustur. Yerlesimdeki kalintilar ve buluntular Yunan donemindeki yerlesimi kanitlamaktadir (6 th -3 rd yuzyil. M.O.). Schliemann bazi buluntulari ve seramik parcalarini yayinlamistir. Anadolu Gri Mallari Troya VI'ya tarihlenmektedir. Bu buluntulara dayanarak Anne-Ulrike Kossatz-Pompe, yerlesimin ilk iskanini Gec Tunc Cagi'na yerlestirmektedir.","Der Hugel von Balli Dag ist einer der westlichsten Auslaufer des Ida-Gebirges. Die Siedlung befindet sich an der Ostseite des Dorfes Pinarbasi. Die eigentliche Statte befindet sich im sudostlichen Teil des Hugels oberhalb des Kara Menderes. Vier Grabhugel befinden sich in diesem Gebiet, drei nordlich der Siedlung am ostlichen Rand des Plateaus und einer sudlich der Statte. Auf der westlichen Seite des Plateaus befindet sich eine Nekropole, die sich bergabwarts erstreckt. Jean Baptiste Lechevalier hielt diesen Ort fur das homerische Ilios. Er glaubte, dass es sich bei den Quellen von Pinarbasi um die heiﬂen und kalten Quellen des Scamander handelte, die Homer in der Ilias beschreibt. Ilias ...x000D_ Schliemanns Entdeckung von Troja in Hisarlik widerlegte diese These schlieﬂlich. Ruinen und Funde in der Siedlung belegen eine Besiedlung in griechischer Zeit (6 th -3. rd Jahrhundert. BCE). Schliemann veroffentlichte einige Funde und Keramikfragmente. Die anatolische Graue Ware datiert auf Troja VI. Auf der Grundlage dieser Funde ordnet Anne-Ulrike Kossatz-Pompe die erste Besiedlung der Statte in die spate Bronzezeit ein.",
97,97,Kalanuro Tepesi ,"The settlement lies on the north shore of the Dardanelles, 5 km south of Gelibolu. It was discovered by Mehmet Ozdogan. Road constructions revealed a number of pithoi and graves indicating an ancient settlement. The site's stratified horizons are exposed on the scars facing the sea. Sherds dating to Troy I and Troy VI have been found.","Yerlesim Canakkale Bogazi'nin kuzey kiyisinda, Gelibolu'nun 5 km guneyinde yer almaktadir. Mehmet Ozdogan tarafindan kesfedilmistir. Yol insaatlari, eski bir yerlesime isaret eden bir dizi kup ve mezar ortaya cikarmistir. Alanin tabakali horizonlari denize bakan yariklarda aciga cikarilmistir. Troya I ve Troya VI'ya tarihlenen canak comlek parcalari bulunmustur.","Die Siedlung liegt an der Nordkuste der Dardanellen, 5 km sudlich von Gelibolu. Sie wurde von Mehmet Ozdogan entdeckt. Bei Straﬂenbauarbeiten wurden mehrere Pithoi und Graber entdeckt, die auf eine antike Siedlung hinweisen. Die stratifizierten Horizonte der Statte sind auf den Narben zum Meer hin freigelegt. Es wurden Scherben gefunden, die auf Troja I und Troja VI datiert wurden.",
98,98,"Boyalik Tepe I, II",,,,
99,99,Karsikir Mevkii,The settlement is located 1 km south of the village of Ulfeciler in the district town of Sandikli. No excavations have been carried out so far.,"Yerlesim, Sandikli ilcesine bagli Ulfeciler koyunun 1 km guneyinde yer almaktadir. Simdiye kadar herhangi bir kazi calismasi yapilmamistir.",Die Siedlung befindet sich 1 km sudlich des Dorfes Ulfeciler in der Kreisstadt Sandikli. Bisher wurden noch keine Ausgrabungen durchgefuhrt.,
100,100,Dura Yeri ,The necropolis area is located about 5 km west of the district town of Bolvadin. No excavations have been carried out so far.,Nekropol alani Bolvadin ilce merkezinin yaklasik 5 km batisinda yer almaktadir. Simdiye kadar herhangi bir kazi yapilmamistir.,Das Gebiet der Nekropole befindet sich etwa 5 km westlich der Kreisstadt Bolvadin. Bisher wurden noch keine Ausgrabungen durchgefuhrt.,
101,101,Caldiratmaz Mevkii ,The necropolis is located about 1.5 km east of the district town of Bolvadin. On the north side of the highway between Bolvadin and the village of Dipevler. No excavations have been carried out so far.,"Nekropol, Bolvadin ilce merkezinin yaklasik 1,5 km dogusunda yer almaktadir. Bolvadin ile Dipevler koyu arasindaki karayolunun kuzey tarafindadir. Simdiye kadar herhangi bir kazi yapilmamistir.","Die Nekropole befindet sich etwa 1,5 km ostlich der Kreisstadt Bolvadin. Auf der Nordseite der Landstraﬂe zwischen Bolvadin und dem Dorf Dipevler. Bisher wurden noch keine Ausgrabungen durchgefuhrt.",
102,102,Hasanli Hoyuk,The tell settlement is located 2.5 km west of the village of Karaadilli in the district of Suhut in Afyonkarahisar. No excavations have been carried out so far.,"Hoyuk yerlesimi Afyonkarahisar'in Suhut ilcesine bagli Karaadilli koyunun 2,5 km batisinda yer almaktadir. Simdiye kadar herhangi bir kazi yapilmamistir.","Die Tellsiedlung befindet sich 2,5 km westlich des Dorfes Karaadilli im Bezirk Suhut in Afyonkarahisar. Bisher wurden noch keine Ausgrabungen durchgefuhrt.",
103,103,Tatarderesi-Hacigebes,,,,
104,104,Rhodes-Trianda ,,,,
105,105,Hanay Tepe ,"Hanay Tepe is located 7.5 km southeast of Hisarlik, just west of the village Tastepe in the district of Ezine. Along the southeastern edge of the tell runs the Kemer Su, a stream that has been equated with the ancient Thymbros. The site was first excavated by Frank Calvert in 1853, at the time it was the first systematic excavation of a stratified site. Financial support from Heinrich Schliemann permitted Calvert to continue excavations in 1878-79. According to Calvert, the settlement consists of three principle horizons: B at the bottom, C in the middle and A on top. Calvert correlated the lowest stratum (B) with Troy I/II, stratum C with Troy VI/VII and stratum A with a long period from Archaic to Byzantine times. Calvert said that the settlement was surrounded by a protective wall. Ceramics from stratum C dates to the 2 nd mill. BCE and is for the most part wheel-made. Some hand-made ware occurs as well. No forms dating to Troy VII were found. Apparently the settlement was abandoned at the end of Troy VI.","Hanay Tepe, Hisarlik'in 7,5 km guneydogusunda, Ezine ilcesine bagli Tastepe koyunun hemen batisinda yer almaktadir. Soylencenin guneydogu kenari boyunca, antik Thymbros ile es tutulan bir dere olan Kemer Suyu akmaktadir. Alan ilk olarak 1853 yilinda Frank Calvert tarafindan kazilmistir ve o donemde tabakali bir alanda yapilan ilk sistematik kazidir. Heinrich Schliemann'in mali destegi Calvert'in 1878-79 yillarinda kazilara devam etmesini saglamistir. Calvert'e gore yerlesim uc ana horizondan olusmaktadir: En altta B, ortada C ve en ustte A. Calvert en alttaki tabakayi (B) Troya I/II ile, C tabakasini Troya VI/VII ile ve A tabakasini da Arkaik donemden Bizans donemine kadar uzanan uzun bir donemle iliskilendirmistir. Calvert, yerlesimin koruyucu bir duvarla cevrili oldugunu soylemistir. C tabakasindaki seramikler 2 donemine tarihlenmektedir. nd degirmen. MO. ve cogunlukla cark yapimidir. Bazi el yapimi mallar da mevcuttur. Troya VII'ye tarihlenen hicbir form bulunamamistir. Gorunuse gore yerlesim Troya VI'nin sonunda terk edilmistir.","Hanay Tepe befindet sich 7,5 km sudostlich von Hisarlik, direkt westlich des Dorfes Tastepe im Bezirk Ezine. Entlang des sudostlichen Randes des Tells flieﬂt der Kemer Su, ein Fluss, der mit dem antiken Thymbros gleichgesetzt wird. Die Statte wurde erstmals 1853 von Frank Calvert ausgegraben. Damals war es die erste systematische Ausgrabung einer geschichteten Statte. Die finanzielle Unterstutzung von Heinrich Schliemann ermoglichte es Calvert, die Ausgrabungen 1878-79 fortzusetzen. Nach Calvert besteht die Siedlung aus drei Haupthorizonten: B am Boden, C in der Mitte und A oben. Calvert setzte die unterste Schicht (B) mit Troja I/II, Schicht C mit Troja VI/VII und Schicht A mit einer langen Periode von der archaischen bis zur byzantinischen Zeit in Verbindung. Calvert sagte, dass die Siedlung von einer Schutzmauer umgeben war. Die Keramik aus Schicht C stammt aus dem 2 nd Jahrtausend. BCE und ist groﬂtenteils auf Radern hergestellt. Es gibt auch einige handgefertigte Stucke. Es wurden keine Formen gefunden, die auf Troja VII datiert sind. Offenbar wurde die Siedlung am Ende von Troja VI aufgegeben.",
106,106,In Limani,,,,
107,107,Sestos,"The ancient city is located on the northern shore of the Dardanelles and overbuilt by a Byzantine/Ottoman fortification whose ruins are still preserved. Surface finds date back to the 2 nd mill. BCE. Since the Archaic up until Roman times, Sestos was an important city.","Canakkale Bogazi'nin kuzey kiyisinda yer alan antik kent, kalintilari halen korunmakta olan bir Bizans/Osmanli suru tarafindan insa edilmistir. Yuzey buluntulari 2'ye kadar uzanmaktadir. nd Degirmen. M.O. Arkaik Cag'dan Roma donemine kadar Sestos onemli bir sehirdi.","Die antike Stadt liegt am Nordufer der Dardanellen und wurde von einer byzantinisch/osmanischen Festung uberbaut, deren Ruinen noch erhalten sind. Oberflachenfunde stammen aus dem 2 nd Jahrtausend. BCE. Seit der Archaik bis zur Romerzeit war Sestos eine wichtige Stadt.",
108,108,Cobantepe (Tavolia),"The settlement is located on the southern shore of the Dardanelles, 2km northeast of Kumkale. From a spur that is slightly protruding into the straits the settlement spread to the southwest. So far no excavations have been made. Surface finds date to the Early Bronze Age (Troy I) and the Late Bronze Age (Troy VI).","Yerlesim, Canakkale Bogazi'nin guney kiyisinda, Kumkale'nin 2 km kuzeydogusunda yer almaktadir. Bogazin icine dogru hafifce cikinti yapan bir mahmuzdan yerlesim guneybatiya dogru yayilmistir. Simdiye kadar herhangi bir kazi yapilmamistir. Yuzey buluntulari Erken Tunc Cagi (Troya I) ve Gec Tunc Cagi'na (Troya VI) tarihlenmektedir.","Die Siedlung liegt am Sudufer der Dardanellen, 2 km nordostlich von Kumkale. Von einem Sporn aus, der leicht in die Meerenge hineinragt, breitete sich die Siedlung in Richtung Sudwesten aus. Bisher wurden noch keine Ausgrabungen vorgenommen. Die Oberflachenfunde stammen aus der fruhen Bronzezeit (Troja I) und der spaten Bronzezeit (Troja VI).",
109,109,Figla Tepe ,"Figla Tepe is located near the southern end of the Kara Menderes floodplain at Troy, 1.5 km south of the village Tastepe and 500 m west of the road from Canakkale to Ezine. So far, no excavations have been made. Heinrich Schliemann reports two concentric circles of fortification walls with an internal diameter of 60 m that were about 50 m apart. John Manuel Cook visited the mound and regarded it as a fortress or refuge site. According to him, the many natural stones in the area belonged to the former buildings. Cook saw fragments of pithoi and ceramics but did not date them. Schliemann saw only raw, unglazed and unpainted wheelmade pottery that was thoroughly fired and showed a red color. The Troy excavation team found only a few Gray Ware pieces. The place may have been a citadel dating to the Troy VI period.","Figla Tepe, Troya'da Kara Menderes taskin yataginin guney ucuna yakin bir yerde, Tastepe koyunun 1,5 km guneyinde ve Canakkale'den Ezine'ye giden yolun 500 m batisinda yer almaktadir. Simdiye kadar herhangi bir kazi yapilmamistir. Heinrich Schliemann, aralarinda yaklasik 50 m mesafe bulunan, ic capi 60 m olan iki esmerkezli sur cemberinden bahsetmektedir. John Manuel Cook hoyugu ziyaret etmis ve burayi bir kale ya da siginak alani olarak degerlendirmistir. Ona gore, bolgedeki cok sayida dogal tas eski yapilara aitti. Cook kup ve seramik parcalari gormus ancak bunlari tarihlememistir. Schliemann sadece iyice pisirilmis ve kirmizi renk gosteren ham, sirsiz ve boyasiz cark yapimi canak comlekler gormustur. Troya kazi ekibi sadece birkac Gri Mal parcasi bulmustur. Burasi Troya VI doneminden kalma bir kale olabilir.","Figla Tepe befindet sich in der Nahe des sudlichen Endes der Kara Menderes-Aue bei Troy, 1,5 km sudlich des Dorfes Tastepe und 500 m westlich der Straﬂe von Canakkale nach Ezine. Bisher wurden noch keine Ausgrabungen vorgenommen. Heinrich Schliemann berichtet von zwei konzentrischen Kreisen von Befestigungsmauern mit einem Innendurchmesser von 60 m, die etwa 50 m voneinander entfernt waren. John Manuel Cook besuchte den Hugel und hielt ihn fur eine Festung oder einen Zufluchtsort. Ihm zufolge gehorten die vielen Natursteine in der Umgebung zu den ehemaligen Gebauden. Cook sah Fragmente von Pithoi und Keramik, konnte sie aber nicht datieren. Schliemann sah nur rohe, unglasierte und unbemalte Topferware, die grundlich gebrannt war und eine rote Farbe aufwies. Das Ausgrabungsteam von Troy fand nur einige wenige Stucke aus Grauer Ware. Der Ort konnte eine Zitadelle aus der Zeit von Troja VI gewesen sein.",
110,110,Isildak Tepe ,"Isildak Tepe is located on the southern shore of the Dardanelles, 5 km west of the village Intepe. The site was discovered in 1976 by Askidil Akarca. No architectural remains are visible today. A. Akarca found vessel fragments similar to Troy I and Troy VI. Peter Pavuk and Cornelia Schubert saw numerous Late Bronze Age ceramic fragments dating to early Troia VI up until Troy VIIa.","Isildak Tepe, Canakkale Bogazi'nin guney kiyisinda, Intepe koyunun 5 km batisinda yer almaktadir. Alan 1976 yilinda Askidil Akarca tarafindan kesfedilmistir. Bugun herhangi bir mimari kalinti gorulmemektedir. A. Akarca, Troya I ve Troya VI'ya benzer kap parcalari bulmustur. Peter Pavuk ve Cornelia Schubert, Troia VI'nin baslarindan Troia VIIa'ya kadar uzanan cok sayida Gec Tunc Cagi seramik parcasi gormustur.","Isildak Tepe liegt am Sudufer der Dardanellen, 5 km westlich des Dorfes Intepe. Die Statte wurde 1976 von Askidil Akarca entdeckt. Heute sind keine architektonischen Uberreste zu sehen. A. Akarca fand Gefaﬂfragmente, die denen von Troja I und Troja VI ahneln. Peter Pavuk und Cornelia Schubert sahen zahlreiche spatbronzezeitliche Keramikfragmente, die auf das fruhe Troia VI bis hin zu Troy VIIa datiert werden.",
111,111,Eski Kale (Rhoiteion) ,"The settlement is located on the southern side of the Dardanelles, 2.5 kilometers west of the village Intepe (Erenkoy) near Canakkale. The place is mentioned in the archaeological literature under various names, including Harap Kale, Eski Kale, Kukumagu Tepe and Tepe Baykus. The most customary name is Rhoiteion or Eski Kale in Turkish. The site lies on a plateau-like hills about 40 meters above sea level. W. Leaf and J. Cook identified this site with the ancient Rhoiteion. Most pottery found dates to the Archaic and Classical period. In 1935, the US-American excavation team at Troy found here pieces dating to Troy VI-VII. J. Cook, however, dated the earliest pottery to 700 BCE.","Yerlesim Canakkale Bogazi'nin guney tarafinda yer almaktadir, Canakkale yakinlarindaki Intepe (Erenkoy) koyunun 2,5 kilometre batisindadir. Yer, arkeoloji literaturunde Harap Kale, Eski Kale, Kukumagu Tepe ve Tepe Baykus gibi cesitli isimlerle anilmaktadir. Turkce'de en yaygin kullanilan isim Rhoiteion ya da Eski Kale'dir. Alan, deniz seviyesinden yaklasik 40 metre yukseklikte plato benzeri bir tepede yer almaktadir. W. Leaf ve J. Cook bu alani antik Rhoiteion ile ozdeslestirmistir. Bulunan canak comleklerin cogu Arkaik ve Klasik doneme aittir. 1935 yilinda Troia'daki Amerikan kazi ekibi burada Troia VI-VII'ye tarihlenen parcalar bulmustur. Ancak J. Cook en erken canak comlegi MO 700'e tarihlemistir.","Die Siedlung befindet sich auf der sudlichen Seite der Dardanellen, 2,5 Kilometer westlich des Dorfes Intepe (Erenkoy) bei Canakkale. Der Ort wird in der archaologischen Literatur unter verschiedenen Namen erwahnt, darunter Harap Kale, Eski Kale, Kukumagu Tepe und Tepe Baykus. Der gebrauchlichste Name ist Rhoiteion oder Eski Kale auf Turkisch. Die Statte liegt auf einer plateauartigen Anhohe etwa 40 Meter uber dem Meeresspiegel. W. Leaf und J. Cook identifizierten diesen Ort mit dem antiken Rhoiteion. Die meisten gefundenen Topferwaren stammen aus der archaischen und klassischen Periode. Im Jahr 1935 fand das US-amerikanische Ausgrabungsteam von Troja hier Stucke, die auf Troja VI-VII datiert wurden. J. Cook hingegen datierte die fruhesten Topferwaren auf 700 v. Chr.",
112,112,Mal Tepe (Dardanos) ,"The Settlement lies on the southern coast of the Dardanelles, south of the village Kepez near Canakkale. During the 1950s, the Classical necropolis of Dardanos, including an important tumulus, was discovered there. There is virtually no information about the Bronze Age habitation of the site. During his visit in the 1960, J. M. Cook found Gray Ware that he regarded as Late Bronze Age.","Yerlesim, Canakkale Bogazi'nin guney kiyisinda, Canakkale yakinlarindaki Kepez koyunun guneyinde yer almaktadir. 1950'lerde, onemli bir tumulus de dahil olmak uzere Dardanos'un Klasik nekropolu burada kesfedilmistir. Alanin Tunc Cagi yerlesimi hakkinda neredeyse hicbir bilgi yoktur. J. M. Cook, 1960 yilindaki ziyareti sirasinda Gec Tunc Cagi'na ait oldugunu dusundugu Gri Mallar bulmustur.","Die Siedlung liegt an der Sudkuste der Dardanellen, sudlich des Dorfes Kepez bei Canakkale. In den 1950er Jahren wurde dort die klassische Nekropole von Dardanos, einschlieﬂlich eines bedeutenden Grabhugels, entdeckt. Es gibt so gut wie keine Informationen uber die bronzezeitliche Besiedlung der Statte. Wahrend seines Besuchs im Jahr 1960 fand J. M. Cook Gray Ware, die er der spaten Bronzezeit zuordnete.",
113,113,Hantepe ,"The Settlement is located on the Aegean coast opposite of the island of Tenedos in the district of Ezine. The cape lies 4 km south of Kumburnu. The hill rises about 7 meters above the surrounding area. So far, no excavations have been conducted. In addition to Early and Late Bronze Age pottery (Troy I, Troy VI), J. M. Cook also found Classical and Roman pottery.","Yerlesim, Ezine ilcesinde Bozcaada'nin karsisinda Ege kiyisinda yer almaktadir. Burun, Kumburnu'nun 4 km guneyinde yer almaktadir. Tepe, cevredeki alandan yaklasik 7 metre yukselmektedir. Simdiye kadar herhangi bir kazi yapilmamistir. J. M. Cook, Erken ve Gec Tunc Cagi canak comleginin (Troya I, Troya VI) yani sira Klasik ve Roma canak comlegi de bulmustur.","Die Siedlung befindet sich an der Agaiskuste gegenuber der Insel Tenedos im Bezirk Ezine. Das Kap liegt 4 km sudlich von Kumburnu. Der Hugel erhebt sich etwa 7 Meter uber die Umgebung. Bisher wurden noch keine Ausgrabungen durchgefuhrt. Neben Keramik aus der fruhen und spaten Bronzezeit (Troja I, Troja VI) fand J. M. Cook auch Keramik aus der klassischen und romischen Zeit.",
114,114,Ciftlik Tepe ,The Settlement mound of Ciftlik Tepe is located on the western margin of the country town Bayramic and belongs to the estate of the Hadimoglu family. The hill is about 15-20 m higher than the adjacent riverbed. J. M. Cook quotes James Mellaart who has found Troy I black burnished inverted-rim bowls and hand-made and wheel-made 2 nd mill. BCE Gray and Red Ware. On the north and west slope of the settlement ceramic similar to Troy V-VI as well as Roman and Byzantine sherds were found.,"Ciftlik Tepe Yerlesim Hoyugu, Bayramic'in bati sinirinda yer alir ve Hadimoglu ailesinin mulkune aittir. Tepe, bitisigindeki nehir yatagindan yaklasik 15-20 m daha yuksektir. J. M. Cook, James Mellaart'in Troya I'de siyah perdahli ters cevrilmis kaseler ve el yapimi ve cark yapimi 2 nd Degirmen. M.O. Gri ve Kirmizi Mal. Yerlesimin kuzey ve bati yamacinda Troya V-VI'ya benzer seramiklerin yani sira Roma ve Bizans canak comlek parcalari bulunmustur.","Der Siedlungshugel Ciftlik Tepe befindet sich am westlichen Rand der Landstadt Bayramic und gehort zum Anwesen der Familie Hadimoglu. Der Hugel liegt etwa 15-20 m hoher als das angrenzende Flussbett. J. M. Cook zitiert James Mellaart, der aus Troja I schwarz brunierte Stulpdeckelschalen und hand- und radgefertigte 2 nd Jahrtausend. BCE Gray und Red Ware. Am Nord- und Westhang der Siedlung wurde Keramik gefunden, die Troy V-VI ahnelt, sowie romische und byzantinische Scherben.",
115,115,Dalyan,"Die Siedlung liegt1 km nordlich des Kaps der Stadt Alexandria Troas. Im Rahmen der Gelandebegehungen John Manuel Cook konnte im Jahr 1959 eine fruh- und Spatbronzezeitliche Nutzung nachwiesen. Keramik: Troy I inverted-rim bowl, second millennium grey found 1967; In der Topferscheibe gemachte grau farbigen Scherben.","Yerlesim Alexandria Troas sehrinin burnunun 1 km kuzeyinde yer almaktadir. John Manuel Cook, 1959 yilinda yerlesimin Erken Tunc Cagi ve Gec Tunc Cagi'nda kullanildigina dair kanitlar sunmustur. Canak Comlek: Troya I ters cevrilmis kenarli kase, ikinci binyil grisi 1967'de bulunmustur; comlekci carkinda yapilmis gri renkli parcalar.","Die Siedlung liegt1 km nordlich des Kaps der Stadt Alexandria Troas. Im Rahmen der Gelandebegehungen John Manuel Cook konnte im Jahr 1959 eine fruh- und Spatbronzezeitliche Nutzung nachwiesen. Keramik: Troy I inverted-rim bowl, second millennium grey found 1967; In der Topferscheibe gemachte grau farbigen Scherben.",
116,116,Kumbet Kocabahce ,"The settlement is situated 1 km north-northeast of the village Kemalli in Ezine. According to J. M. Cook, prehistoric pottery is abundantly present. J. Mellaart is said to have found Troy I and Troy VI material. (Luwian Studies could not locate the site)","Yerlesim Ezine'ye bagli Kemalli koyunun 1 km kuzey-kuzeydogusunda yer almaktadir. J. M. Cook'a gore, tarih oncesi canak comlek bol miktarda mevcuttur. J. Mellaart'in Troya I ve Troya VI'da malzeme buldugu soylenmektedir. (Luwian Studies sitenin yerini tespit edemedi)",Die Siedlung befindet sich 1 km nord-nordostlich des Dorfes Kemalli in Ezine. Laut J. M. Cook ist prahistorische Keramik im Uberfluss vorhanden. J. Mellaart soll Material aus Troja I und Troja VI gefunden haben. (Luwian Studies konnte die Statte nicht ausfindig machen),
117,117,Besik Tepe (Kolonai) ,"The settlement lies on the Aegean coast south of Alexandria Troas and west of the village Akcakecili in the district of Ezine. Frank Calvert identified this place in 1859 with ancient Kolonai. The settlement consists of two parts, the large south hill and a smaller north hill. It appears to consist of an upper and a lower town. J. M. Cook says that J. Mellaart identified dark burnished ware of Troy I-II date and a bit of Late Bronze Age Gray Ware with wavy line Ornament.","Yerlesim, Alexandria Troas'in guneyinde ve Ezine ilcesine bagli Akcakecili koyunun batisinda, Ege kiyisinda yer almaktadir. Frank Calvert 1859 yilinda burayi antik Kolonai ile ozdeslestirmistir. Yerlesim, buyuk guney tepesi ve daha kucuk bir kuzey tepesi olmak uzere iki bolumden olusmaktadir. Bir yukari ve bir asagi kasabadan olusuyor gibi gorunmektedir. J. M. Cook, J. Mellaart'in Troya I-II donemine ait koyu ackili mallar ve dalgali cizgi suslemeli bir parca Gec Tunc Cagi Gri Mal tespit ettigini soylemektedir.","Die Siedlung liegt an der Agaiskuste sudlich von Alexandria Troas und westlich des Dorfes Akcakecili im Bezirk Ezine. Frank Calvert identifizierte diesen Ort im Jahr 1859 mit dem antiken Kolonai. Die Siedlung besteht aus zwei Teilen, dem groﬂen Sudhugel und einem kleineren Nordhugel. Sie scheint aus einer Ober- und einer Unterstadt zu bestehen. J. M. Cook sagt, dass J. Mellaart dunkle, brunierte Ware aus Troja I-II und etwas spatbronzezeitliche graue Ware mit Wellenlinienornamenten identifiziert hat.",
118,118,Asartepe (in Gelibolu) ,"The small hill lies on the northern shore of the Dardanelles, 3 km south of the village Ilgardere in the district of Eceabat. David French first identified the settlement as being prehistoric. Mehmet Ozdogan visited the site and confirmed that it was inhabited throughout the Bronze Age. Almost all Troy phases (I-VI) are represented. In addition, Hellenistic and Roman pottery was also found.","Kucuk tepe, Canakkale Bogazi'nin kuzey kiyisinda, Eceabat ilcesine bagli Ilgardere koyunun 3 km guneyinde yer almaktadir. Yerlesimin tarih oncesine ait oldugunu ilk olarak David French tespit etmistir. Mehmet Ozdogan yerlesimi ziyaret etmis ve Tunc Cagi boyunca iskan edildigini dogrulamistir. Neredeyse tum Troya evreleri (I-VI) temsil edilmektedir. Ayrica Helenistik ve Roma canak comlekleri de bulunmustur.","Der kleine Hugel liegt am Nordufer der Dardanellen, 3 km sudlich des Dorfes Ilgardere im Bezirk Eceabat. David French identifizierte die Siedlung zuerst als prahistorisch. Mehmet Ozdogan besuchte die Statte und bestatigte, dass sie wahrend der gesamten Bronzezeit bewohnt war. Fast alle Troja-Phasen (I-VI) sind vertreten. Daruber hinaus wurde auch hellenistische und romische Keramik gefunden.",
119,119,Savrantepe,"The settlement is located 5 km north of the district town of Ezine, right next to the highway between Canakkale and Ezine. The place is interpreted to have been a fortress to protect the route between southern and northern valley of the Kara Menderes in antiquity. Late Bronze Age, late Classical and Hellenistic pottery has been found there.","Yerlesim, Ezine ilcesinin 5 km kuzeyinde, Canakkale ile Ezine arasindaki karayolunun hemen yaninda yer almaktadir. Buranin antik donemde Kara Menderes'in guney ve kuzey vadileri arasindaki yolu korumak icin bir kale oldugu dusunulmektedir. Burada Gec Tunc Cagi, Gec Klasik ve Helenistik doneme ait canak comlekler bulunmustur.","Die Siedlung liegt 5 km nordlich der Kreisstadt Ezine, direkt an der Schnellstraﬂe zwischen Canakkale und Ezine. Man nimmt an, dass der Ort in der Antike eine Festung zum Schutz des Weges zwischen dem sudlichen und nordlichen Tal des Kara Menderes war. Man hat dort Keramik aus der spaten Bronzezeit, der Spatklassik und dem Hellenismus gefunden.",
120,120,Bozyer,"The settlement is located 4 km south of Lake Marmara (Gygaean Lake). It covers 14 hectares and is up to 15 meters high. Ceramic analysis initiated by Christopher H. Roosevelt and Ciler Cilingiroglu Unlusoy argue that the habitation began most likely during the Chalcolithic period. The earliest ceramic finds show similarities with the other West Anatolian settlements. The place appears to have been densely populated during the Early Bronze Age. Middle and Late Bronze Age pottery is also present. Much of the LBA pottery is similar to Troy VI and VII. Grey Ware and gray surfaces with mica are typical of West Anatolian Ware. In addition, wheel-made fine ware of good quality and with a yellow-brown color was also found. Very little Roman Terra Sigillata might hint at a Roman settlement. No excavations have been conducted so far.","Yerlesim Marmara Golu'nun (Gygaean Golu) 4 km guneyinde yer almaktadir. 14 hektarlik bir alani kaplar ve yuksekligi 15 metreye kadar cikar. Christopher H. Roosevelt ve Ciler Cilingiroglu Unlusoy tarafindan baslatilan seramik analizleri, yerlesimin buyuk olasilikla Kalkolitik donemde basladigini savunmaktadir. En erken seramik buluntulari diger Bati Anadolu yerlesimleriyle benzerlik gostermektedir. Burasi Erken Tunc Cagi'nda yogun bir yerlesime sahne olmus gibi gorunmektedir. Orta ve Gec Tunc Cagi canak comlegi de mevcuttur. Ilk Tunc Cagi canak comleginin cogu Troya VI ve VII ile benzerlik gostermektedir. Gri mallar ve mikali gri yuzeyler tipik Bati Anadolu mallaridir. Ayrica, iyi kalitede ve sari-kahverengi renkte cark yapimi ince mallar da bulunmustur. Cok az Roman Terra Sigillata bir Roma yerlesimine isaret edebilir. Simdiye kadar herhangi bir kazi yapilmamistir.","Die Siedlung liegt 4 km sudlich des Marmara-Sees (Gygaean-See). Sie erstreckt sich uber 14 Hektar und ist bis zu 15 Meter hoch. Keramische Analysen, die von Christopher H. Roosevelt und Ciler Cilingiroglu Unlusoy initiiert wurden, legen nahe, dass die Besiedlung hochstwahrscheinlich in der Chalkolithischen Periode begann. Die fruhesten Keramikfunde zeigen Ahnlichkeiten mit den anderen westanatolischen Siedlungen. Der Ort scheint wahrend der fruhen Bronzezeit dicht besiedelt gewesen zu sein. Keramik aus der mittleren und spaten Bronzezeit ist ebenfalls vorhanden. Ein Groﬂteil der LBA-Keramik ahnelt Troy VI und VII. Graue Ware und graue Oberflachen mit Glimmer sind typisch fur westanatolische Ware. Daruber hinaus wurde auch auf der Drehscheibe hergestellte Feinkeramik von guter Qualitat und mit einer gelb-braunen Farbe gefunden. Sehr wenig romische Terra Sigillata konnte auf eine romische Siedlung hindeuten. Bisher wurden noch keine Ausgrabungen durchgefuhrt.",
121,121,Gavurtepe-Alasehir,"The settlement is located on the southwest side of the district city Alasehir in the Manisa province. It was investigated and excavated from 1987 to 1991 by Recep Meric. Habitation began during the Early Bronze Age. During the Late Bronze Age the mound was surrounded by a fortification wall. Excavations of the wall on the south and west side of the settlement brought to light Cyclopean masonry. The excavator interpreted two orthostats on the west side to have formed the main entrance to the settlement - arguing against Rudolf Naumann who said he had not seen orthostats in architecture of the 3 rd and 2 nd mill. BCE in western Asia Minor. A megaron was excavated at the highest point of the settlement mound. The 30 m long and 12 m wide building also consisted of Cyclopean walls are about 2 m thick. Recep Meric dated the megaron based on ceramics to the middle of the 2 nd mill. BCE or a little later. Machteld J. Mellink argued that it was erected in the 15 th cent. BCE and that it burned down towards the end of the Bronze Age. The ceramics are for the most part indigenous, as indicated by unglazed and black glazed spouted pitchers. Some Mycenaean pottery was also found","Yerlesme Manisa iline bagli Alasehir ilcesinin guneybatisinda yer almaktadir. Recep Meric tarafindan 1987-1991 yillari arasinda arastirilmis ve kazilmistir. Yerlesim Erken Tunc Cagi'nda baslamistir. Gec Tunc Cagi'nda hoyugun etrafi bir sur duvari ile cevrilmistir. Yerlesimin guney ve bati tarafindaki duvarlarda yapilan kazilar Kiklop duvar isciligini gun isigina cikarmistir. Kazi baskani, 3 mimarisinde ortostat gormedigini soyleyen Rudolf Naumann'a karsi cikarak, bati tarafindaki iki ortostatin yerlesimin ana girisini olusturdugunu yorumlamistir. rd ve 2 nd mil. Bati Kucuk Asya'da MO. Yerlesim hoyugunun en yuksek noktasinda bir megaron kazilmistir. 30 m uzunlugunda ve 12 m genisligindeki yapinin kiklopik duvarlari da yaklasik 2 m kalinligindadir. Recep Meric megaronu seramiklere dayanarak 2'nin ortalarina tarihlendirmistir. nd milattan once. M.O. ya da biraz daha sonra. Machteld J. Mellink, 15 yilinda insa edildigini ileri surmustur. th yuzyilda insa edilmistir. 'a tarihlenmektedir ve Tunc Cagi'nin sonlarina dogru yanmistir. Sirsiz ve siyah sirli gaga agizli testilerin de gosterdigi gibi, seramikler cogunlukla yereldir. Bazi Miken canak comlekleri de bulunmustur","Die Siedlung liegt an der sudwestlichen Seite der Kreisstadt Alasehir in der Provinz Manisa. Sie wurde von 1987 bis 1991 von Recep Meric untersucht und ausgegraben. Die Besiedlung begann in der fruhen Bronzezeit. Wahrend der Spatbronzezeit war der Hugel von einer Befestigungsmauer umgeben. Ausgrabungen der Mauer an der Sud- und Westseite der Siedlung brachten zyklopisches Mauerwerk zu Tage. Der Ausgraber interpretierte zwei Orthostaten an der Westseite als den Haupteingang der Siedlung - im Gegensatz zu Rudolf Naumann, der sagte, er habe keine Orthostaten in der Architektur des 3 rd und 2 nd Jahrtausends. BCE im westlichen Kleinasien. Am hochsten Punkt des Siedlungshugels wurde ein Megaron ausgegraben. Das 30 m lange und 12 m breite Gebaude bestand ebenfalls aus zyklopischen Mauern, die etwa 2 m dick sind. Recep Meric datierte das Megaron anhand von Keramik auf die Mitte des 2 nd Jahrtausends. BCE oder ein wenig spater. Machteld J. Mellink argumentierte, dass es im 15 th Jahrhundert. BCE errichtet wurde und gegen Ende der Bronzezeit niederbrannte. Die Keramik ist groﬂtenteils einheimisch, wie die unglasierten und schwarz glasierten Kruge mit Ausguss zeigen. Es wurden auch einige mykenische Keramiken gefunden.",
122,122,Akhisar Hoyuk,"The tell lies approximately 3 km south of the center of the district town Akhisar in Manisa. According to David French, the settlement is located 600 meters west of the road from Akhisar to Golmarmara. So far, no excavations have been made. The settlement is 150 x 100 m in size and about 3 high. Surface finds indicate habitation in the Early, Middle and Late Bronze Age. The 2 nd mill. BCE produced Gray Ware in particular.","Manisa'nin Akhisar ilce merkezinin yaklasik 3 km guneyinde yer almaktadir. David French'e gore yerlesim, Akhisar'dan Golmarmara'ya giden yolun 600 metre batisinda yer almaktadir. Simdiye kadar herhangi bir kazi yapilmamistir. Yerlesim 150 x 100 m boyutlarinda ve yaklasik 3 yuksekligindedir. Yuzey buluntulari Erken, Orta ve Gec Tunc Cagi'nda yerlesime isaret etmektedir. 2 nd degirmen. BCE ozellikle Gray Ware uretmistir.","Der Tell liegt etwa 3 km sudlich des Zentrums der Kreisstadt Akhisar in Manisa. Laut David French befindet sich die Siedlung 600 Meter westlich der Straﬂe von Akhisar nach Golmarmara. Bisher wurden noch keine Ausgrabungen vorgenommen. Die Siedlung ist 150 x 100 m groﬂ und etwa 3 Meter hoch. Oberflachenfunde deuten auf eine Besiedlung in der fruhen, mittleren und spaten Bronzezeit hin. Die 2 nd Jahrtausend. BCE produzierte vor allem Gray Ware.",
123,123,Dagdeviren Ciftligi Hoyuk,"The tell is situated 7 km southwest of the district town Akhisar in Manisa, 300 m west of the road from Akhisar to Izmir. So far, no excavations have been made. The knoll is 120 x 60 m in size and 9 m high. Surface finds date to the Early, Middle, and Late Bronze Age. The 2 nd mill. BCE is evident in Gray Silver Wash and Buff Gold Wash Ware.","Manisa'nin Akhisar ilcesinin 7 km guneybatisinda, Akhisar'dan Izmir'e giden yolun 300 m batisinda yer almaktadir. Simdiye kadar herhangi bir kazi yapilmamistir. Tumsek 120 x 60 m boyutlarinda ve 9 m yuksekligindedir. Yuzey buluntulari Erken, Orta ve Gec Tunc Cagi'na tarihlenmektedir. 2 nd degirmen. BCE, Gri Gumus Yikama ve Devetuyu Altin Yikama Mallarda belirgindir.","Der Tell befindet sich 7 km sudwestlich der Kreisstadt Akhisar in Manisa, 300 m westlich der Straﬂe von Akhisar nach Izmir. Bisher wurden noch keine Ausgrabungen vorgenommen. Die Anhohe ist 120 x 60 m groﬂ und 9 m hoch. Die Oberflachenfunde stammen aus der fruhen, mittleren und spaten Bronzezeit. Die 2 nd Jahrtausend. BCE ist in Gray Silver Wash und Buff Gold Wash Ware ersichtlich.",
124,124,Camonu (Karasonya),"The tell settlement is located near the village Camonu in the district of Akhisar. It should be at a distance of 1.3 km west-northwest from the village. So far, no excavations have been made. The settlement is 250 x 200 meters in size and is about 11 m high. According to the surface finds, the site was inhabited from the Chalcolithic to the Iron Age.","Hoyuk yerlesimi Akhisar ilcesine bagli Camonu koyu yakinlarinda yer almaktadir. Koyden bati-kuzeybati yonunde 1,3 km uzaklikta olmalidir. Simdiye kadar herhangi bir kazi yapilmamistir. Yerlesim 250 x 200 metre boyutlarinda ve yaklasik 11 m yuksekligindedir. Yuzey buluntularina gore Kalkolitik Cag'dan Demir Cagi'na kadar iskan gormustur.","Die Tellsiedlung befindet sich in der Nahe des Dorfes Camonu im Bezirk Akhisar. Sie durfte 1,3 km west-nordwestlich vom Dorf entfernt sein. Bisher wurden noch keine Ausgrabungen vorgenommen. Die Siedlung hat eine Groﬂe von 250 x 200 Metern und ist etwa 11 m hoch. Den Oberflachenfunden zufolge war die Statte vom Chalkolithikum bis zur Eisenzeit bewohnt.",
125,125,Mecidiye (Palamut) Hoyuk ,"The tell settlement is situated in the village of Mecidiye in the district Akhisar. So far, no excavations have been made. Much of the tell has been removed through modern construction. Currently it is 95 x 80 m in size and approximately 6 meters high. Surface finds indicate, that the place was inhabited from the Late Chalcolithic until the end of the Late Bronze Age.","Hoyuk yerlesimi Akhisar ilcesine bagli Mecidiye koyunde yer almaktadir. Simdiye kadar herhangi bir kazi yapilmamistir. Tellin buyuk bir kismi modern yapilasma nedeniyle ortadan kaldirilmistir. Su anda 95 x 80 m boyutlarinda ve yaklasik 6 metre yuksekligindedir. Yuzey buluntulari, buranin Gec Kalkolitik Cag'dan Gec Tunc Cagi'nin sonuna kadar iskan edildigini gostermektedir.","Die Tellsiedlung befindet sich im Dorf Mecidiye im Bezirk Akhisar. Bisher wurden noch keine Ausgrabungen vorgenommen. Ein Groﬂteil des Tells wurde durch moderne Bauarbeiten entfernt. Derzeit ist er 95 x 80 m groﬂ und etwa 6 Meter hoch. Oberflachenfunde deuten darauf hin, dass der Ort vom spaten Chalkolithikum bis zum Ende der spaten Bronzezeit bewohnt war.",
126,126,Tepebaglar Hoyuk ,"The tell is located 800 m north of the village Kayislar in the district of Saruhanli. So far, no excavations have been made. The size of the settlement is not provided in the literature. Surface finds date to the Early, Middle and Late Bronze Age.","Tell, Saruhanli ilcesine bagli Kayislar koyunun 800 m kuzeyinde yer almaktadir. Simdiye kadar herhangi bir kazi yapilmamistir. Yerlesimin buyuklugu literaturde belirtilmemistir. Yuzey buluntulari Erken, Orta ve Gec Tunc Cagi'na tarihlenmektedir.","Der Tell befindet sich 800 m nordlich des Dorfes Kayislar im Bezirk Saruhanli. Bislang wurden keine Ausgrabungen vorgenommen. Die Groﬂe der Siedlung ist in der Literatur nicht angegeben. Die Oberflachenfunde stammen aus der fruhen, mittleren und spaten Bronzezeit.",
127,127,Bagcesme Hoyuk ,"The tell lies 1 km north of the village Suleymanli in the district of Akhisar on the east side of a valley. So far, no excavations have been made. Engin Akdeniz reports that parts of tell are destroyed. The remainder is 170 x 160 m in size and 3 m high. Early Bronze Age ceramics dominates the surface finds, but Late Bronze Age pieces Are also present.","Akhisar ilcesine bagli Suleymanli koyunun 1 km kuzeyinde, bir vadinin dogu yakasinda yer almaktadir. Simdiye kadar herhangi bir kazi yapilmamistir. Engin Akdeniz, tell'in bazi bolumlerinin tahrip oldugunu bildirmektedir. Kalan kisim 170 x 160 m boyutlarinda ve 3 m yuksekligindedir. Yuzey buluntularinda Erken Tunc Cagi seramikleri hakimdir, ancak Gec Tunc Cagi parcalari da mevcuttur.","Der Tell liegt 1 km nordlich des Dorfes Suleymanli im Bezirk Akhisar an der Ostseite eines Tals. Bislang wurden keine Ausgrabungen vorgenommen. Engin Akdeniz berichtet, dass Teile des Tells zerstort sind. Der Rest ist 170 x 160 m groﬂ und 3 m hoch. Bei den Oberflachenfunden uberwiegt Keramik aus der fruhen Bronzezeit, aber auch Stucke aus der spaten Bronzezeit sind vorhanden.",
128,128,Degirmentepe (Suleymanli) ,"The tell is located 4 km north-east from the village Suleymanli in the district of Akhisar. So far, no excavations have been made. It is 250 x 200 m large and 11 m high. Early Bronze Age pottery was predominantly found on the surface, similar to Bagcesme Hoyuk. In addition, Middle and Late Bronze Age specimens are also present. Pottery from the 2 nd mill. BCE is dominated by buff Gold Wash Ware.","Tell, Akhisar ilcesine bagli Suleymanli koyunun 4 km kuzeydogusunda yer almaktadir. Simdiye kadar herhangi bir kazi yapilmamistir. Bu 250 x 200 m genisliginde ve 11 m yuksekliginde. Erken Tunc Cagi canak comlegi Bagcesme Hoyuk'te oldugu gibi agirlikli olarak yuzeyde bulunmustur. Ayrica, Orta ve Gec Tunc Cagi ornekleri de mevcuttur. 2'den canak comlekler nd degirmen. BCE'ye devetuyu Altin Yikama Mallari hakimdir.","Der Tell befindet sich 4 km nordostlich des Dorfes Suleymanli im Bezirk Akhisar. Bisher wurden noch keine Ausgrabungen vorgenommen. Er ist 250 x 200 m groﬂ und 11 m hoch. Keramik aus der fruhen Bronzezeit wurde uberwiegend an der Oberflache gefunden, ahnlich wie in Bagcesme Hoyuk. Daruber hinaus sind auch Exemplare aus der mittleren und spaten Bronzezeit vorhanden. Keramik aus dem 2 nd Jahrtausend. BCE wird von buff Gold Wash Ware dominiert.",
129,129,Arpali 1 Hoyuk ,"The tell settlement is supposed to be located between the villages Lutfiye and Nuriye in the district of Saruhanli. The road between these villages cuts right through it. So far, no excavations have been made. The settlement is about 100 x 80 m in size and about 3m high. Surface finds date to the Chalcolithic, Early Bronze Age and Middle Bronze Age.","Hoyuk yerlesiminin Saruhanli ilcesine bagli Lutfiye ve Nuriye koyleri arasinda yer aldigi dusunulmektedir. Bu koyler arasindaki yol tam icinden gecmektedir. Simdiye kadar herhangi bir kazi yapilmamistir. Yerlesim yaklasik 100 x 80 m boyutlarinda ve yaklasik 3 m yuksekligindedir. Yuzey buluntulari Kalkolitik, Ilk Tunc Cagi ve Orta Tunc Cagi'na tarihlenmektedir.","Die Tellsiedlung soll sich zwischen den Dorfern Lutfiye und Nuriye im Bezirk Saruhanli befinden. Die Straﬂe zwischen diesen Dorfern fuhrt genau durch sie hindurch. Bisher wurden noch keine Ausgrabungen vorgenommen. Die Siedlung ist etwa 100 x 80 m groﬂ und etwa 3 m hoch. Die Oberflachenfunde stammen aus dem Chalkolithikum, der fruhen Bronzezeit und der mittleren Bronzezeit.",
130,130,Bedeller (Orentepe) Hoyuk ,"The place called Orentepe is a settlement that rests on a natural knoll, located 3 km northeast of the village Bedeller in the district of Saruhanli. So far, no excavations have been made. The settlement is about 80 m in diameter and 8 m high. Engin Akdeniz noticed ceramics from the Early, Middle and Late Bronze Age.","Orentepe olarak adlandirilan yer, Saruhanli ilcesine bagli Bedeller koyunun 3 km kuzeydogusunda yer alan dogal bir tepecik uzerinde kurulu bir yerlesimdir. Simdiye kadar herhangi bir kazi yapilmamistir. Yerlesim yaklasik 80 m capinda ve 8 m yuksekligindedir. Engin Akdeniz Erken, Orta ve Gec Tunc Cagi'na ait seramikleri fark etmistir.","Der Ort Orentepe ist eine Siedlung, die auf einer naturlichen Anhohe liegt, 3 km nordostlich des Dorfes Bedeller im Bezirk Saruhanli. Bislang wurden keine Ausgrabungen vorgenommen. Die Siedlung hat einen Durchmesser von etwa 80 m und ist 8 m hoch. Engin Akdeniz bemerkte Keramik aus der fruhen, mittleren und spaten Bronzezeit.",
131,131,Kayislar Hoyuk ,"The tell lies northeast of the village Kayislar in the district of Saruhanli. So far, no excavations have been made. Today, the tell is completely flattened through intensive farming. It is, however, still distinct in aerial photos that are a few years old. David French described the site as 80 x 50 m in size and 3-4 m high - this was in the 1960s. The earliest ceramic finds date back to the late Chalcolithic period. Some surface finds date to Troy I. Gray Silver Wash Ware from the 2 nd mill. BCE was also found. The site was probably continuously inhabited in the Early, Middle and Late Bronze Age.","Tell, Saruhanli ilcesine bagli Kayislar koyunun kuzeydogusunda yer almaktadir. Simdiye kadar herhangi bir kazi yapilmamistir. Gunumuzde yogun tarim nedeniyle tamamen duzlesmistir. Ancak birkac yil oncesine ait hava fotograflarinda hala secilebilmektedir. David French alani 80 x 50 m boyutlarinda ve 3-4 m yuksekliginde olarak tanimlamistir - bu 1960'larda olmustur. En erken seramik buluntular gec Kalkolitik doneme kadar uzanmaktadir. Bazi yuzey buluntulari Troya I'e tarihlenmektedir. 2'den Gri Gumus Yikama Mallar nd mil. M.O. de bulunmustur. Alan muhtemelen Erken, Orta ve Gec Tunc Cagi'nda surekli olarak iskan edilmistir.","Der Tell liegt nordostlich des Dorfes Kayislar im Bezirk Saruhanli. Bislang wurden keine Ausgrabungen vorgenommen. Heute ist der Tell durch intensive Landwirtschaft vollig eingeebnet. Auf Luftaufnahmen, die ein paar Jahre alt sind, ist er jedoch noch deutlich zu erkennen. David French beschrieb die Statte als 80 x 50 m groﬂ und 3-4 m hoch - das war in den 1960er Jahren. Die fruhesten Keramikfunde stammen aus der spaten Chalkolithischen Periode. Einige Oberflachenfunde datieren auf Troy I. Gray Silver Wash Ware aus dem 2 nd Jahrtausend. BCE wurde ebenfalls gefunden. Die Statte war wahrscheinlich in der fruhen, mittleren und spaten Bronzezeit kontinuierlich bewohnt.",
132,132,Baklatepe Hoyuk (Egrikoy) ,"The tell is located 4 km south-southeast of the village Ucpinar in the plain of the river Gediz. So far, no excavations have been made. As it appears in aerial photos, the settlement is about 360 x 320 m in size. It is 7 meters high. Surface finds indicate that the place was occupied during the Early, Middle and Late Bronze Age.","Tell, Ucpinar koyunun 4 km guney-guneydogusunda, Gediz nehrinin ovasinda yer almaktadir. Simdiye kadar herhangi bir kazi yapilmamistir. Hava fotograflarinda goruldugu gibi, yerlesim yaklasik 360 x 320 m boyutlarindadir. Yuksekligi 7 metredir. Yuzey buluntulari buranin Erken, Orta ve Gec Tunc Cagi'nda iskan edildigini gostermektedir.","Der Tell befindet sich 4 km sud-sudostlich des Dorfes Ucpinar in der Ebene des Flusses Gediz. Bisher wurden noch keine Ausgrabungen vorgenommen. Die Siedlung, wie sie auf Luftaufnahmen zu sehen ist, ist etwa 360 x 320 m groﬂ. Sie ist 7 Meter hoch. Oberflachenfunde deuten darauf hin, dass der Ort wahrend der fruhen, mittleren und spaten Bronzezeit bewohnt war.",
133,133,Asartepe (Urganli) Hoyuk ,"The tell is right next to the river Gediz about 3.5 km north of the village Urganli in the district of Turgutlu in Manisa. The mineral springs of Urganli are 1.5 km north of the site. So far, no excavations have been made. The tell is 300 x 200 m large and 15 m high. Extensive surveys revealed a few Early Bronze Age sherds. During the Middle and Late Bronze the place must have been densely occupied. In the late Byzantine period a fortress was built on the hill.","Manisa'nin Turgutlu ilcesine bagli Urganli koyunun yaklasik 3,5 km kuzeyinde, Gediz Nehri'nin hemen yanindadir. Urganli'nin maden kaynaklari, alanin 1,5 km kuzeyindedir. Simdiye kadar herhangi bir kazi yapilmamistir. Tell 300 x 200 m genisliginde ve 15 m yuksekligindedir. Kapsamli yuzey arastirmalarinda birkac Erken Tunc Cagi canak comlek parcasi bulunmustur. Orta ve Gec Tunc donemlerinde burasi yogun bir sekilde isgal edilmis olmalidir. Gec Bizans doneminde tepeye bir kale insa edilmistir.","Der Tell liegt direkt am Fluss Gediz etwa 3,5 km nordlich des Dorfes Urganli im Bezirk Turgutlu in Manisa. Die Mineralquellen von Urganli liegen 1,5 km nordlich der Statte. Bisher wurden noch keine Ausgrabungen vorgenommen. Der Tell ist 300 x 200 m groﬂ und 15 m hoch. Bei umfangreichen Untersuchungen wurden einige Scherben aus der fruhen Bronzezeit gefunden. Wahrend der Mittel- und Spatbronzezeit muss der Ort dicht besiedelt gewesen sein. In der spatbyzantinischen Zeit wurde auf dem Hugel eine Festung errichtet.",
134,134,Sogut Cayi Hoyuk ,"The tell lies 6 km south of the county town of Kula and 2.5 km east of the village Seritli. So far, no excavations have been made. According to the information provided by Engin Akdeniz, the settlement is one of the largest in this area. It extends over 300 x 200 m and is 21 m high. The surface finds indicate continuous habitation from the Late Chalcolithic to the Middle Bronze. A necropolis is located on the southern side at a distance of about 300 m from the Settlement.","Tell, Kula ilcesinin 6 km guneyinde ve Seritli koyunun 2,5 km dogusunda yer almaktadir. Simdiye kadar herhangi bir kazi yapilmamistir. Engin Akdeniz'in verdigi bilgiye gore, yerlesim bu alandaki en buyuk yerlesimlerden biridir. Yerlesim 300 x 200 m boyutlarinda ve 21 m yuksekligindedir. Yuzey buluntulari Gec Kalkolitik'ten Orta Tunc'a kadar kesintisiz bir yerlesime isaret etmektedir. Yerlesimden yaklasik 300 m uzaklikta, guney tarafinda bir nekropol yer almaktadir.","Der Tell liegt 6 km sudlich der Kreisstadt Kula und 2,5 km ostlich des Dorfes Seritli. Bisher wurden noch keine Ausgrabungen vorgenommen. Nach den Informationen von Engin Akdeniz ist die Siedlung eine der groﬂten in diesem Gebiet. Sie erstreckt sich uber 300 x 200 m und ist 21 m hoch. Die Oberflachenfunde deuten auf eine kontinuierliche Besiedlung vom Spatchalkolithikum bis zur mittleren Bronzezeit hin. Eine Nekropole befindet sich auf der sudlichen Seite in einer Entfernung von etwa 300 m von der Siedlung.",
135,135,Armutarasi Hoyuk ,"The tell is situated 3.5 km west of the village Gokceoren in the district of Kula. It is 80 x 60 m in size and 5 m high. Tobacco fields cover the surface. So far, no excavations have been made. Numerous Early Bronze Age and some Middle Bronze Age ceramics were found on the Surface.","Tell, Kula ilcesine bagli Gokceoren koyunun 3,5 km batisinda yer almaktadir. 80 x 60 m boyutlarinda ve 5 m yuksekligindedir. Yuzeyi tutun tarlalari kaplamaktadir. Simdiye kadar herhangi bir kazi yapilmamistir. Yuzeyde cok sayida Ilk Tunc Cagi ve bazi Orta Tunc Cagi seramikleri bulunmustur.","Der Tell befindet sich 3,5 km westlich des Dorfes Gokceoren im Bezirk Kula. Er ist 80 x 60 m groﬂ und 5 m hoch. Tabakfelder bedecken die Oberflache. Bisher wurden noch keine Ausgrabungen vorgenommen. Auf der Oberflache wurden zahlreiche fruhbronzezeitliche und einige mittelbronzezeitliche Keramiken gefunden.",
136,136,Ters Tepe Hoyuk ,"The tell lies 1.5 km west-southwest of the county town Selendi. It covers two hills and extends over 600 x 300 m. So far, no archaeological excavations have been made. Engin Akdeniz found Chalcolithic, Early Bronze Age and Middle Bronze Age sherds on the surface. In addition, Hellenistic and Roman pottery is present.","Ilce merkezi Selendi'nin 1,5 km bati-guneybatisinda yer almaktadir. Iki tepeyi kapsar ve 600 x 300 m'lik bir alana yayilir. Simdiye kadar herhangi bir arkeolojik kazi yapilmamistir. Engin Akdeniz yuzeyde Kalkolitik, Ilk Tunc Cagi ve Orta Tunc Cagi'na ait canak comlek parcalari bulmustur. Ayrica Helenistik ve Roma canak comlekleri de mevcuttur.","Der Tell liegt 1,5 km west-sudwestlich der Kreisstadt Selendi. Er erstreckt sich uber zwei Hugel und ist 600 x 300 m groﬂ. Bisher wurden keine archaologischen Ausgrabungen durchgefuhrt. Engin Akdeniz fand an der Oberflache Scherben aus dem Chalkolithikum, der fruhen Bronzezeit und der mittleren Bronzezeit. Auﬂerdem ist hellenistische und romische Keramik vorhanden.",
137,137,Su Deligi Tepe,"The site is located on a natural hill 2.5 km east of the village Gokceahmet in the district of Akhisar. It has a size of about 180 x 150 m. So far, no excavations have been made. Pottery can be found across the whole hill. Engin Akdeniz identified Chalcolithic and Bronze Age pottery together with Iron Age sherds.","Akhisar ilcesine bagli Gokceahmet koyunun 2,5 km dogusunda dogal bir tepe uzerinde yer almaktadir. Yaklasik 180 x 150 m boyutlarindadir. Simdiye kadar herhangi bir kazi yapilmamistir. Canak comlekler tum tepe boyunca bulunabilmektedir. Engin Akdeniz, Kalkolitik ve Tunc Cagi canak comleklerinin yani sira Demir Cagi parcalari da tespit etmistir.","Die Statte befindet sich auf einem naturlichen Hugel 2,5 km ostlich des Dorfes Gokceahmet im Bezirk Akhisar. Er hat eine Groﬂe von etwa 180 x 150 m. Bisher wurden keine Ausgrabungen vorgenommen. Topferwaren konnen auf dem gesamten Hugel gefunden werden. Engin Akdeniz identifizierte Keramik aus dem Chalkolithikum und der Bronzezeit sowie Scherben aus der Eisenzeit.",
138,138,Bozyer Ciftligi Hoyuk ,"The tell is located 1.5 km northeast of the village Alaagac in the district of Demirci. It is 300 x 250 m wide and 8 m high. So far, no excavations have been conducted. Surface finds indicate intense Late Chalcolithic habitation and traces of a Bronze Age settlement as identified by Engin Akdeniz.","Demirci ilcesine bagli Alaagac koyunun 1,5 km kuzeydogusunda yer almaktadir. 300 x 250 m genisliginde ve 8 m yuksekligindedir. Simdiye kadar herhangi bir kazi yapilmamistir. Yuzey buluntulari yogun bir Gec Kalkolitik yerlesime ve Engin Akdeniz tarafindan tespit edilen bir Tunc Cagi yerlesiminin izlerine isaret etmektedir.","Der Tell befindet sich 1,5 km nordostlich des Dorfes Alaagac im Bezirk Demirci. Er ist 300 x 250 m breit und 8 m hoch. Bislang wurden noch keine Ausgrabungen durchgefuhrt. Oberflachenfunde deuten auf eine intensive spatchalkolithische Besiedlung und Spuren einer bronzezeitlichen Siedlung hin, die von Engin Akdeniz identifiziert wurden.",
139,139,"Goztepe, Kusadasi ","The Bronze Age citadel is situated on a natural hill southwest of the village Camlik, at the intersection of the road between Selcuk-Aydin and Camlik-Kusadasi. According to Recep Meric, the citadel was surrounded by a ring of walls consisting of small to medium-sized natural.","Tunc Cagi kalesi, Camlik koyunun guneybatisinda, Selcuk-Aydin ve Camlik-Kusadasi arasindaki yolun kesistigi noktada, dogal bir tepe uzerinde yer almaktadir. Recep Meric'e gore kale, kucuk ve orta buyuklukte dogal surlardan olusan bir duvar halkasiyla cevriliydi.","Die bronzezeitliche Zitadelle befindet sich auf einem naturlichen Hugel sudwestlich des Dorfes Camlik, an der Kreuzung der Straﬂe zwischen Selcuk-Aydin und Camlik-Kusadasi. Laut Recep Meric war die Zitadelle von einem Mauerring umgeben, der aus kleinen bis mittelgroﬂen naturlichen.",
140,140,Ilicatepe,"The site is situated near the coast on a natural hill about 4 km south of Kusadasi, on the western side of the street from Kusadasi just before the turnoff to Davutlar. No settlement remains have been identified; it was probably just a fortification. The remaining wall is said to be Cyclopean in character with remains standing up to 5 meters high. It stretches mainly along the east side of the hilltop and follows the contours. According to Recep Meric, two opening on the west side are visible.","Kusadasi'nin yaklasik 4 km guneyinde, Davutlar sapagindan hemen once Kusadasi'ndan gelen caddenin bati tarafinda, kiyiya yakin dogal bir tepe uzerinde yer almaktadir. Herhangi bir yerlesim kalintisi tespit edilememistir; muhtemelen sadece bir tahkimatti. Kalan duvarin Kiklopik karakterde oldugu ve kalintilarin 5 metre yukseklige kadar ciktigi soylenmektedir. Cogunlukla tepenin dogu tarafi boyunca uzanmakta ve dis hatlari takip etmektedir. Recep Meric'e gore bati tarafinda iki aciklik gorulebilmektedir.","Die Statte befindet sich in Kustennahe auf einem naturlichen Hugel etwa 4 km sudlich von Kusadasi, auf der westlichen Seite der Straﬂe von Kusadasi kurz vor der Abzweigung nach Davutlar. Es wurden keine Siedlungsreste identifiziert; wahrscheinlich war es nur eine Befestigungsanlage. Die verbleibende Mauer soll einen zyklopischen Charakter haben, mit bis zu 5 Meter hohen Uberresten. Sie erstreckt sich hauptsachlich entlang der Ostseite der Hugelkuppe und folgt den Konturen. Laut Recep Meric sind zwei Offnungen auf der Westseite zu sehen.",
141,141,Tepekoylu Tarla,"The settlement is located near the village Saglik, north of Ephesus, in the district Torbali. So far, no excavations have been made. The place was located on the old caravan route which went past Arapkahve over Kocabakiri and Ufaktepe across the pass of Saglik towards Ephesus. Recep Meric reports surface finds from Early Bronze Age I-II, as well as Middle and Late Bronze Age. The preservation of the site has suffered much from ploughing.","Yerlesim, Efes'in kuzeyinde, Torbali ilcesine bagli Saglik koyu yakinlarinda yer almaktadir. Simdiye kadar herhangi bir kazi yapilmamistir. Burasi, Arapkahve'den Kocabakiri ve Ufaktepe uzerinden Saglik gecidinden Efes'e giden eski kervan yolu uzerinde yer aliyordu. Recep Meric, Erken Tunc Cagi I-II'nin yani sira Orta ve Gec Tunc Cagi'na ait yuzey buluntularini bildirmektedir. Alanin korunmasi ciftcilikten cok zarar gormustur.","Die Siedlung befindet sich in der Nahe des Dorfes Saglik, nordlich von Ephesus, im Bezirk Torbali. Bisher wurden noch keine Ausgrabungen vorgenommen. Der Ort lag an der alten Karawanenroute, die an Arapkahve vorbei uber Kocabakiri und Ufaktepe uber den Pass von Saglik in Richtung Ephesus fuhrte. Recep Meric berichtet von Oberflachenfunden aus der fruhen Bronzezeit I-II, sowie der mittleren und spaten Bronzezeit. Die Erhaltung der Statte hat durch das Pflugen stark gelitten.",
142,142,Arapkahve,"The tell is located in a fertile plain 3 km north of the village of Ozbey and 3.5 km west of Torbali in the vicinity of the ancient city of Metropolis. The tell is about 200 x 60 and 10 m high. So far, no excavations have been conducted and no architectural remains have been found. Surface finds exhibit continuous habitation from the Late Chalcolithic until the Hellenistic-Roman period. Late Chalcolithic and Early Bronze Age ceramic types show a close resemblance with Beycesultan and other types known from Western Anatolia. Recep Meric reports Gray Ware from the 2 nd mill. BCE.","Tell, Ozbey koyunun 3 km kuzeyinde ve Torbali'nin 3,5 km batisinda, Metropolis antik kenti civarinda verimli bir ovada yer almaktadir. Tell yaklasik 200 x 60 boyutlarinda ve 10 m yuksekligindedir. Simdiye kadar herhangi bir kazi yapilmamis ve herhangi bir mimari kalintiya rastlanmamistir. Yuzey buluntulari Gec Kalkolitik donemden Helenistik-Roma donemine kadar kesintisiz bir yerlesim oldugunu gostermektedir. Gec Kalkolitik ve Erken Tunc Cagi seramik tipleri Beycesultan ve Bati Anadolu'dan bilinen diger tiplerle yakin benzerlik gostermektedir. Recep Meric 2'den Gray Ware'i bildiriyor nd Degirmen. M.O.","Der Tell befindet sich in einer fruchtbaren Ebene 3 km nordlich des Dorfes Ozbey und 3,5 km westlich von Torbali in der Nahe der antiken Stadt Metropolis. Der Tell ist etwa 200 x 60 und 10 m hoch. Bisher wurden keine Ausgrabungen durchgefuhrt und es wurden keine architektonischen Uberreste gefunden. Oberflachenfunde belegen eine kontinuierliche Besiedlung vom spaten Chalkolithikum bis zur hellenistisch-romischen Periode. Die spatchalkolithischen und fruhbronzezeitlichen Keramiktypen zeigen eine groﬂe Ahnlichkeit mit Beycesultan und anderen aus Westanatolien bekannten Typen. Recep Meric berichtet von Gray Ware aus dem 2 nd Jahrtausend. BCE.",
143,143,Kucuktepe ,"The low settlement mound is located between Ayrancilar and Bademgedigi Tepe abot 1.5 km west of the center of Kuscuburun. So far, no excavation have been conducted, thus observations rest on surface finds only. Finds date to the Late Chalcolithic, Early Bronze Age I-III, as well as Middle and Late Bronze Age. Anatolian Gray Ware and Gold Wash Ware is abundantly present.","Alcak yerlesim hoyugu, Kuscuburun merkezinin yaklasik 1,5 km batisinda, Ayrancilar ile Bademgedigi Tepe arasinda yer almaktadir. Simdiye kadar herhangi bir kazi yapilmamistir, bu nedenle gozlemler sadece yuzey buluntularina dayanmaktadir. Buluntular Gec Kalkolitik, Erken Tunc Cagi I-III, Orta ve Gec Tunc Cagi'na tarihlenmektedir. Anadolu Gri Mallari ve Altin Yikama Mallari bol miktarda mevcuttur.","Der niedrige Siedlungshugel liegt zwischen Ayrancilar und Bademgedigi Tepe, etwa 1,5 km westlich des Zentrums von Kuscuburun. Bislang wurden keine Ausgrabungen durchgefuhrt, so dass die Beobachtungen nur auf Oberflachenfunden beruhen. Die Funde stammen aus dem spaten Chalkolithikum, der fruhen Bronzezeit I-III, sowie der mittleren und spaten Bronzezeit. Anatolische Gray Ware und Gold Wash Ware ist reichlich vorhanden.",
144,144,Buyukkale,The large village Buyukkale (big fortress) is located in the Kaystros Valley 6.8 km northeast east of Halkapinar. Remains of a citadel are preserved on a steep rocky knoll west of the village Buyukkale Bucagi. No excavations have been conducted so far. The citadel consists of an upper part and a lower ring-shaped external Hellenistic fortification wall along the foothill. Only on the western and northern side of the wall have larger pieces of Cyclopean masonry survived. Recep Meric argues that the wall dates to Late Bronze Age. He found a rim of a Late Bronze Age vessel.,"Buyukkale koyu, Halkapinar'in 6,8 km kuzeydogusundaki Kaystros Vadisi'nde yer almaktadir. Buyukkale Bucagi koyunun batisindaki sarp kayalik bir tumsekte bir kalenin kalintilari korunmaktadir. Simdiye kadar herhangi bir kazi yapilmamistir. Kale, bir ust kisim ve etek boyunca uzanan halka bicimli bir alt dis Helenistik sur duvarindan olusmaktadir. Duvarin sadece bati ve kuzey tarafinda daha buyuk Kiklop duvar parcalari gunumuze ulasmistir. Recep Meric, duvarin Gec Tunc Cagi'na tarihlendigini savunmaktadir. Gec Tunc Cagi'na ait bir kap agzi bulmustur.","Das groﬂe Dorf Buyukkale (groﬂe Festung) befindet sich im Kaystros-Tal 6,8 km nordostlich von Halkapinar. Uberreste einer Zitadelle sind auf einer steilen Felskuppe westlich des Dorfes Buyukkale Bucagi erhalten. Bisher wurden noch keine Ausgrabungen durchgefuhrt. Die Zitadelle besteht aus einem oberen Teil und einer unteren ringformigen auﬂeren hellenistischen Festungsmauer entlang des Vorgebirges. Nur auf der westlichen und nordlichen Seite der Mauer sind groﬂere Stucke des zyklopischen Mauerwerks erhalten geblieben. Recep Meric geht davon aus, dass die Mauer aus der spaten Bronzezeit stammt. Er fand einen Rand eines spatbronzezeitlichen Gefaﬂes.",
145,145,Beytikoy,"The settlement mound is situated in fertile plane approximately 5.8 km WSW from the center of the town Odemis near Izmir. According to Recep Meric the tell is 100 m wide and 10 high. No excavations have been conducted. The habitation stretches from the Late Chalcolithic to the Late Bronze Age. The ceramics date to Early Bronze Age I-III, Middle and Late Bronze and is similar to Beycesultan.","Yerlesim hoyugu Izmir yakinlarindaki Odemis ilce merkezinin yaklasik 5,8 km batisinda verimli bir duzlukte yer almaktadir. Recep Meric'e gore 100 m genisliginde ve 10 m yuksekligindedir. Herhangi bir kazi yapilmamistir. Yerlesim Gec Kalkolitik Cag'dan Gec Tunc Cagi'na kadar uzanmaktadir. Seramikler Erken Tunc Cagi I-III, Orta ve Gec Tunc Cagi'na tarihlenir ve Beycesultan ile benzerlik gosterir.","Der Siedlungshugel befindet sich in einer fruchtbaren Ebene etwa 5,8 km WSW vom Zentrum der Stadt Odemis bei Izmir. Nach Angaben von Recep Meric ist der Tell 100 m breit und 10 m hoch. Es wurden noch keine Ausgrabungen durchgefuhrt. Die Besiedlung erstreckt sich vom spaten Chalkolithikum bis zur spaten Bronzezeit. Die Keramik stammt aus der fruhen Bronzezeit I-III, der mittleren und spaten Bronzezeit und ahnelt der von Beycesultan.",
146,146,Karakova,"The site is located 6.5 km southwest of Odemis near Izmir. No excavations have been made. Recep Meric reports surface finds from the the Early, Middle and Late Bronze Ages indicating contacts with Beycesultan.","Odemis'in 6,5 km guneybatisinda, Izmir yakinlarinda yer almaktadir. Herhangi bir kazi yapilmamistir. Recep Meric, Erken, Orta ve Gec Tunc Caglarina ait yuzey buluntularinin Beycesultan ile temasa isaret ettigini bildirmektedir.","Die Statte befindet sich 6,5 km sudwestlich von Odemis bei Izmir. Es wurden noch keine Ausgrabungen vorgenommen. Recep Meric berichtet von Oberflachenfunden aus der fruhen, mittleren und spaten Bronzezeit, die auf Kontakte mit Beycesultan hinweisen.",
147,147,Hisarkoy,"The Byzantine citadel lies 1.9 km northwest of the county town Kiraz near Izmir. Recep Meric found pottery from the Early, Middle and Late Bronze Age as well as from the 6 th and 7 th cent. BCE.","Bizans kalesi, Izmir yakinlarindaki Kiraz ilcesinin 1,9 km kuzeybatisinda yer almaktadir. Recep Meric, Erken, Orta ve Gec Tunc Cagi'na ait canak comleklerin yani sira 6 th ve 7 th yuzyil. M.O.","Die byzantinische Zitadelle liegt 1,9 km nordwestlich der Kreisstadt Kiraz bei Izmir. Recep Meric fand Keramik aus der fruhen, mittleren und spaten Bronzezeit sowie aus dem 6 th und 7 th_ Jahrhundert. BCE.",
148,148,Dedekuyusu (Destepe),"The tell is located 1.5 km west of the city centre of Aydin and is about 10 m high. Its oval shape extends north-south. So far, no excavations have been conducted. According to ceramic finds at the surface, the settlement appears to have been continuously inhabited from the Late Chalcolithic to the Late Bronze Age. Late Bronze Age pottery fragments were found on the south and southeastern side of the settlement mound. These consist of mica and sand-containing, light brown colored fragments. Some vessels exhibit groove ornaments beginning directly below the rim and covering the upper part of the vessel. Vessel shapes as well as ornaments are characteristic for Middle to Late Bronze Age in western Anatolia.","Tell, Aydin sehir merkezinin 1,5 km batisinda yer alir ve yaklasik 10 m yuksekligindedir. Oval sekli kuzey-guney dogrultusunda uzanmaktadir. Simdiye kadar herhangi bir kazi yapilmamistir. Yuzeydeki seramik buluntulara gore, yerlesimin Gec Kalkolitik Cag'dan Gec Tunc Cagi'na kadar kesintisiz olarak iskan edildigi anlasilmaktadir. Yerlesim hoyugunun guney ve guneydogu tarafinda Gec Tunc Cagi canak comlek parcalari bulunmustur. Bunlar mika ve kum icerikli, acik kahverengi renkli parcalardan olusmaktadir. Bazi kaplarda agiz kenarinin hemen altindan baslayan ve kabin ust kismini kaplayan yiv suslemeleri gorulmektedir. Kap bicimleri ve suslemeler Bati Anadolu'da Orta ve Gec Tunc Cagi icin karakteristiktir.","Der Tell befindet sich 1,5 km westlich des Stadtzentrums von Aydin und ist etwa 10 m hoch. Seine ovale Form erstreckt sich von Norden nach Suden. Bisher wurden noch keine Ausgrabungen durchgefuhrt. Den Keramikfunden an der Oberflache zufolge scheint die Siedlung vom spaten Chalkolithikum bis zur spaten Bronzezeit kontinuierlich bewohnt gewesen zu sein. An der Sud- und Sudostseite des Siedlungshugels wurden Keramikfragmente aus der Spatbronzezeit gefunden. Diese bestehen aus glimmer- und sandhaltigen, hellbraun gefarbten Fragmenten. Einige Gefaﬂe weisen Rillenornamente auf, die direkt unterhalb des Randes beginnen und den oberen Teil des Gefaﬂes bedecken. Sowohl die Gefaﬂformen als auch die Ornamente sind charakteristisch fur die mittlere bis spate Bronzezeit in Westanatolien.",
149,149,Bahcetepe,"The tell is located 5 km southwest of the county town of Sultanhisar in the province of Aydin. It has an oval shaped and is about 8 m high. So far, no excavations have been conducted. The ceramic fragments indicate continuous habitation from the Early to Late Bronze Age. The olive grove on a flat surface north of the hill also contains prehistoric material that is typical for western Asia Minor. Cultural deposits are exposed in the eroded western slope of the hill, exhibiting stone foundation and pottery. Yellow and reddish-yellow fine clay pottery on the hilltop and on the northern slope date to the Middle Bronze Age. Late Bronze Age vessel forms were primarily recorded from the northern and northwestern edge of tell.","Aydin iline bagli Sultanhisar ilcesinin 5 km guneybatisinda yer almaktadir. Oval bir sekle sahiptir ve yaklasik 8 m yuksekligindedir. Simdiye kadar herhangi bir kazi yapilmamistir. Seramik parcalari, Erken Tunc Cagi'ndan Gec Tunc Cagi'na kadar surekli yerlesime isaret etmektedir. Tepenin kuzeyindeki duzlukte yer alan zeytinlik de Kucuk Asya'nin batisi icin tipik olan tarih oncesi malzeme icermektedir. Tepenin asinmis bati yamacinda, tas temeller ve canak comlekler sergileyen kulturel tortular ortaya cikmistir. Tepenin zirvesinde ve kuzey yamacinda bulunan sari ve kirmizimsi sari ince kil canak comlek Orta Tunc Cagi'na tarihlenmektedir. Gec Tunc Cagi'na ait kap formlari oncelikle Tell'in kuzey ve kuzeybati kenarindan kaydedilmistir.","Der Tell befindet sich 5 km sudwestlich der Kreisstadt Sultanhisar in der Provinz Aydin. Er hat eine ovale Form und ist etwa 8 m hoch. Bisher wurden noch keine Ausgrabungen durchgefuhrt. Die Keramikfragmente weisen auf eine kontinuierliche Besiedlung von der fruhen bis zur spaten Bronzezeit hin. Der Olivenhain auf einer flachen Flache nordlich des Hugels enthalt ebenfalls prahistorisches Material, das typisch fur das westliche Kleinasien ist. Am erodierten Westhang des Hugels sind kulturelle Ablagerungen freigelegt, die Steinfundamente und Keramik aufweisen. Gelbe und rotlich-gelbe Keramik aus feinem Ton auf der Hugelkuppe und am Nordhang datieren in die mittlere Bronzezeit. Spatbronzezeitliche Gefaﬂformen wurden vor allem am nordlichen und nordwestlichen Rand des Tells gefunden.",
150,150,Komur Adasi ,"The island Komur Adasi is about 190 x 80 m in size and located in the Bay of Akbuk, c. 13 km east of Didyma. The island is now connected with the coast through a narrow stone wall. So far no excavations have been made. The settlement history on Komur Adasi began in the Late Neolithic period and ends with the transition between the Geometric and Archaic period, says Walter Voigtlander, who used to work at Didyma. The prehistoric material culture resembles other West-Anatolian centers. Minoan vessels appear after 1500 BCE, Mycenaean pottery after 1400 BCE.","Komur Adasi yaklasik 190 x 80 m boyutlarindadir ve Didim'in yaklasik 13 km dogusunda, Akbuk Korfezi'nde yer almaktadir. Ada gunumuzde dar bir tas duvarla kiyiya baglanmistir. Simdiye kadar herhangi bir kazi yapilmamistir. Didyma'da calismis olan Walter Voigtlander, Komur Adasi'ndaki yerlesim tarihinin Gec Neolitik donemde basladigini ve Geometrik donem ile Arkaik donem arasindaki gecisle sona erdigini soyluyor. Tarih oncesi maddi kultur diger Bati-Anadolu merkezlerine benzemektedir. Minos kaplari M.O. 1500'den sonra, Miken canak comlegi ise M.O. 1400'den sonra ortaya cikmistir.","Die Insel Komur Adasi ist etwa 190 x 80 m groﬂ und liegt in der Bucht von Akbuk, ca. 13 km ostlich von Didyma. Die Insel ist heute durch eine schmale Steinmauer mit der Kuste verbunden. Bisher wurden noch keine Ausgrabungen vorgenommen. Die Siedlungsgeschichte auf Komur Adasi begann in der spaten Jungsteinzeit und endet mit dem Ubergang von der geometrischen zur archaischen Periode, sagt Walter Voigtlander, der fruher in Didyma gearbeitet hat. Die prahistorische materielle Kultur ahnelt anderen westanatolischen Zentren. Minoische Gefaﬂe tauchen nach 1500 v. Chr. auf, mykenische Topferwaren nach 1400 v. Chr..",
151,151,Sapli Adasi ,"The island Sapli Adasi lies in the Bay of Akbuk c. 270 meters off the coast with which it is connected through a causeway. The island is about 250 x 500 m and 8 m tall. So far no excavations have been made. According to Walter Voigtlander the island was first settled in the Neolithic period. Intense habitation began after the 7 th cent. BCE. This conceils earlier habitation. However, Late Bronze Age pottery has been found.","Sapli Ada, bir gecitle bagli oldugu Akbuk Korfezi'nin yaklasik 270 metre aciginda yer almaktadir. Ada yaklasik 250 x 500 m boyutlarinda ve 8 m yuksekligindedir. Simdiye kadar herhangi bir kazi yapilmamistir. Walter Voigtlander'e gore adaya ilk olarak Neolitik donemde yerlesilmistir. Yogun yerlesim 7'den sonra basladi. th yuzyil. M.O. Bu da daha eski bir yerlesime isaret etmektedir. Bununla birlikte, Gec Tunc Cagi canak comlekleri bulunmustur.","Die Insel Sapli Adasi liegt in der Bucht von Akbuk ca. 270 Meter vor der Kuste, mit der sie durch einen Damm verbunden ist. Die Insel ist etwa 250 x 500 m groﬂ und 8 m hoch. Bisher wurden noch keine Ausgrabungen vorgenommen. Laut Walter Voigtlander wurde die Insel erstmals in der Jungsteinzeit besiedelt. Intensive Besiedlung begann nach dem 7 th Jahrhundert. BCE. Dies lasst auf eine fruhere Besiedlung schlieﬂen. Es wurde jedoch Keramik aus der spaten Bronzezeit gefunden.",
152,152,Didyma,"Didyma, the famous pilgrimage city of Apollo, is located on the coast about 17 km south of the ancient city of Miletus in the province of Aydin. The two places were connected by a sacred road in ancient times. A large temple for Apollo was erected here and actively used between Archaic and Late Roman times. Thomas G. Schattner argued that a Mycenaean kylix fragment dating to LH III A 2-late would indicate use of the temple district during the 2nd mill. BCE.","Apollon'un unlu hac kenti Didyma, Aydin ilindeki Milet antik kentinin yaklasik 17 km guneyinde, kiyida yer almaktadir. Iki yer antik cagda kutsal bir yolla birbirine baglanmistir. Burada Apollon icin buyuk bir tapinak insa edilmis ve Arkaik Donem ile Gec Roma Donemi arasinda aktif olarak kullanilmistir. Thomas G. Schattner, LH III A 2-gec'e tarihlenen bir Miken kylix parcasinin tapinak bolgesinin MO 2. binyilda kullanildigina isaret ettigini ileri surmustur. MO.","Didyma, die beruhmte Pilgerstadt des Apollo, liegt an der Kuste etwa 17 km sudlich der antiken Stadt Milet in der Provinz Aydin. Die beiden Orte waren in der Antike durch eine heilige Straﬂe verbunden . Hier wurde ein groﬂer Apollo-Tempel errichtet, der zwischen der archaischen und der spatromischen Zeit aktiv genutzt wurde. Thomas G. Schattner argumentierte, dass ein mykenisches Kylix-Fragment, das auf LH III A 2-late datiert wird, auf eine Nutzung des Tempelbezirks wahrend des 2. BCE.",
153,153,Hyllarima,"Hyllarima is an ancient city located on the eastern side of the village Derebag in the district of Kavaklidere and the province of Mugla. Remains of a large theater from the Hellenistic-Roman era and other architectural structures from antiquity are still visible. No excavations have been made. A Turkish-French epigraphic team investigated the area during the 1990s. The archaeologists dated the city wall to the late Classical period and other building remains mostly to Hellenistic, Roman and Byzantine times. A Carian inscription indicating pre-Greek habitation was found nearby in the village Cayboyu. Thus far no prehistoric material has been identified at this site, but its environmental setting - on a route between Stratonikeia and Aphrodisias - argues in favour of a prehistoric predecessor. The name Hyllarima has been equated by Hittitologists with ""Wallarimma"" mentioned in documents.","Hyllarima, Kavaklidere ilcesi ve Mugla iline bagli Derebag koyunun dogu tarafinda yer alan bir antik kenttir. Helenistik-Roma doneminden kalma buyuk bir tiyatronun kalintilari ve antik donemden kalma diger mimari yapilar hala gorulebilmektedir. Herhangi bir kazi yapilmamistir. Bir Turk-Fransiz epigrafi ekibi 1990'larda bolgeyi arastirmistir. Arkeologlar sehir duvarini gec Klasik doneme, diger yapi kalintilarini ise cogunlukla Helenistik, Roma ve Bizans donemlerine tarihlemislerdir. Yakinlardaki Cayboyu koyunde Yunan oncesi yerlesime isaret eden bir Karya yaziti bulunmustur. Simdiye kadar bu alanda herhangi bir prehistorik malzeme tespit edilmemistir, ancak Stratonikeia ve Aphrodisias arasindaki bir guzergah uzerinde bulunan cevresel konumu, prehistorik bir onculun lehine tartismaktadir. Hyllarima adi Hititologlar tarafindan belgelerde gecen ""Wallarimma"" ile es tutulmustur.","Hyllarima ist eine antike Stadt an der Ostseite des Dorfes Derebag im Bezirk Kavaklidere und der Provinz Mugla. Uberreste eines groﬂen Theaters aus der hellenistisch-romischen Zeit und andere architektonische Strukturen aus der Antike sind noch sichtbar. Es wurden noch keine Ausgrabungen vorgenommen. Ein turkisch-franzosisches epigraphisches Team untersuchte das Gebiet in den 1990er Jahren. Die Archaologen datierten die Stadtmauer auf die spatklassische Periode und andere Gebaudereste hauptsachlich auf hellenistische, romische und byzantinische Zeiten. Eine karische Inschrift, die auf eine vorgriechische Besiedlung hindeutet, wurde in der Nahe im Dorf Cayboyu gefunden. Bislang wurde an dieser Statte kein prahistorisches Material gefunden, aber die Lage in der Umgebung - an einer Route zwischen Stratonikeia und Aphrodisias - spricht fur einen prahistorischen Vorganger. Der Name Hyllarima wurde von Hethitologen mit dem in Dokumenten erwahnten ""Wallarimma"" gleichgesetzt.",
154,154,Alinda,"The ancient city of Alinda spans two ridges on the southwestern edge of the fertile plain Karpuzlu in the province of Aydin. The city was studied in a survey project from 2007-2012 by the Institut fur Kulturgeschichte der Antike of the Osterreichische Akademie der Wissenschaften under the direction of Peter Ruggendorfer. The survey aimed at recoding the structural remains throughout the city and the necropolis in one overall plan and to document the entire inventory with descriptions and photos. The grave sites of the Eastern and Southern Necropolis are partly covered by the modern urban area of Karpuzlu. Some individual freestanding tombs have even been integrated into economically used areas and the modern settlement. The maximum extent of the ancient city is about 950 x 300m. The remains indicated that the city was intensively inhabited from the Late Classical to the Byzantine period. In the famous Hittite Tawagalawa-letter, the city of Ijalanda is located between Waliwanda and Ama/Aba and on route towards Milawanda. Hattusili III (1266-1236) conquered Ijalanda and described its terrain as difficult. Thus the Hittite warriors had to walk rather than fight from chariots. John Garstang argued that this description matches the steep Akropolis of Alinda.","Alinda antik kenti, Aydin ilindeki verimli Karpuzlu ovasinin guneybati ucunda iki sirt uzerinde yer almaktadir. Kent, 2007-2012 yillari arasinda Osterreichische Akademie der Wissenschaften'a bagli Institut fur Kulturgeschichte der Antike tarafindan Peter Ruggendorfer baskanliginda yurutulen bir yuzey arastirmasi projesi kapsaminda incelenmistir. Yuzey arastirmasi, kent ve nekropol genelindeki yapisal kalintilari tek bir planda yeniden kodlamayi ve tum envanteri aciklamalar ve fotograflarla belgelemeyi amaclamistir. Dogu ve Guney Nekropolu'ndeki mezar alanlari kismen Karpuzlu'nun modern kentsel alani tarafindan ortulmustur. Hatta bazi bagimsiz mezarlar, ekonomik olarak kullanilan alanlara ve modern yerlesime entegre edilmistir. Antik kentin maksimum genisligi yaklasik 950 x 300 m'dir. Kalintilar, kentin Gec Klasik donemden Bizans donemine kadar yogun bir sekilde iskan edildigini gostermektedir. Unlu Hitit Tawagalawa mektubunda, Ijalanda sehri Waliwanda ile Ama/Aba arasinda ve Milawanda'ya giden yol uzerinde yer almaktadir. Hattusili III (1266-1236) Ijalanda'yi fethetmis ve arazisini zor olarak tanimlamistir. Bu nedenle Hitit savascilari savas arabalariyla savasmak yerine yurumek zorunda kalmislardir. John Garstang, bu tanimin Alinda'nin sarp Akropolu ile uyustugunu ileri surmustur.","Die antike Stadt Alinda erstreckt sich uber zwei Bergrucken am sudwestlichen Rand der fruchtbaren Ebene Karpuzlu in der Provinz Aydin. Die Stadt wurde in einem Survey-Projekt von 2007-2012 durch das Institut fur Kulturgeschichte der Antike der Osterreichischen Akademie der Wissenschaften unter der Leitung von Peter Ruggendorfer untersucht. Ziel der Untersuchung war es, die baulichen Uberreste in der gesamten Stadt und der Nekropole in einem Gesamtplan zu erfassen und das gesamte Inventar mit Beschreibungen und Fotos zu dokumentieren. Die Grabstatten der ostlichen und sudlichen Nekropole werden teilweise von dem modernen Stadtgebiet von Karpuzlu uberdeckt. Einige einzelne freistehende Graber sind sogar in wirtschaftlich genutzte Bereiche und die moderne Siedlung integriert worden. Die maximale Ausdehnung der antiken Stadt betragt etwa 950 x 300 m. Die Uberreste deuten darauf hin, dass die Stadt von der spatklassischen bis zur byzantinischen Periode intensiv bewohnt war. In dem beruhmten hethitischen Tawagalawa-Brief liegt die Stadt Ijalanda zwischen Waliwanda und Ama/Aba und auf dem Weg nach Milawanda. Hattusili III (1266-1236) eroberte Ijalanda und beschrieb sein Terrain als schwierig. So mussten die hethitischen Krieger zu Fuﬂ gehen, anstatt von Streitwagen aus zu kampfen. John Garstang argumentierte, dass diese Beschreibung mit der steilen Akropolis von Alinda ubereinstimmt.",
155,155,Medet Hoyuk,"The tell is located in the ancient city of Apollonia Salbace, 7 km southwest of the county town Tavas in the province of Denizli. The modern Turkish village Vakif was founded directly on top of the ancient city. So far, no excavations have been made into prehistoric layers. However, the Museum in Denizli conducted short-term excavations in the ancient stadium. James Mellaart counted the tell among the prehistoric sites. He reported ""black core, buff ware, red wash, polished"". He did not report the size of the tell. Surface finds point at a beginning of habitation during the Chalcolithic and throughout the Bronze Age. Apparently, the place was newly named and founded in Hellenistic times.","Anlati, Denizli ilinin Tavas ilcesinin 7 km guneybatisindaki Apollonia Salbace antik kentinde yer almaktadir. Modern Turk koyu Vakif, dogrudan antik kentin uzerine kurulmustur. Simdiye kadar tarih oncesi katmanlarda herhangi bir kazi yapilmamistir. Ancak Denizli'deki Muze, antik stadyumda kisa sureli kazilar yapmistir. James Mellaart, tell'i prehistorik alanlar arasinda saydi. ""Siyah cekirdekli, devetuyu mal, kirmizi astarli, cilali"" olarak rapor etmistir. Tell'in buyuklugunu bildirmemistir. Yuzey buluntulari Kalkolitik ve Tunc Cagi boyunca yerlesimin baslangicina isaret etmektedir. Gorunuse gore, yer yeni adlandirilmis ve Helenistik zamanlarda kurulmustur.","Der Tell befindet sich in der antiken Stadt Apollonia Salbace, 7 km sudwestlich der Kreisstadt Tavas in der Provinz Denizli. Das moderne turkische Dorf Vakif wurde direkt auf der antiken Stadt gegrundet. Bislang wurden keine Ausgrabungen in den prahistorischen Schichten vorgenommen. Das Museum in Denizli fuhrte jedoch kurzfristige Ausgrabungen im antiken Stadion durch. James Mellaart zahlte den Tell zu den prahistorischen Statten. Er berichtete von ""schwarzem Kern, Buffelware, rot gewaschen, poliert"". Uber die Groﬂe des Tells machte er keine Angaben. Oberflachenfunde deuten auf den Beginn der Besiedlung wahrend des Chalkolithikums und der gesamten Bronzezeit hin. Offenbar wurde der Ort in hellenistischer Zeit neu benannt und gegrundet.",
156,156,Saribeyli Hoyuk ,"The tell is located about 1.7 km north of the village Saribeyli in the district of Civril in the province of Denizli. So far, no excavations have been made. The tell consists of two hills next to the riverbed of the Large Meander. The large hill covers 6.5 ha and is 25 m high. The small hill covers about 0.6 ha and is 6.5 m high. The small tell reveals Hellenistic-Roman pottery and architectural remains. The same occurs around the large hill too, but here the earliest finds date to the Early Bronze Age II. The Bronze Age pottery is similar to that of nearby Beycesultan. Apparently, the place was densely inhabited during the Late Bronze Age (Beycesultan II).","Tell, Denizli ilinin Civril ilcesine bagli Saribeyli koyunun yaklasik 1,7 km kuzeyinde yer almaktadir. Simdiye kadar herhangi bir kazi yapilmamistir. Anlati, Buyuk Menderes nehir yataginin yanindaki iki tepeden olusmaktadir. Buyuk tepe 6,5 hektarlik bir alani kaplar ve 25 m yuksekligindedir. Kucuk tepe ise yaklasik 0,6 hektarlik bir alani kaplar ve 6,5 m yuksekligindedir. Kucuk anlatida Helenistik-Roma canak comlekleri ve mimari kalintilar ortaya cikar. Ayni durum buyuk tepenin etrafinda da gorulur, ancak burada en erken buluntular Erken Tunc Cagi II'ye aittir. Tunc Cagi canak comlegi yakindaki Beycesultan ile benzerlik gostermektedir. Gorunuse gore burasi Gec Tunc Cagi'nda (Beycesultan II) yogun bir sekilde iskan edilmistir.","Der Tell befindet sich etwa 1,7 km nordlich des Dorfes Saribeyli im Bezirk Civril in der Provinz Denizli. Bisher wurden noch keine Ausgrabungen vorgenommen. Der Tell besteht aus zwei Hugeln neben dem Flussbett des Groﬂen Maanders. Der groﬂe Hugel umfasst 6,5 ha und ist 25 m hoch. Der kleine Hugel umfasst etwa 0,6 ha und ist 6,5 m hoch. Der kleine Hugel zeigt hellenistisch-romische Keramik und architektonische Uberreste. Das Gleiche gilt auch fur den groﬂen Hugel, aber hier stammen die fruhesten Funde aus der fruhen Bronzezeit II. Die bronzezeitliche Keramik ahnelt der aus dem nahe gelegenen Beycesultan. Offenbar war der Ort wahrend der spaten Bronzezeit (Beycesultan II) dicht besiedelt.",
157,157,Oren Mevkii,"The tell is located within the limits of the modern village Kavak Koyu, 15 km south of Civril. The exact location is not recorded. According to the information provided by Esref Abay and Fulya Dedeoglu, the settlement was recently about 7 m high. The real extent cannot be determined because of recent destruction. So far, no excavations have been made. Surface finds indicate that the first habitation dates back to the late Chalcolithic. Ceramic specimens that were collected are similar to Beycesultan 34-29. Pottery was also found from all Bronze Age periods. Again, these are similar to the material culture of nearby Beycesultan. The place appears to have been inhabited still during the Hellenistic-Roman period.","Anlati, Civril'in 15 km guneyindeki modern Kavak Koyu sinirlari icinde yer almaktadir. Tam olarak nerede oldugu kaydedilmemistir. Esref Abay ve Fulya Dedeoglu'nun verdigi bilgiye gore, yerlesim son zamanlarda yaklasik 7 m yuksekligindeydi. Yakin zamanda yapilan tahribat nedeniyle gercek boyutlari belirlenememistir. Simdiye kadar herhangi bir kazi yapilmamistir. Yuzey buluntulari ilk yerlesimin Gec Kalkolitik Cag'a kadar uzandigini gostermektedir. Toplanan seramik ornekleri Beycesultan 34-29 ile benzerlik gostermektedir. Ayrica tum Tunc Cagi donemlerine ait canak comlekler de bulunmustur. Bunlar da yine yakinlardaki maddi kulturle benzerlik gostermektedir Beycesultan. Buranin Helenistik-Roma doneminde de iskan edildigi anlasilmaktadir.","Der Tell befindet sich innerhalb der Grenzen des modernen Dorfes Kavak Koyu, 15 km sudlich von Civril. Die genaue Lage ist nicht bekannt. Nach den Angaben von Esref Abay und Fulya Dedeoglu war die Siedlung zuletzt etwa 7 m hoch. Die tatsachliche Ausdehnung kann aufgrund der jungsten Zerstorung nicht bestimmt werden. Bislang wurden keine Ausgrabungen vorgenommen. Oberflachenfunde deuten darauf hin, dass die erste Besiedlung auf das spate Chalkolithikum zuruckgeht. Die gesammelten Keramikfunde ahneln denen von Beycesultan 34-29. Es wurden auch Topferwaren aus allen Perioden der Bronzezeit gefunden. Auch diese ahneln der materiellen Kultur des nahegelegenen Beycesultan. Der Ort scheint noch wahrend der hellenistisch-romischen Periode bewohnt gewesen zu sein.",
158,158,Dedemkoyu Hoyuk,"The tell is located 13.6 km south of Civril, 150 m West of the current path of the Meander River, about 3 km east of the Yassi Hoyuk. So far, no excavations have been made. Surface finds have been dated to the Late Bronze Age, Hellenistic, Roman and Islamic period.","Civril'in 13,6 km guneyinde, Menderes Nehri'nin simdiki yolunun 150 m batisinda, Yassi Hoyuk'un yaklasik 3 km dogusunda yer almaktadir. Simdiye kadar herhangi bir kazi yapilmamistir. Yuzey buluntulari Gec Tunc Cagi, Helenistik, Roma ve Islami doneme tarihlendirilmistir.","Der Tell befindet sich 13,6 km sudlich von Civril, 150 m westlich des heutigen Verlaufs des Maander-Flusses, etwa 3 km ostlich des Yassi Hoyuk. Bisher wurden noch keine Ausgrabungen durchgefuhrt. Oberflachenfunde wurden auf die spate Bronzezeit, die hellenistische, romische und islamische Periode datiert.",
159,159,Isikli Hoyuk,"The site is located 1.5 km east of the center of the village Isikli in the district of Civril and province of Denizli. A circular tell with a diameter of about 300 m is clearly visible. So far, no excavations have been made. Surface finds indicate that the place was first settled in the Early Bronze Age. Habitation continued until the late Bronze Age. The pottery is very similar to that found at nearby Beycesultan.","Denizli ili, Civril ilcesi, Isikli koyu merkezinin 1,5 km dogusunda yer almaktadir. Yaklasik 300 m capinda dairesel bir anlati acikca gorulebilmektedir. Simdiye kadar herhangi bir kazi yapilmamistir. Yuzey buluntulari buraya ilk olarak Erken Tunc Cagi'nda yerlesildigini gostermektedir. Yerlesim Gec Tunc Cagi'na kadar devam etmistir. Canak comlekler yakinlardaki Beycesultan'da bulunanlara cok benzemektedir.","Die Statte befindet sich 1,5 km ostlich des Zentrums des Dorfes Isikli im Bezirk Civril und der Provinz Denizli. Ein kreisformiger Tell mit einem Durchmesser von etwa 300 m ist deutlich sichtbar. Bisher wurden noch keine Ausgrabungen vorgenommen. Oberflachenfunde deuten darauf hin, dass der Ort erstmals in der fruhen Bronzezeit besiedelt wurde. Die Besiedlung dauerte bis in die spate Bronzezeit. Die Topferwaren sind denen aus dem nahe gelegenen Beycesultan sehr ahnlich.",
160,160,Pinar Hoyuk ,"Pinar Hoyuk lies about 2 km southwest of the viallge center of Gumussu in the district of Civril and the province Denizli. So far, no excavations have been made. According to Lloyd and Mellaart the habitation of Pinar Hoyuks dates back to the late Chalkolithic. Esref Abay argues that this settlement jointly with Isikli Hoyuk fell under the control of Arzawa during the 2nd mill. BCE. The material culture is identical with that of Isikli Hoyuk.","Pinar Hoyuk, Denizli ilinin Civril ilcesine bagli Gumussu belde merkezinin yaklasik 2 km guneybatisinda yer almaktadir. Simdiye kadar herhangi bir kazi yapilmamistir. Lloyd ve Mellaart'a gore Pinar Hoyuk'un yerlesimi Gec Kalkolitik Cag'a kadar uzanmaktadir. Esref Abay, bu yerlesimin Isikli Hoyuk ile birlikte MO 2. binyilda Arzawa'nin kontrolu altina girdigini ileri surmektedir. MO. Maddi kultur Isikli Hoyuk ile aynidir.","Pinar Hoyuk liegt etwa 2 km sudwestlich des Dorfzentrums von Gumussu im Bezirk Civril und der Provinz Denizli. Bisher wurden noch keine Ausgrabungen vorgenommen. Nach Lloyd und Mellaart geht die Besiedlung von Pinar Hoyuks auf das spate Chalkolithikum zuruck. Esref Abay behauptet, dass diese Siedlung zusammen mit Isikli Hoyuk unter die Kontrolle von Arzawa wahrend des 2. BCE. Die materielle Kultur ist mit der von Isikli Hoyuk identisch.",
161,161,Candir Hoyuk ,"The tell is located about 1 km south of the village of Candir in the district of Civril and the province of Denizli. There are three adjacent shallow tells within a wetland. The largest is about 300 x 260 m in size. The earliest finds were dated to the late Neolithic period and these are similar to finds made at Hacilar. Apparently, the settlement was abandoned in the early Chalkolithic and the re-inhabited in the early Bronze Age and abandoned again at the end of the Late Bronze Age. The ceramic finds are identical with Candir Buyuk and Kucuk Hoyuk Candir.","Tell, Denizli ilinin Civril ilcesine bagli Candir koyunun yaklasik 1 km guneyinde yer almaktadir. Bir sulak alan icinde birbirine bitisik uc sig anlati bulunmaktadir. En buyugu yaklasik 300 x 260 m boyutlarindadir. En erken buluntular gec Neolitik doneme tarihlenmektedir ve Hacilar'da bulunan buluntularla benzerlik gostermektedir. Yerlesimin erken Kalkolitik donemde terk edildigi, erken Tunc Cagi'nda yeniden iskan edildigi ve Gec Tunc Cagi'nin sonunda tekrar terk edildigi anlasilmaktadir. Seramik buluntulari Candir Buyuk ve Kucuk Hoyuk Candir ile aynidir.","Der Tell befindet sich etwa 1 km sudlich des Dorfes Candir im Bezirk Civril und der Provinz Denizli. Es gibt drei benachbarte flache Tells innerhalb eines Feuchtgebietes. Der groﬂte ist etwa 300 x 260 m groﬂ. Die fruhesten Funde wurden auf das spate Neolithikum datiert und ahneln den Funden aus Hacilar. Offenbar wurde die Siedlung in der fruhen Kreidezeit aufgegeben, in der fruhen Bronzezeit wieder besiedelt und am Ende der spaten Bronzezeit erneut aufgegeben. Die Keramikfunde sind identisch mit Candir Buyuk und Kucuk Hoyuk Candir.",
162,162,Candir Buyuk Hoyuk,See description of 95 Candir Hoyuk. These three tells should be regarded as one site.,Bkz. 95 Candir Hoyuk'un tanimi. Bu uc anlati tek bir alan olarak kabul edilmelidir.,Siehe Beschreibung von 95 Candir Hoyuk. Diese drei Tells sollten als eine Statte betrachtet werden.,
163,163,Candir Kucuk Hoyuk,See description of 95 Candir Hoyuk. These three tells should be regarded as one site.,Bkz. 95 Candir Hoyuk'un tanimi. Bu uc anlati tek bir alan olarak kabul edilmelidir.,Siehe Beschreibung von 95 Candir Hoyuk. Diese drei Tells sollten als eine Statte betrachtet werden.,
164,164,Dogu Sahanlar Hoyuk,"The tell is on the southern shore of the Isikli Lake in the district of Civril and the province Denizli. So far, no excavations have been made. According to the surface finds, the settlement was inhabited during the Late Neolothic but than abandoned in the early Chalkolitic. It was then repopulated during the early Bronze Age and continuously inhabited until the Iron Age.",Denizli ilinin Civril ilcesinde Isikli Golu'nun guney kiyisinda yer almaktadir. Simdiye kadar herhangi bir kazi yapilmamistir. Yuzey buluntularina gore yerlesim Gec Neolitik donemde iskan edilmis ancak erken Kalkolitik donemde terk edilmistir. Daha sonra erken Tunc Cagi'nda yeniden iskan edilmis ve Demir Cagi'na kadar surekli olarak iskan edilmistir.,"Der Tell liegt am sudlichen Ufer des Isikli-Sees im Bezirk Civril und der Provinz Denizli. Bislang wurden keine Ausgrabungen vorgenommen. Den Oberflachenfunden zufolge war die Siedlung wahrend des spaten Neolothikums bewohnt, wurde dann aber im fruhen Chalkolitikum aufgegeben. Sie wurde dann in der fruhen Bronzezeit neu besiedelt und war bis zur Eisenzeit ununterbrochen bewohnt.",
165,165,"Ikizhoyuk I, II, III","According to Abay & Dedeoglu 2007, three tells are located south of the village Sungullu in the district of Civril. So far, no excavations have been made. Surface finds indicate a habitation from the Eraly Bronze Age until the Late Bronze Age, as well as in Hellenistic-Roman times.","Abay & Dedeoglu 2007'ye gore, Civril ilcesindeki Sungullu koyunun guneyinde uc anlati bulunmaktadir. Simdiye kadar herhangi bir kazi yapilmamistir. Yuzey buluntulari, Eraly Tunc Cagi'ndan Gec Tunc Cagi'na kadar ve Helenistik-Roma donemlerinde bir yerlesime isaret etmektedir.",Laut Abay & Dedeoglu 2007 befinden sich drei Tells sudlich des Dorfes Sungullu im Bezirk Civril. Bisher wurden noch keine Ausgrabungen durchgefuhrt. Oberflachenfunde weisen auf eine Besiedlung von der Eraly-Bronzezeit bis zur Spatbronzezeit sowie in hellenistisch-romischer Zeit hin.,
166,166,Bekirli Hoyuk,"The tell is located near the village Bekirli in the district of Civril and the province of Denizli. It lies on the west side of the river Meander. So far, no excavations have been made. According to the surface finds, the place was inhabited from the Late Chalcolithic until the end of the Late Bronze Age.","Tell, Denizli ilinin Civril ilcesine bagli Bekirli koyu yakinlarinda yer almaktadir. Menderes nehrinin bati yakasinda yer almaktadir. Simdiye kadar herhangi bir kazi yapilmamistir. Yuzey buluntularina gore, Gec Kalkolitik Cag'dan Gec Tunc Cagi'nin sonuna kadar iskan gormustur.",Der Tell befindet sich in der Nahe des Dorfes Bekirli im Bezirk Civril und in der Provinz Denizli. Er liegt auf der Westseite des Flusses Meander. Bisher wurden noch keine Ausgrabungen vorgenommen. Den Oberflachenfunden zufolge war der Ort vom spaten Chalkolithikum bis zum Ende der spaten Bronzezeit bewohnt.,
167,167,Pekmez Hoyuk,"Pekmez Hoyuk is located 4.5 km northwest of the village Bucak on the western side of Isikli Lake in the district of Civril and the province of Denizli. So far, no excavations have been made. The size of the settlement is not recorded, but the tell is easily identified in aerial photographs. According to Esref Abay and Fulya Dedeoglu, the settlement was continously inhabited throughout the Bronze Age.","Pekmez Hoyuk, Denizli ilinin Civril ilcesine bagli Isikli Golu'nun bati yakasinda, Bucak koyunun 4,5 km kuzeybatisinda yer almaktadir. Simdiye kadar herhangi bir kazi yapilmamistir. Yerlesimin buyuklugu kaydedilmemistir, ancak hava fotograflarinda kolayca tespit edilebilmektedir. Esref Abay ve Fulya Dedeoglu'na gore, yerlesim Tunc Cagi boyunca kesintisiz olarak iskan edilmistir.","Pekmez Hoyuk liegt 4,5 km nordwestlich des Dorfes Bucak auf der westlichen Seite des Isikli-Sees im Bezirk Civril und der Provinz Denizli. Bislang wurden keine Ausgrabungen vorgenommen. Die Groﬂe der Siedlung ist nicht erfasst, aber der Tell ist auf Luftbildern leicht zu erkennen. Nach Angaben von Esref Abay und Fulya Dedeoglu war die Siedlung wahrend der gesamten Bronzezeit durchgehend bewohnt.",
168,168,Ayazkoy/Ayaskent,"The site of Ayazkoy (also Ayaskent) is located 17 km northeast of Pergamon. The low settlement lies on the bank of the river Kaikos. So far, no excavations have been made. The place was settled from the Late Chalcolithic/Early Bronze Age until the Late Bronze Age. The 2 m high hill is about 100 x 100 m in size. According to Jurgen Dreihaus, the whole knoll has been plowed and the plowing resulted in a 1 m high terrace on the north and west side. The tell is littered with shards of handmade wares and some fragments of wheel-made pottery with milky gray coating (Troy VI). The pottery is quite uniform, gray to brown, rarely dark brown. The surface finds are characteristic of the Trojan lustrous ware.","Ayazkoy (ayni zamanda Ayaskent) Bergama'nin 17 km kuzeydogusunda yer almaktadir. Alcak yerlesim Kaikos nehrinin kiyisinda yer almaktadir. Simdiye kadar herhangi bir kazi yapilmamistir. Buraya Gec Kalkolitik/Erken Tunc Cagi'ndan Gec Tunc Cagi'na kadar yerlesim olmustur. 2 m yuksekligindeki tepe yaklasik 100 x 100 m boyutlarindadir. Jurgen Dreihaus'a gore, tum tepe surulmus ve surulme sonucunda kuzey ve bati tarafinda 1 m yuksekliginde bir teras olusmustur. Anlati, el yapimi canak comlek parcalari ve sutlu gri kaplamali cark yapimi canak comlek parcalari ile doludur (Troya VI). Canak comlek oldukca tekduze, griden kahverengiye, nadiren de koyu kahverengidir. Yuzey buluntulari Troia parlak mallarinin karakteristik ozelliklerini tasimaktadir.","Der Ort Ayazkoy (auch Ayaskent) befindet sich 17 km nordostlich von Pergamon. Die niedrige Siedlung liegt am Ufer des Flusses Kaikos. Bisher wurden noch keine Ausgrabungen durchgefuhrt. Der Ort war von der spaten Kupferzeit/fruhen Bronzezeit bis zur spaten Bronzezeit besiedelt. Der 2 m hohe Hugel ist etwa 100 x 100 m groﬂ. Laut Jurgen Dreihaus wurde die gesamte Kuppe gepflugt und das Pflugen fuhrte zu einer 1 m hohen Terrasse auf der Nord- und Westseite. Der Tell ist ubersat mit Scherben von handgefertigten Waren und einigen Fragmenten von Topferware mit milchig-grauem Uberzug (Troy VI). Die Keramik ist recht einheitlich, grau bis braun, selten dunkelbraun. Die Oberflachenfunde sind charakteristisch fur die trojanische Glanzkeramik.",
169,169,Basantepe,"Basantepe belongs to the village Islamlar Koyu in the district of Dikili near Izmir. The site is located 2.5 km northeast of Dikili and 150 meters west of the road from Pergamon to Ayvalik. According to the surface finds, the settlement was inhabited since the Late Chalcolithic/Early Bronze Age. The tell itself used to be 1.5 m high and 70 x 70 m wide, but active agriculture has obscured it. So far, no excavations have been made. Early Hellenistic sherds and fragments of Anatolian Grey and Red Ware (Troy VI) were found together with numerous handmade pottery.","Basantepe, Izmir'in Dikili ilcesine bagli Islamlar Koyu'ne aittir. Yerlesim, Dikili'nin 2,5 km kuzeydogusunda ve Bergama'dan Ayvalik'a giden yolun 150 metre batisinda yer almaktadir. Yuzey buluntularina gore yerlesim Gec Kalkolitik/Erken Tunc Cagi'ndan itibaren iskan gormustur. Tellin kendisi eskiden 1,5 m yuksekliginde ve 70 x 70 m genisligindeydi, ancak aktif tarim bunu gizlemistir. Simdiye kadar herhangi bir kazi yapilmamistir. Cok sayida el yapimi canak comlekle birlikte Anadolu Gri ve Kirmizi Mali (Troya VI) Erken Helenistik canak comlek parcalari ve parcalari bulunmustur.","Basantepe gehort zu dem Dorf Islamlar Koyu im Bezirk Dikili bei Izmir. Die Statte befindet sich 2,5 km nordostlich von Dikili und 150 Meter westlich der Straﬂe von Pergamon nach Ayvalik. Den Oberflachenfunden zufolge war die Siedlung seit dem Spatchalkolithikum/Fruhbronzezeit bewohnt. Der Tell selbst war fruher 1,5 m hoch und 70 x 70 m breit, aber die aktive Landwirtschaft hat ihn verdeckt. Bislang wurden keine Ausgrabungen vorgenommen. Es wurden fruhhellenistische Scherben und Fragmente anatolischer grauer und roter Ware (Troja VI) sowie zahlreiche handgemachte Topferwaren gefunden.",
170,170,Cakran,"According to Jurgen Dreihaus, the small settlement is located on the coast of the Gulf of Candarli, about 400 m north-east of the ancient city Gryneion. So far, no excavations have been made. Since the site is very close to Gryneion, it may have been part of the latter. The remains that Jurgen Dreihaus saw in the 1950s are no longer visible, since the area is now occupied by modern houses. Dreihaus recorded primarily handmade Grey and Red Ware.","Jurgen Dreihaus'a gore, bu kucuk yerlesim Candarli Korfezi kiyisinda, Gryneion antik kentinin yaklasik 400 m kuzeydogusunda yer almaktadir. Simdiye kadar herhangi bir kazi yapilmamistir. Yerlesim yeri Gryneion'a cok yakin oldugundan, Gryneion'un bir parcasi olmus olabilir. Jurgen Dreihaus'un 1950'lerde gordugu kalintilar artik gorulememektedir, cunku alan gunumuzde modern evler tarafindan isgal edilmistir. Dreihaus oncelikle el yapimi Gri ve Kirmizi Mallar kaydetmistir.","Laut Jurgen Dreihaus befindet sich die kleine Siedlung an der Kuste des Golfs von Candarli, etwa 400 m nordostlich der antiken Stadt Gryneion. Bisher wurden noch keine Ausgrabungen vorgenommen. Da die Statte ganz in der Nahe von Gryneion liegt, konnte sie Teil von Gryneion gewesen sein. Die Uberreste, die Jurgen Dreihaus in den 1950er Jahren gesehen hat, sind nicht mehr zu sehen, da das Gebiet heute von modernen Hausern besetzt ist. Dreihaus fand vor allem handgemachte graue und rote Ware.",
171,171,Ciftlik,"The settlement belongs tot he district town of Kocaoba Dikili in the Izmir province. It is located on a rocky knoll just north of the road from Dikili to Pergamon. The site also occurs under the names Bayramtepe Hoyuk and also Ciftliktepe in the literature. During the 1950s, Jurgen Dreihaus reported a 1.5 m high and 150 x 150 m was large tell next to the knoll, but this is today almost invisible. Dreihaus describes prehistoric and late Hellenistic pottery fragments resembling that from Troy I and VI.","Yerlesim, Izmir ilinin Dikili ilcesine bagli Kocaoba beldesine aittir. Dikili'den Bergama'ya giden yolun hemen kuzeyindeki kayalik bir tepecik uzerinde yer almaktadir. Yerlesim literaturde Bayramtepe Hoyuk ve Ciftliktepe adlariyla da gecmektedir. 1950'lerde Jurgen Dreihaus, tepecigin yaninda 1,5 m yuksekliginde ve 150 x 150 m boyutlarinda buyuk bir soylence oldugunu bildirmistir, ancak bu bugun neredeyse gorunmez durumdadir. Dreihaus, Troya I ve VI'dakilere benzeyen prehistorik ve gec Helenistik canak comlek parcalari tanimlamaktadir.","Die Siedlung gehort zur Kreisstadt von Kocaoba Dikili in der Provinz Izmir. Sie befindet sich auf einer felsigen Anhohe nordlich der Straﬂe von Dikili nach Pergamon. Die Statte wird in der Literatur auch unter den Namen Bayramtepe Hoyuk und auch Ciftliktepe gefuhrt. In den 1950er Jahren berichtete Jurgen Dreihaus von einem 1,5 m hohen und 150 x 150 m groﬂen Tell neben der Kuppe, der heute jedoch kaum noch zu sehen ist. Dreihaus beschreibt prahistorische und spathellenistische Keramikfragmente, die denen aus Troja I und VI ahneln.",
172,172,Degirmentepe ,"The site is located on a gentle bedrock knoll, 1 km southwest of the village Yeni Korfali and 300 m west of the road Pergamon-Izmir. It is 300 x 150 m in size and 7 m high. In addition to prehistoric surface finds, fragments of Hellenistic, Roman and Byzantine pottery have been found. The prehistoric material most likely dates to the Late Bronze Age, since it resembles wares known from Troy VI.","Alan, Yeni Korfali koyunun 1 km guneybatisinda ve Bergama-Izmir yolunun 300 m batisinda, yumusak bir ana kaya tepecigi uzerinde yer almaktadir. 300 x 150 m boyutlarinda ve 7 m yuksekligindedir. Tarih oncesi yuzey buluntularina ek olarak, Helenistik, Roma ve Bizans donemine ait canak comlek parcalari bulunmustur. Tarih oncesi malzeme, Troya VI'dan bilinen canak comleklere benzedigi icin buyuk olasilikla Gec Tunc Cagi'na tarihlenmektedir.","Die Anlage befindet sich auf einer sanften Felskuppe, 1 km sudwestlich des Dorfes Yeni Korfali und 300 m westlich der Straﬂe Pergamon-Izmir. Er ist 300 x 150 m groﬂ und 7 m hoch. Neben prahistorischen Oberflachenfunden wurden auch wurden Fragmente hellenistischer, romischer und byzantinischer Keramik gefunden. Das prahistorische Material stammt hochstwahrscheinlich aus der spaten Bronzezeit, da es den aus Troja VI bekannten Waren ahnelt.",
173,173,Gryneion,"The ancient city is located below the southern part of the modern town Yeni Sakran in the district of Aliaga near Izmir. During Classical time it was a member of the 12 Aeolian Cities and famous for its Temple of Apollon. French archaologists launched a brief excavation in 1883. During the constructions of the road between Izmir and Canakkale the necropolis in the southeastern part of the settlement was destroyed. The Museum of Pergamon carried out an emergency excavation in 1973, so did the Museum of Izmir in 1992. Finds have been collected by the Museum in Izmir but are not published. Jurgen Dreihaus mentioned a few pieces of Bronze Age ceramics that he found on the peninsula.","Antik kent, Izmir yakinlarindaki Aliaga ilcesinde, modern Yeni Sakran kasabasinin guney kesiminin altinda yer almaktadir. Klasik donemde 12 Aiol Kenti'nin bir uyesiydi ve Apollon Tapinagi ile unluydu. Fransiz arkeologlar 1883 yilinda kisa bir kazi baslatmistir. Izmir ve Canakkale arasindaki yol insaati sirasinda yerlesimin guneydogu kesimindeki nekropol tahrip edilmistir. Pergamon Muzesi 1973 yilinda, Izmir Muzesi de 1992 yilinda acil bir kazi gerceklestirmistir. Buluntular Izmir Muzesi tarafindan toplanmis ancak yayinlanmamistir. Jurgen Dreihaus yarimadada buldugu birkac parca Tunc Cagi seramiginden bahsetmistir.","Die antike Stadt befindet sich unterhalb des sudlichen Teils der modernen Stadt Yeni Sakran im Bezirk Aliaga in der Nahe von Izmir. In klassischer Zeit war sie Mitglied der 12 Aolischen Stadte und beruhmt fur ihren Apollon-Tempel. Franzosische Archaologen begannen 1883 eine kurze Ausgrabung. Wahrend des Baus der Straﬂe zwischen Izmir und Canakkale wurde die Nekropole im sudostlichen Teil der Siedlung zerstort. Das Museum von Pergamon fuhrte 1973 eine Notausgrabung durch, ebenso wie das Museum von Izmir im Jahr 1992. Die Funde wurden vom Museum in Izmir gesammelt, aber nicht veroffentlicht. Jurgen Dreihaus erwahnte einige Keramikstucke aus der Bronzezeit, die er auf der Halbinsel fand.",
174,174,Gumusova Tepe I,"The settlement is located about 9 km southeast of Pergamon in the district of Kinik at Izmir. Jurgen Dreihaus locates Gumusova Tepe I in the valley of Gumusova Deresi and Gumusova Tepe II 1.2 km northeast of it. The prehistoric ceramics range from the Early Bronze Age until the Late Bronze Age, but also includes Roman. Gumusova Tepe I lies on a bedrock knoll and rises about 10 m above the ground.","Yerlesim, Izmir'in Kinik ilcesinde, Pergamon'un yaklasik 9 km guneydogusunda yer almaktadir. Jurgen Dreihaus, Gumusova Tepe I'i Gumusova Deresi vadisinde, Gumusova Tepe II'yi ise bunun 1,2 km kuzeydogusunda konumlandirmaktadir. Prehistorik seramikler Erken Tunc Cagi'ndan Gec Tunc Cagi'na kadar uzanmakla birlikte Roma donemini de icermektedir. Gumusova Tepe I bir ana kaya tumsegi uzerinde yer alir ve yerden yaklasik 10 m yukselir.","Die Siedlung befindet sich etwa 9 km sudostlich von Pergamon im Bezirk Kinik bei Izmir. Jurgen Dreihaus verortet Gumusova Tepe I im Tal von Gumusova Deresi und Gumusova Tepe II 1,2 km nordostlich davon. Die prahistorische Keramik reicht von der fruhen Bronzezeit bis zur spaten Bronzezeit, umfasst aber auch romische Keramik. Gumusova Tepe I liegt auf einer Felskuppe und erhebt sich etwa 10 m uber dem Boden.",
175,175,Gumusova Tepe II,Gumusova Tepe II is located 1.2 km northeast of Gumusova Tepe I in the valley of Gumusova Deresi in the district of Kinik near Izmir. The tell is 30x30m in size and contains sherds ranging in date from the Early to the Late Bronze Age.,"Gumusova Tepe II, Izmir'in Kinik ilcesindeki Gumusova Deresi vadisinde, Gumusova Tepe I'in 1,2 km kuzeydogusunda yer almaktadir. Tell 30x30m boyutlarindadir ve Erken Tunc Cagi'ndan Gec Tunc Cagi'na kadar degisen tarihlerde canak comlek parcalari icermektedir.","Gumusova Tepe II befindet sich 1,2 km nordostlich von Gumusova Tepe I im Tal von Gumusova Deresi im Bezirk Kinik bei Izmir. Der Tell ist 30x30m groﬂ und enthalt Scherben aus der fruhen bis spaten Bronzezeit.",
176,176,Masanti Hoyuk ,"The settlement is located between the village Haskoy and the county town Akhisar in Manisa. It is located 4.3 km northeast of Akhisar and 3 km west of Haskoy village. The road between these modern settlements leads directly through the prehistoric settlement. The settlement is 100 x 70 m tall and 3 m tall. According to the surface finds, the it was settled in the early Chalcolitic period and in the Early and Middle Bronze Age.","Yerlesim, Haskoy koyu ile Manisa'nin Akhisar ilcesi arasinda yer almaktadir. Akhisar'in 4,3 km kuzeydogusunda ve Haskoy koyunun 3 km batisinda yer almaktadir. Bu modern yerlesimler arasindaki yol dogrudan prehistorik yerlesimin icinden gecmektedir. Yerlesim 100 x 70 m boyutlarinda ve 3 m yuksekligindedir. Yuzey buluntularina gore Erken Kalkolitik Donem ile Erken ve Orta Tunc Cagi'nda yerlesilmistir.","Die Siedlung befindet sich zwischen dem Dorf Haskoy und der Kreisstadt Akhisar in Manisa. Sie befindet sich 4,3 km nordostlich von Akhisar und 3 km westlich des Dorfes Haskoy. Die Straﬂe zwischen diesen modernen Siedlungen fuhrt direkt durch die prahistorische Siedlung. Die Siedlung ist 100 x 70 m groﬂ und 3 m hoch. Den Oberflachenfunden zufolge wurde sie in der fruhen chalkolitischen Periode und in der fruhen und mittleren Bronzezeit besiedelt.",
177,177,Maltepe (Bakiralan Tepe) ,The settlement is located 5 km south of the district town Kirkagac and 2 km east of the village Bakir in Manisa. So far no excavations have been carried out. A spring is located slightly west of the site. The settlement is 300 x 200 m in size and 16 m high. According to surface finds the settlement was settled in the Early and Middle Bronze Age. Remains of a settlement from antiquity are visible on the east side.,"Yerlesim, Manisa'nin Kirkagac ilcesinin 5 km guneyinde ve Bakir koyunun 2 km dogusunda yer almaktadir. Simdiye kadar herhangi bir kazi yapilmamistir. Yerlesimin biraz batisinda bir kaynak bulunmaktadir. Yerlesim 300 x 200 m boyutlarinda ve 16 m yuksekligindedir. Yuzey buluntularina gore yerlesim Erken ve Orta Tunc Cagi'nda kurulmustur. Dogu tarafinda antik doneme ait bir yerlesimin kalintilari gorulebilmektedir.",Die Siedlung befindet sich 5 km sudlich der Kreisstadt Kirkagac und 2 km ostlich des Dorfes Bakir in Manisa. Bisher wurden noch keine Ausgrabungen durchgefuhrt. Etwas westlich des Ortes befindet sich eine Quelle. Die Siedlung ist 300 x 200 m groﬂ und 16 m hoch. Den Oberflachenfunden zufolge wurde die Siedlung in der fruhen und mittleren Bronzezeit besiedelt. An der Ostseite sind Uberreste einer Siedlung aus der Antike zu sehen.,
178,178,Kocagentepe Hoyuk ,"The settlement is located about 3 km southwest of the village Bostanci in the district of Kirkagac. The main road from Balikesir to Manisa passes by next to the settlement. A part of the site has been truncated, another part overbuilt by houses belonging to the village. The site is approximately 100 x 75 m in size and 5 m high. According to the surface finds it was inhabited during the Late Chalcolitic, the Early Bronze Age and the Middle Bronze Age. All Middle Bronze Age appears to have been wheel-made. The clay contains traces of quartz sand and mica and is very well burnt. The pots are yellow, brown, yellowish gray and light brown in color.","Yerlesim, Kirkagac ilcesine bagli Bostanci koyunun yaklasik 3 km guneybatisinda yer almaktadir. Balikesir'den Manisa'ya giden ana yol yerlesimin yanindan gecmektedir. Alanin bir kismi kesilmis, bir kismi da koye ait evler tarafindan asiri insa edilmistir. Yerlesim yaklasik 100 x 75 m boyutlarinda ve 5 m yuksekligindedir. Yuzey buluntularina gore Gec Kalkolitik, Erken Tunc Cagi ve Orta Tunc Cagi'nda iskan gormustur. Orta Tunc Cagi'nin tamami cark yapimi gibi gorunmektedir. Kil, kuvars kumu ve mika izleri icerir ve cok iyi yanmistir. Kaplar sari, kahverengi, sarimsi gri ve acik kahverengi renktedir.","Die Siedlung befindet sich etwa 3 km sudwestlich des Dorfes Bostanci im Bezirk Kirkagac. Die Hauptstraﬂe von Balikesir nach Manisa fuhrt direkt an der Siedlung vorbei. Ein Teil des Gelandes wurde abgetragen, ein anderer Teil mit Hausern uberbaut, die zum Dorf gehoren. Die Anlage ist etwa 100 x 75 m groﬂ und 5 m hoch. Den Oberflachenfunden zufolge war sie wahrend der spaten Chalkolithen, der fruhen Bronzezeit und der mittleren Bronzezeit bewohnt. Alle mittelbronzezeitlichen Funde scheinen mit Radern hergestellt worden zu sein. Der Ton enthalt Spuren von Quarzsand und Glimmer und ist sehr gut gebrannt. Die Topfe sind gelb, braun, gelblich-grau und hellbraun gefarbt.",
179,179,Sakarcali Hoyuk ,"The settlement is located about 8.5 km east of the district town Kirkagac and 3.5 km west, north-west of the village Karakurt. It lies in the valley of the Bakircay River, the ancient Kaikos, which runs 100 m south of it. The settlement is about 90-100 by 75-80 m in size and 5 m high. According to the surface finds it was settled in the Late Chalcolithic and in the Early, Middle and Late Bronze Age. The pottery of the Middle Bronze Age is similar to the ceramics of Maltepe (Bakiralan Tepe) Hoyuk.","Yerlesim, Kirkagac ilcesinin yaklasik 8,5 km dogusunda ve Karakurt koyunun 3,5 km batisinda, kuzeybatisinda yer almaktadir. Yerlesim, 100 m guneyinden gecen antik Kaikos nehri olan Bakircay'in vadisinde yer almaktadir. Yerlesim yaklasik 90-100 x 75-80 m boyutlarinda ve 5 m yuksekligindedir. Yuzey buluntularina gore Gec Kalkolitik, Erken, Orta ve Gec Tunc Cagi'nda yerlesilmistir. Orta Tunc Cagi seramikleri Maltepe (Bakiralan Tepe) Hoyuk seramikleri ile benzerlik gostermektedir.","Die Siedlung befindet sich etwa 8,5 km ostlich der Kreisstadt Kirkagac und 3,5 km westlich, nordwestlich des Dorfes Karakurt. Sie liegt im Tal des Flusses Bakircay, dem antiken Kaikos, der 100 m sudlich von ihr verlauft. Die Siedlung ist etwa 90-100 mal 75-80 m groﬂ und 5 m hoch. Den Oberflachenfunden zufolge war sie im spaten Chalkolithikum und in der fruhen, mittleren und spaten Bronzezeit besiedelt. Die Keramik aus der mittleren Bronzezeit ahnelt der Keramik von Maltepe (Bakiralan Tepe) Hoyuk.",
180,180,Baglartepe Hoyuk ,"The tell is located 4.5 km northeast of the district town Kirkagac and 1.7 km southeast of the village Ovecli in the valley of the Bakircay River, the ancient Kaikos. So far no excavations have been carried out. The settlement is 120 x 70 m in size and 8 m high. Very few Late Chalcolitic finds and more ceramic fragments of the Early, Middle and Late Bronze Age indicate inhabitation during prehistoric times.","Kirkagac ilcesinin 4,5 km kuzeydogusunda ve Ovecli koyunun 1,7 km guneydogusunda, antik Kaikos olan Bakircay Nehri vadisinde yer almaktadir. Simdiye kadar herhangi bir kazi yapilmamistir. Yerlesim 120 x 70 m boyutlarinda ve 8 m yuksekligindedir. Cok az sayida Gec Kalkolitik buluntu ve daha cok Erken, Orta ve Gec Tunc Cagi'na ait seramik parcalari tarih oncesi donemlerde yerlesime isaret etmektedir.","Der Tell liegt 4,5 km nordostlich der Kreisstadt Kirkagac und 1,7 km sudostlich des Dorfes Ovecli im Tal des Flusses Bakircay, dem antiken Kaikos. Bisher wurden noch keine Ausgrabungen durchgefuhrt. Die Siedlung ist 120 x 70 m groﬂ und 8 m hoch. Sehr wenige spatchalkolitische Funde und mehr Keramikfragmente aus der fruhen, mittleren und spaten Bronzezeit weisen auf eine Besiedlung in prahistorischer Zeit hin.",
181,181,Uyucektepe Hoyuk (Yagcili) ,"The settlement is located 4 km northwest of the village Yagcili in the district of Soma in Manisa. It is located on the border of the cities of Manisa and Balikesir. So far no excavations have been carried out. According to the surface finds, the settlement was settled in the Early, Middle and late Bronze Age.","Yerlesim, Manisa'nin Soma ilcesine bagli Yagcili koyunun 4 km kuzeybatisinda yer almaktadir. Manisa ve Balikesir illerinin sinirinda yer almaktadir. Simdiye kadar herhangi bir kazi calismasi yapilmamistir. Yuzey buluntularina gore yerlesim Erken, Orta ve Gec Tunc Cagi'nda kurulmustur.","Die Siedlung befindet sich 4 km nordwestlich des Dorfes Yagcili im Bezirk Soma in Manisa. Sie befindet sich an der Grenze zwischen den Stadten Manisa und Balikesir. Bisher wurden noch keine Ausgrabungen durchgefuhrt. Nach den Oberflachenfunden wurde die Siedlung in der fruhen, mittleren und spaten Bronzezeit besiedelt.",
182,182,Milas Pilav Tepe,"The 75-meter-high bedrock knoll of Pilavtepe lies on the edge of a floodplain, just south-west of the foothills of the Sodra mountain chain near the interstate road from Milas to Bodrum. Surface finds indicate that the thus far unexplored hill was already inhabited during the Late Neolithic and that it continued until late Antiquity. The flat part of the hill top is still partly surrounded by an about 2 m thick wall consisting of unworked stones. Remnants of terrace walls appear on some of the slopes. A chamber tomb was found in the lower third of the knoll. According to Mathias Benther, 30 Mycenaean vessels or fragments of them were retrieved from the grave. The pottery dates to the LH IIIA-C. So, the chamber tomb was in use between c. 1375-1130 BCE.","Pilavtepe'nin 75 metre yuksekligindeki ana kaya tepecigi, Milas'tan Bodrum'a giden devlet karayolunun yakininda, Sodra dag zincirinin eteklerinin hemen guneybatisinda, bir taskin yataginin kenarinda yer almaktadir. Yuzey buluntulari, simdiye kadar kesfedilmemis olan tepede Gec Neolitik Cag'da yerlesim oldugunu ve bu yerlesimin Gec Antik Cag'a kadar devam ettigini gostermektedir. Tepenin duz kismi hala kismen islenmemis taslardan olusan yaklasik 2 m kalinliginda bir duvarla cevrilidir. Bazi yamaclarda teras duvarlarinin kalintilari gorulmektedir. Tumsegin alt ucte birlik kisminda bir oda mezar bulunmustur. Mathias Benther'e gore, mezardan 30 Miken kabi ya da parcasi cikarilmistir. Canak comlekler LH IIIA-C donemine tarihlenmektedir. Yani oda mezar MO 1375-1130 yillari arasinda kullanilmistir.","Die 75 Meter hohe Felskuppe von Pilavtepe liegt am Rande eines Uberschwemmungsgebiets, sudwestlich der Auslaufer der Sodra-Gebirgskette nahe der Autobahn von Milas nach Bodrum. Oberflachenfunde deuten darauf hin, dass der bisher unerforschte Hugel bereits in der spaten Jungsteinzeit bewohnt war und dies bis in die Spatantike andauerte. Der flache Teil der Hugelspitze ist noch teilweise von einer etwa 2 m dicken Mauer aus unbearbeiteten Steinen umgeben. An einigen der Hange sind Reste von Terrassenmauern zu sehen. Im unteren Drittel des Hugels wurde ein Kammergrab gefunden. Nach Angaben von Mathias Benther wurden 30 mykenische Gefaﬂe oder Fragmente davon aus dem Grab geborgen. Die Topferwaren stammen aus der Zeit LH IIIA-C. Das Kammergrab wurde also zwischen ca. 1375-1130 v. Chr. benutzt.",
183,183,Emre Mevkii,"The small tell lies 12 km southeast of the center of Balikesir, about 2.5 km south of the village Aslihan. So far no excavations have been carried out. According to Mehmet Ozdogan, the small Hoyuk was populated from the Chalcolite to the end of the Late Bronze Age. In the classical period, the place was once again inhabited.","Kucuk anlati, Balikesir merkezinin 12 km guneydogusunda, Aslihan koyunun yaklasik 2,5 km guneyinde yer almaktadir. Simdiye kadar herhangi bir kazi yapilmamistir. Mehmet Ozdogan'a gore, Kucuk Hoyuk Kalkolitik Cag'dan Gec Tunc Cagi'nin sonuna kadar iskan gormustur. Klasik donemde burasi bir kez daha iskan edilmistir.","Der kleine Tell liegt 12 km sudostlich des Zentrums von Balikesir, etwa 2,5 km sudlich des Dorfes Aslihan. Bisher wurden noch keine Ausgrabungen durchgefuhrt. Laut Mehmet Ozdogan war das kleine Hoyuk von der Chalkolithenzeit bis zum Ende der spaten Bronzezeit besiedelt. In der klassischen Periode war der Ort erneut besiedelt.",
184,184,Ovakoy Uyucek ,,,,
185,185,Gokceyazi Uyucek,,,,
186,186,Tutuncuyolu/Uyucek ,,,,
187,187,Huyucek Tepe,,,,
188,188,Antandros,,,,
189,189,Yenisehir I (Bostin Bos Tepe) ,,,,
190,190,Inegol I (Cumatepe),,,,
191,191,Cakirca Hoyuk ,,,,
192,192,Cayirkoy Hoyuk,,,,
193,193,Karadin Hoyuk,,,,
194,194,Uyucek Hoyuk -Iznik,,,,
195,195,Yugucek Hoyuk,,,,
196,196,Yenikoy Hoyuk (Orhangazi),,,,
197,197,Karasil I Hoyuk,"The tell settlement is located 10 km south of the district town of Yenisehir in Bursa, between the villages of Karasil and Soylemis. No excavations have been carried out so far.","Hoyuk yerlesimi, Bursa'nin Yenisehir ilcesinin 10 km guneyinde, Karasil ve Soylemis koyleri arasinda yer almaktadir. Simdiye kadar herhangi bir kazi yapilmamistir.","Die Tellsiedlung befindet sich 10 km sudlich der Kreisstadt Yenisehir in Bursa, zwischen den Dorfern Karasil und Soylemis. Bisher wurden noch keine Ausgrabungen durchgefuhrt.",
198,198,Karasil II Hoyuk,"The tell settlement it is located 10 km south of the district town of Yenisehir in Bursa, about 2 km southwest of the village of Karasil.","Bursa'nin Yenisehir ilcesinin 10 km guneyinde, Karasil koyunun yaklasik 2 km guneybatisinda yer almaktadir.","Die Tellsiedlung befindet sich 10 km sudlich der Kreisstadt Yenisehir in Bursa, etwa 2 km sudwestlich des Dorfes Karasil.",
199,199,Kopruhisar Hoyuk,"The Tell settlement is located in the village of Kopruhisar in the Yenisehir district of Bursa, south of the village, north of the Bilecik-Yenisehir highway and directly on the eastern terrace of the Kocasu River.","Hoyuk yerlesimi, Bursa'nin Yenisehir ilcesine bagli Kopruhisar koyunde, koyun guneyinde, Bilecik-Yenisehir karayolunun kuzeyinde ve dogrudan Kocasu Nehri'nin dogu terasinda yer almaktadir.","Die Tell-Siedlung liegt im Dorf Kopruhisar im Bezirk Yenisehir von Bursa, sudlich des Dorfes, nordlich der Autobahn Bilecik-Yenisehir und direkt auf der ostlichen Terrasse des Flusses Kocasu.",
200,200,Marmaracik Hoyuk,"The tell settlement is located on the Bursa-Yenisehir highway, 3 km south of the village of Marmaracik. No excavations have been carried out so far. According to David French, the tell was 100 meters in diameter and 5 meters high.","Hoyuk yerlesimi Bursa-Yenisehir karayolu uzerinde, Marmaracik koyunun 3 km guneyinde yer almaktadir. Simdiye kadar herhangi bir kazi yapilmamistir. David French'e gore tell 100 metre capinda ve 5 metre yuksekligindeydi.","Die Tellsiedlung liegt an der Fernstraﬂe Bursa-Yenisehir, 3 km sudlich des Dorfes Marmaracik. Bisher wurden noch keine Ausgrabungen durchgefuhrt. Nach Angaben von David French hatte der Tell einen Durchmesser von 100 Metern und war 5 Meter hoch.",
201,201,Okuf Hoyuk,"The tell settlement is located 14 km south of the district town of Yenisehir, near the village of Okof (h. Cayirli), on the right bank of the Kocasu River.","Yerlesim, Yenisehir ilcesinin 14 km guneyinde, Okof (h. Cayirli) koyu yakinlarinda, Kocasu Nehri'nin sag kiyisinda yer almaktadir.","Die Tellsiedlung liegt 14 km sudlich der Kreisstadt Yenisehir, in der Nahe des Dorfes Okof (h. Cayirli), am rechten Ufer des Flusses Kocasu.",
202,202,Soylemis Hoyuk,"The tell settlement is located 6 km south of the district town of Yenisehir, within the boundaries of the village of Soylemis and 4 km north of the village center, on the right bank of the Goksu Cayi River. No excavations have been carried out so far.","Soylemis yerlesimi, Yenisehir ilcesinin 6 km guneyinde, Soylemis koyu sinirlari icinde ve koy merkezinin 4 km kuzeyinde, Goksu Cayi'nin sag kiyisinda yer almaktadir. Bugune kadar herhangi bir kazi calismasi yapilmamistir.","Die Tellsiedlung befindet sich 6 km sudlich der Kreisstadt Yenisehir, innerhalb der Grenzen des Dorfes Soylemis und 4 km nordlich des Dorfzentrums, am rechten Ufer des Goksu Cayi Flusses. Bisher wurden noch keine Ausgrabungen durchgefuhrt.",
203,203,Barcin Hoyuk (Yenisehir II),The settlement is located near the village of Barcin in Yenisehir/Bursa. South of the highway between Yenisehir and Bursa. The settlement has been excavated by an international team since 2005. The settlement is about 100 m large and 4 m high.,Yerlesim Yenisehir/Bursa'da Barcin koyu yakinlarinda yer almaktadir. Yenisehir ile Bursa arasindaki karayolunun guneyindedir. Yerlesim 2005 yilindan beri uluslararasi bir ekip tarafindan kazilmaktadir. Yerlesim yaklasik 100 m genisliginde ve 4 m yuksekligindedir.,Die Siedlung befindet sich in der Nahe des Dorfes Barcin in Yenisehir/Bursa. Sudlich der Fernstraﬂe zwischen Yenisehir und Bursa. Die Siedlung wurde seit 2005 von einem internationalen Team ausgegraben. Die Siedlung ist etwa 100 m groﬂ und 4 m hoch.,
204,204,Kursunlu Hoyuk,"The tell settlement is located 3 km west of the village of Kursunlu and 1 km southwest of the village of Kucukyenice, about 400 m north of the main road from Bursa to Eskisehir. No excavations have been carried out so far. The settlement had a diameter of 150 m and is 2 m high.","Hoyuk yerlesimi, Kursunlu koyunun 3 km batisinda ve Kucukyenice koyunun 1 km guneybatisinda, Bursa'dan Eskisehir'e giden ana yolun yaklasik 400 m kuzeyinde yer almaktadir. Simdiye kadar herhangi bir kazi yapilmamistir. Yerlesim 150 m capinda ve 2 m yuksekligindedir.","Die Tellsiedlung befindet sich 3 km westlich des Dorfes Kursunlu und 1 km sudwestlich des Dorfes Kucukyenice, etwa 400 m nordlich der Hauptstraﬂe von Bursa nach Eskisehir. Bisher wurden noch keine Ausgrabungen durchgefuhrt. Die Siedlung hatte einen Durchmesser von 150 m und ist 2 m hoch.",
205,205,Karaca Hoyuk,The tell settlement is located about 6 km east of Eskisehir in the village of Karacahoyuk in the province of Eskisehir. It is located. No excavations have been carried out so far.,"Hoyuk yerlesimi, Eskisehir'in yaklasik 6 km dogusunda, Eskisehir iline bagli Karacahoyuk koyunde yer almaktadir. Bulundugu yer. Simdiye kadar herhangi bir kazi calismasi yapilmamistir.",Die Tellsiedlung befindet sich etwa 6 km ostlich von Eskisehir im Dorf Karacahoyuk in der Provinz Eskisehir. Sie befindet sich dort. Bisher wurden noch keine Ausgrabungen durchgefuhrt.,
206,206,Alyamak Hoyuk ,The tell settlement is located 8 km northeast of the province of Eskisehir. No excavations have been carried out so far.,Hoyuk yerlesimi Eskisehir ilinin 8 km kuzeydogusunda yer almaktadir. Simdiye kadar herhangi bir kazi yapilmamistir.,Die Tellsiedlung befindet sich 8 km nordostlich der Provinz Eskisehir. Bisher wurden noch keine Ausgrabungen durchgefuhrt.,
207,207,Ciftlik Hoyuk ,The tell settlement is located in the city of Eskisehir. No excavations have been carried out to date.,Hoyuk yerlesimi Eskisehir kentinde yer almaktadir. Bugune kadar herhangi bir kazi yapilmamistir.,Die Tellsiedlung befindet sich in der Stadt Eskisehir. Bisher wurden noch keine Ausgrabungen durchgefuhrt.,
208,208,Bahcecik II (Kizilay),"The tell settlement is located 4 km west of the village of Bahcecik, north of Midaion/Karahoyuk. No excavations have been carried out to date. The tell settlement has a diameter of 100 m and is 7.5 m high.","Hoyuk yerlesimi, Midaion/Karahoyuk'un kuzeyinde, Bahcecik koyunun 4 km batisinda yer almaktadir. Bugune kadar herhangi bir kazi yapilmamistir. Hoyuk yerlesimi 100 m capinda ve 7,5 m yuksekligindedir.","Die Tellsiedlung befindet sich 4 km westlich des Dorfes Bahcecik, nordlich von Midaion/Karahoyuk. Bisher wurden noch keine Ausgrabungen durchgefuhrt. Die Tellsiedlung hat einen Durchmesser von 100 m und ist 7,5 m hoch.",
209,209,Cukurhisar II/Alpu ,"The tell settlement is located on the southwest side of the center of Cukuhisar village, 9 km north of the district town of Alpu in Eskisehir. Charles A. Burney's mentions the settlement as Cerkes Cukurhisar. No excavations have been carried out until now.","Hoyuk yerlesimi, Eskisehir'in Alpu ilcesinin 9 km kuzeyindeki Cukuhisar koyunun merkezinin guneybati tarafinda yer almaktadir. Charles A. Burney'in eserinde yerlesimden Cerkes Cukurhisar olarak bahsedilmektedir. Simdiye kadar herhangi bir kazi calismasi yapilmamistir.","Die Tellsiedlung befindet sich an der sudwestlichen Seite des Zentrums des Dorfes Cukuhisar, 9 km nordlich der Kreisstadt Alpu in Eskisehir. Bei Charles A. Burney wird die Siedlung als Cerkes Cukurhisar erwahnt. Bis heute wurden keine Ausgrabungen durchgefuhrt.",
210,210,Doganci Hoyuk ,The tell settlement is located between 4 km north of Alpu and 400 m east of the highway between Alpu and Cukurhisar.,Hoyuk yerlesimi Alpu'nun 4 km kuzeyinde ve Alpu ile Cukurhisar arasindaki karayolunun 400 m dogusunda yer almaktadir.,Die Tellsiedlung liegt zwischen 4 km nordlich von Alpu und 400 m ostlich der Landstraﬂe zwischen Alpu und Cukurhisar.,
211,211,Koprubasi Hoyuk ,"The tell settlement is located south of the village of Yesildon, 4 km southwest of the district town of Alpu. The lies about 50 m from the river Porsuk.","Hoyuk yerlesimi, Alpu ilcesinin 4 km guneybatisinda, Yesildon koyunun guneyinde yer almaktadir. Porsuk Nehri'ne yaklasik 50 m uzakliktadir.","Die Tellsiedlung befindet sich sudlich des Dorfes Yesildon, 4 km sudwestlich der Kreisstadt Alpu. Sie liegt etwa 50 m vom Fluss Porsuk entfernt.",
212,212,Nemli Hoyuk ,"The tell settlement is located about 1 km southwest of the village of Nemli, 27 km west of Eskisehir. No excavations have been carried out to date.","Hoyuk yerlesimi, Eskisehir'in 27 km batisindaki Nemli koyunun yaklasik 1 km guneybatisinda yer almaktadir. Bugune kadar herhangi bir kazi yapilmamistir.","Die Tellsiedlung befindet sich etwa 1 km sudwestlich des Dorfes Nemli, 27 km westlich von Eskisehir. Bisher wurden noch keine Ausgrabungen durchgefuhrt.",
213,213,Keskin,"The tell settlement is located in the village of Keskin, northwest of Eskisehir city center. No excavations have been carried out to date.","Hoyuk yerlesimi, Eskisehir il merkezinin kuzeybatisindaki Keskin koyunde yer almaktadir. Bugune kadar herhangi bir kazi yapilmamistir.","Die Tellsiedlung befindet sich im Dorf Keskin, nordwestlich des Stadtzentrums von Eskisehir. Bisher wurden noch keine Ausgrabungen durchgefuhrt.",
214,214,Asagi Sogutonu ,The tell settlement is located 5 km northwest of Eskisehir. No excavations have been carried out so far.,Hoyuk yerlesimi Eskisehir'in 5 km kuzeybatisinda yer almaktadir. Simdiye kadar herhangi bir kazi yapilmamistir.,Die Tellsiedlung befindet sich 5 km nordwestlich von Eskisehir. Bisher wurden noch keine Ausgrabungen durchgefuhrt.,
215,215,Boyacioglu Ciftligi ,The tell settlement is located southeast of the village of Turgutlar and south of the river Sarisu in the province of Eskisehir. No excavations have been carried out so far.,"Hoyuk yerlesimi, Eskisehir iline bagli Turgutlar koyunun guneydogusunda ve Sarisu nehrinin guneyinde yer almaktadir. Simdiye kadar herhangi bir kazi yapilmamistir.",Die Tellsiedlung befindet sich sudostlich des Dorfes Turgutlar und sudlich des Flusses Sarisu in der Provinz Eskisehir. Bisher wurden noch keine Ausgrabungen durchgefuhrt.,
216,216,Esnemez Hoyuk,The tell settlement is located 2 km southwest of the village of Esnemez in the Inonu district of Eskisehir. No excavations have been carried out so far. Large parts of the tell settlement have been destroyed.,Hoyuk yerlesimi Eskisehir'in Inonu ilcesine bagli Esnemez koyunun 2 km guneybatisinda yer almaktadir. Simdiye kadar herhangi bir kazi yapilmamistir. Anlati yerlesiminin buyuk bir kismi tahrip olmustur.,Die Tellsiedlung befindet sich 2 km sudwestlich des Dorfes Esnemez im Bezirk Inonu von Eskisehir. Bisher wurden noch keine Ausgrabungen durchgefuhrt. Groﬂe Teile der Tellsiedlung sind zerstort worden.,
217,217,Gokcekisik ,"The site is located in the village of Gokcekisik, 20 km southwest of the Eskisehir province. It is not a tell settlement. No excavations have been carried out so far.",Eskisehir il merkezinin 20 km guneybatisindaki Gokcekisik koyunde yer almaktadir. Anlatilan bir yerlesim yeri degildir. Simdiye kadar herhangi bir kazi yapilmamistir.,"Die Statte befindet sich in dem Dorf Gokcekisik, 20 km sudwestlich der Provinz Eskisehir. Es handelt sich nicht um eine Tellsiedlung. Bisher wurden noch keine Ausgrabungen durchgefuhrt.",
218,218,Sandikozu Hoyuk,The tell settlement is located in the village of Sandikozu in the district town of Seyitgazi in Eskisehir. No excavations have been carried out so far.,Hoyuk yerlesimi Eskisehir'in Seyitgazi ilcesine bagli Sandikozu koyunde yer almaktadir. Simdiye kadar herhangi bir kazi calismasi yapilmamistir.,Die Tellsiedlung befindet sich im Dorf Sandikozu in der Kreisstadt Seyitgazi in Eskisehir. Bisher wurden noch keine Ausgrabungen durchgefuhrt.,
219,219,Kurupinar/Avdan ,The small tell settlement is located south of the village of Avdan near the road to Ayvacik in the district town of Odunpazari in Eskisehir. No excavations have been carried out so far.,"Kucuk anlati yerlesimi, Eskisehir'in Odunpazari ilcesine bagli Ayvacik yolunun yakininda, Avdan koyunun guneyinde yer almaktadir. Simdiye kadar herhangi bir kazi yapilmamistir.",Die kleine Tellsiedlung befindet sich sudlich des Dorfes Avdan nahe der Straﬂe nach Ayvacik in der Kreisstadt Odunpazari in Eskisehir. Bisher wurden noch keine Ausgrabungen durchgefuhrt.,
220,220,Kavakozu,"The tell settlement is located near the highway between Eskisehir and Seyitgazi, 14 km south of Eskisehir. No excavations have been carried out so far.","Hoyuk yerlesimi, Eskisehir'in 14 km guneyinde, Eskisehir ile Seyitgazi arasindaki karayolunun yakininda yer almaktadir. Simdiye kadar herhangi bir kazi yapilmamistir.","Die Tellsiedlung liegt in der Nahe der Fernstraﬂe zwischen Eskisehir und Seyitgazi, 14 km sudlich von Eskisehir. Bisher wurden noch keine Ausgrabungen durchgefuhrt.",
221,221,Akoren ,"The tell settlement is located on the highway between Eskisehir and Seyitgazi, 16 km south of Eskisehir and 5 km northeast of the village of Karapazar. No excavations have been carried out so far.","Hoyuk yerlesimi, Eskisehir ile Seyitgazi arasindaki karayolu uzerinde, Eskisehir'in 16 km guneyinde ve Karapazar koyunun 5 km kuzeydogusunda yer almaktadir. Simdiye kadar herhangi bir kazi yapilmamistir.","Die Tellsiedlung liegt an der Fernstraﬂe zwischen Eskisehir und Seyitgazi, 16 km sudlich von Eskisehir und 5 km nordostlich des Dorfes Karapazar. Bisher wurden noch keine Ausgrabungen durchgefuhrt.",
222,222,Alpanoz,The tell settlement is located east of the village of Alpanoz in Seyitgazi/Eskisehir. No excavations have been carried out so far.,Hoyuk yerlesimi Seyitgazi/Eskisehir'deki Alpanoz koyunun dogusunda yer almaktadir. Simdiye kadar herhangi bir kazi yapilmamistir.,Die Tellsiedlung befindet sich ostlich des Dorfes Alpanoz in Seyitgazi/Eskisehir. Bisher wurden noch keine Ausgrabungen durchgefuhrt.,
223,223,Kulluhoyuk,The tell settlement is located West of the district town of Seyitgazi in Eskisehir. No excavations have been carried out so far.,Hoyuk yerlesimi Eskisehir'in Seyitgazi ilcesinin batisinda yer almaktadir. Simdiye kadar herhangi bir kazi yapilmamistir.,Die Tellsiedlung befindet sich westlich der Kreisstadt Seyitgazi in Eskisehir. Bisher wurden noch keine Ausgrabungen durchgefuhrt.,
224,224,Gulluhoyuk ,The tell settlement is located 1.7 km north-northeast of the village of Gulluce in the district of Mahmudiye in Eskisehir. No excavations have been carried out so far.,"Hoyuk yerlesimi, Eskisehir'in Mahmudiye ilcesine bagli Gulluce koyunun 1,7 km kuzey-kuzeydogusunda yer almaktadir. Simdiye kadar herhangi bir kazi calismasi yapilmamistir.","Die Tellsiedlung befindet sich 1,7 km nord-nordostlich des Dorfes Gulluce im Bezirk Mahmudiye in Eskisehir. Bisher wurden noch keine Ausgrabungen durchgefuhrt.",
225,225,Osmaniye ,The tell settlement is located 1200 m north of the village of Osmaniye in the district of Alpu in Eskisehir. No excavations have been carried out so far.,Hoyuk yerlesimi Eskisehir'in Alpu ilcesine bagli Osmaniye koyunun 1200 m kuzeyinde yer almaktadir. Simdiye kadar herhangi bir kazi yapilmamistir.,Die Tellsiedlung befindet sich 1200 m nordlich des Dorfes Osmaniye im Bezirk Alpu in Eskisehir. Bisher wurden noch keine Ausgrabungen durchgefuhrt.,
226,226,Kucuk Kizlar Hoyuk,The tell settlement is located 2 km northwest of the district town of Alpu in Eskisehir. No excavations have been carried out so far.,Hoyuk yerlesimi Eskisehir'in Alpu ilcesinin 2 km kuzeybatisinda yer almaktadir. Simdiye kadar herhangi bir kazi yapilmamistir.,Die Tellsiedlung befindet sich 2 km nordwestlich der Kreisstadt Alpu in Eskisehir. Bisher wurden noch keine Ausgrabungen durchgefuhrt.,
227,227,Kaynakobasi Hoyuk ,,,,
228,228,Akyurt Hoyuk ,The tell settlement is located on the south-eastern side of the village of Akyurt in the district town of Mahmudiye in Eskisehir. No excavations have been carried out so far.,"Hoyuk yerlesimi, Eskisehir'in Mahmudiye ilcesine bagli Akyurt koyunun guneydogu tarafinda yer almaktadir. Simdiye kadar herhangi bir kazi yapilmamistir.",Die Tellsiedlung befindet sich an der sudostlichen Seite des Dorfes Akyurt in der Kreisstadt Mahmudiye in Eskisehir. Bisher wurden noch keine Ausgrabungen durchgefuhrt.,
229,229,Sarisu ,The tell settlement is located between the villages of Akyurt and Fahriye in the district of Mahmudiye in Eskisehir. No excavations have been carried out so far.,Hoyuk yerlesimi Eskisehir'in Mahmudiye ilcesine bagli Akyurt ve Fahriye koyleri arasinda yer almaktadir. Simdiye kadar herhangi bir kazi calismasi yapilmamistir.,Die Tellsiedlung befindet sich zwischen den Dorfern Akyurt und Fahriye im Bezirk Mahmudiye in Eskisehir. Bisher wurden noch keine Ausgrabungen durchgefuhrt.,
230,230,Araporen,The tell settlement is located 2 km northeast of Dogancayir (Araporen) in the district of Seyitgazi. No excavations have been carried out so far.,"Hoyuk yerlesimi, Seyitgazi ilcesinde Dogancayir'in (Araporen) 2 km kuzeydogusunda yer almaktadir. Simdiye kadar herhangi bir kazi yapilmamistir.",Die Tellsiedlung befindet sich 2 km nordostlich von Dogancayir (Araporen) im Bezirk Seyitgazi. Bisher wurden noch keine Ausgrabungen durchgefuhrt.,
231,231,Bahcecik II/Sivrihisar ,The tell settlement is located 1 km south of the village of Bahcecik in the district of Sivrihisar. No excavations have been carried out so far.,Hoyuk yerlesimi Sivrihisar ilcesine bagli Bahcecik koyunun 1 km guneyinde yer almaktadir. Simdiye kadar herhangi bir kazi yapilmamistir.,Die Tellsiedlung befindet sich 1 km sudlich des Dorfes Bahcecik im Bezirk Sivrihisar. Bisher wurden noch keine Ausgrabungen durchgefuhrt.,
232,232,Cayir Hoyuk ,The tell settlement is located 2 km northeast of the village of Hayriye in the district town of Cifteler. No excavations have been carried out so far.,Hoyuk yerlesimi Cifteler ilcesine bagli Hayriye koyunun 2 km kuzeydogusunda yer almaktadir. Simdiye kadar herhangi bir kazi yapilmamistir.,Die Tellsiedlung befindet sich 2 km nordostlich des Dorfes Hayriye in der Kreisstadt Cifteler. Bisher wurden noch keine Ausgrabungen durchgefuhrt.,
233,233,Ilicabasi II,The tell settlement is located 3 km northeast of the village of Ilicabasi in the district of Cifteler. No excavations have been carried out to date.,Hoyuk yerlesimi Cifteler ilcesine bagli Ilicabasi koyunun 3 km kuzeydogusunda yer almaktadir. Bugune kadar herhangi bir kazi yapilmamistir.,Die Tellsiedlung befindet sich 3 km nordostlich des Dorfes Ilicabasi im Bezirk Cifteler. Bislang wurden keine Ausgrabungen durchgefuhrt.,
234,234,Hamam Karahisar,The tell settlement is located on the southwestern side of the village of Hamam Karahisar in the district of Sivrihisar. It is located directly east of a medicinal spring. No excavations have been carried out so far.,Hoyuk yerlesimi Sivrihisar ilcesine bagli Hamam Karahisar koyunun guneybati tarafinda yer almaktadir. Sifali bir kaynagin hemen dogusunda yer almaktadir. Simdiye kadar herhangi bir kazi yapilmamistir.,Die Tellsiedlung befindet sich an der sudwestlichen Seite des Dorfes Hamam Karahisar im Bezirk Sivrihisar. Sie befindet sich direkt ostlich einer Heilquelle. Bisher wurden noch keine Ausgrabungen durchgefuhrt.,
235,235,Kostutepesi ,The tell settlement is located about 1 km east of the district town of Gunyuzu. No excavations have been carried out to date.,Hoyuk yerlesimi Gunyuzu ilcesinin yaklasik 1 km dogusunda yer almaktadir. Bugune kadar herhangi bir kazi yapilmamistir.,Die Tellsiedlung befindet sich etwa 1 km ostlich der Kreisstadt Gunyuzu. Bisher wurden noch keine Ausgrabungen durchgefuhrt.,
236,236,Sogulcak ,The tell settlement is located 1.5 km east of the village of Sogulcak in the district town of Seyitgazi. No excavations have been carried out so far.,"Hoyuk yerlesimi Seyitgazi ilcesine bagli Sogulcak koyunun 1,5 km dogusunda yer almaktadir. Simdiye kadar herhangi bir kazi yapilmamistir.","Die Tellsiedlung befindet sich 1,5 km ostlich des Dorfes Sogulcak in der Kreisstadt Seyitgazi. Bisher wurden noch keine Ausgrabungen durchgefuhrt.",
237,237,Egriova Hoyuk ,The tell settlement is said to be located between the villages of Saricailyas and Sukranli in a place called Egriova Deresi. No excavations have been carried out so far.,Hoyuk yerlesiminin Saricailyas ve Sukranli koyleri arasinda Egriova Deresi denilen yerde oldugu soylenmektedir. Simdiye kadar herhangi bir kazi yapilmamistir.,Die Tellsiedlung soll sich zwischen den Dorfern Saricailyas und Sukranli an einem Ort namens Egriova Deresi befinden. Bisher wurden noch keine Ausgrabungen durchgefuhrt.,
238,238,Saricailyas ,The tell settlement is located on a natural knoll on the northern side of the village of Saricailyas in the district town of Seyitgazi. No excavations have been carried out so far.,"Hoyuk yerlesimi, Seyitgazi ilcesine bagli Saricailyas koyunun kuzey tarafindaki dogal bir tepecik uzerinde yer almaktadir. Simdiye kadar herhangi bir kazi yapilmamistir.",Die Tellsiedlung befindet sich auf einer naturlichen Anhohe an der Nordseite des Dorfes Saricailyas in der Kreisstadt Seyitgazi. Bisher wurden noch keine Ausgrabungen durchgefuhrt.,
239,239,Akin Hoyuk ,The tell settlement was located on the east side of the village of Akin in the district town of Seyitgazi. It is now covered by the dam for a reservoir. No excavations were carried out.,"Hoyuk yerlesimi, Seyitgazi ilcesine bagli Akin koyunun dogu tarafinda yer almaktaydi. Su anda bir baraj golu tarafindan kapatilmistir. Herhangi bir kazi yapilmamistir.",Die Tellsiedlung befand sich an der Ostseite des Dorfes Akin in der Kreisstadt Seyitgazi. Sie wird heute von dem Damm eines Stausees uberdeckt. Es wurden keine Ausgrabungen durchgefuhrt.,
240,240,Subren,The tell settlement is located in the village of Supuren in the district of Odunpazari. It is located in the cemetery area on the eastern side of the village. No excavations have been carried out so far.,Anlati yerlesimi Odunpazari ilcesine bagli Supuren koyunde yer almaktadir. Koyun dogu tarafindaki mezarlik alaninda yer almaktadir. Simdiye kadar herhangi bir kazi calismasi yapilmamistir.,Die Tellsiedlung befindet sich in dem Dorf Supuren im Bezirk Odunpazari. Sie befindet sich im Bereich des Friedhofs an der Ostseite des Dorfes. Bisher wurden noch keine Ausgrabungen durchgefuhrt.,
241,241,Togray Hoyuk ,"The tell settlement is located on the country road from Dogray to Yeniyurt, north of the Dogray village in the district of Beylikova. No excavations have been carried out so far.","Hoyuk yerlesimi, Beylikova ilcesine bagli Dogray koyunun kuzeyinde, Dogray'dan Yeniyurt'a giden koy yolu uzerinde yer almaktadir. Simdiye kadar herhangi bir kazi yapilmamistir.","Die Tellsiedlung befindet sich an der Landstraﬂe von Dogray nach Yeniyurt, nordlich des Dorfes Dogray im Bezirk Beylikova. Bisher wurden noch keine Ausgrabungen durchgefuhrt.",
242,242,Yalinli ,The tell settlement is located on the south side of the village of Yalinli in the district of Beylikova. No excavations have been carried out so far.,Hoyuk yerlesimi Beylikova ilcesine bagli Yalinli koyunun guney tarafinda yer almaktadir. Simdiye kadar herhangi bir kazi yapilmamistir.,Die Tellsiedlung befindet sich an der Sudseite des Dorfes Yalinli im Bezirk Beylikova. Bisher wurden noch keine Ausgrabungen durchgefuhrt.,
243,243,Maltepesi Hoyuk,The tell settlement is said to be located 2 km southwest of the village of Ucbasli in the district of Mihaliccik. No excavations have been carried out to date.,Hoyuk yerlesiminin Mihaliccik ilcesine bagli Ucbasli koyunun 2 km guneybatisinda yer aldigi soylenmektedir. Bugune kadar herhangi bir kazi yapilmamistir.,Die Tellsiedlung soll sich 2 km sudwestlich des Dorfes Ucbasli im Bezirk Mihaliccik befinden. Bislang wurden keine Ausgrabungen durchgefuhrt.,
244,244,Kocakayavirani,The tell settlement is located 2 km northeast of the village of Balcikhisar in the district of Mahmudiye. No excavations have been carried out so far.,Hoyuk yerlesimi Mahmudiye ilcesine bagli Balcikhisar koyunun 2 km kuzeydogusunda yer almaktadir. Simdiye kadar herhangi bir kazi yapilmamistir.,Die Tellsiedlung befindet sich 2 km nordostlich des Dorfes Balcikhisar im Bezirk Mahmudiye. Bisher wurden noch keine Ausgrabungen durchgefuhrt.,
245,245,Catoren Hoyuk (Adsiz) ,The tell settlement is located approximately 1.5 km east of the village of Catoren in the district of Seyitgazi. No excavations have been carried out so far.,"Hoyuk yerlesimi Seyitgazi ilcesine bagli Catoren koyunun yaklasik 1,5 km dogusunda yer almaktadir. Simdiye kadar herhangi bir kazi yapilmamistir.","Die Tellsiedlung befindet sich etwa 1,5 km ostlich des Dorfes Catoren im Bezirk Seyitgazi. Bisher wurden noch keine Ausgrabungen durchgefuhrt.",
246,246,Akcakaya Hoyuk ,The tell settlement is located ca. 400 m southwest of the village of Akcakaya in the district of Odunpazari. No excavations have been carried out so far.,Hoyuk yerlesimi Odunpazari ilcesine bagli Akcakaya koyunun yaklasik 400 m guneybatisinda yer almaktadir. Simdiye kadar herhangi bir kazi yapilmamistir.,Die Tellsiedlung befindet sich ca. 400 m sudwestlich des Dorfes Akcakaya im Bezirk Odunpazari. Bisher wurden noch keine Ausgrabungen durchgefuhrt.,
247,247,Agachisar Hoyuk ,"The tell settlement is located southwest of the village of Agachisar, 50 m from the Agachisar-Bugduz highway in the Alpu district. No excavations have been carried out so far.","Hoyuk yerlesimi, Alpu ilcesine bagli Agachisar koyunun guneybatisinda, Agachisar-Bugduz karayoluna 50 m mesafede yer almaktadir. Simdiye kadar herhangi bir kazi yapilmamistir.","Die Tellsiedlung liegt sudwestlich des Dorfes Agachisar, 50 m von der Agachisar-Bugduz-Autobahn entfernt im Bezirk Alpu. Bisher wurden noch keine Ausgrabungen durchgefuhrt.",
248,248,Hamamtepesi Hoyuk,The tell settlement is located near the village of Kinik in the district of Sivrihisar. No excavations have been carried out so far.,Hoyuk yerlesimi Sivrihisar ilcesine bagli Kinik koyu yakinlarinda yer almaktadir. Simdiye kadar herhangi bir kazi yapilmamistir.,Die Tellsiedlung befindet sich in der Nahe des Dorfes Kinik im Bezirk Sivrihisar. Bisher wurden noch keine Ausgrabungen durchgefuhrt.,
249,249,Kayikoy Hoyuk ,The tell settlement is located right next to the river Kocasu between the villages of Kurucay and Kayikoy in the district of Tavsanli. No excavations have been carried out so far.,"Hoyuk yerlesimi, Tavsanli ilcesine bagli Kurucay ve Kayikoy koyleri arasinda, Kocasu Nehri'nin hemen yaninda yer almaktadir. Simdiye kadar herhangi bir kazi yapilmamistir.",Die Tellsiedlung befindet sich direkt am Fluss Kocasu zwischen den Dorfern Kurucay und Kayikoy im Bezirk Tavsanli. Bisher wurden noch keine Ausgrabungen durchgefuhrt.,
250,250,Huyuktepe,"According to Turan Efe, the settlement is located 5 km southwest of Seyitomer.",Turan Efe'ye gore yerlesim yeri Seyitomer'in 5 km guneybatisinda yer aliyor.,Nach Angaben von Turan Efe befindet sich die Siedlung 5 km sudwestlich von Seyitomer.,
251,251,Kiranharmanyeri ,"According to Turan Efe, the tell settlement is located in the center of Saraycik village in Altintas district. It is 90 meters in diameter and 4 meters high.",Turan Efe'ye gore anlati yerlesimi Altintas ilcesine bagli Saraycik koyunun merkezinde yer almaktadir. 90 metre capinda ve 4 metre yuksekligindedir.,Nach Angaben von Turan Efe befindet sich die Tellsiedlung im Zentrum des Dorfes Saraycik im Bezirk Altintas. Er hat einen Durchmesser von 90 Metern und ist 4 Meter hoch.,
252,252,Abya,"According to Turan Efe, the tell settlement is located on the northwest side of the village of Pinarcik in the Altintas district. The Roman and Hellenistic name of the settlement is Appia. The Roman city minted its own coins. Until recently, this name was used as Abya. Only one emergency excavation has been carried out. A Roman tomb was found.","Turan Efe'ye gore hoyuk yerlesimi, Altintas ilcesine bagli Pinarcik koyunun kuzeybati tarafinda yer almaktadir. Yerlesimin Roma ve Helenistik donemdeki adi Appia'dir. Roma kenti kendi sikkelerini basmistir. Yakin zamana kadar bu isim Abya olarak kullanilmistir. Sadece bir acil kazi yapilmistir. Bir Roma mezari bulunmustur.",Laut Turan Efe befindet sich die Tellsiedlung an der nordwestlichen Seite des Dorfes Pinarcik im Bezirk Altintas. Der romische und hellenistische Name der Siedlung ist Appia. Die romische Stadt pragte ihre eigenen Munzen. Bis vor kurzem wurde dieser Name als Abya verwendet. Es wurde nur eine Notgrabung durchgefuhrt. Es wurde ein romisches Grab gefunden.,
253,253,Alibey,The tell settlement is located on the south-eastern side of the village of Alibey in the district of Aslantas. No excavations have been carried out so far.,"Hoyuk yerlesimi, Aslantas ilcesine bagli Alibey koyunun guneydogu tarafinda yer almaktadir. Simdiye kadar herhangi bir kazi yapilmamistir.",Die Tellsiedlung befindet sich an der sudostlichen Seite des Dorfes Alibey im Bezirk Aslantas. Bisher wurden noch keine Ausgrabungen durchgefuhrt.,
254,254,Hidirlik ,"The tell settlement is located on the north side of the village of Yapilcan, in the district of Aslantas. No excavations have been carried out so far.","Hoyuk yerlesimi, Aslantas ilcesine bagli Yapilcan koyunun kuzey tarafinda yer almaktadir. Simdiye kadar herhangi bir kazi yapilmamistir.","Die Tellsiedlung befindet sich an der Nordseite des Dorfes Yapilcan, im Bezirk Aslantas. Bisher wurden noch keine Ausgrabungen durchgefuhrt.",
255,255,Hebilin Hoyuk ,"The tell settlement is located on the road from Aslantas to Dumlipinar, about 1 km west of the village Yayla. No excavations have been carried out so far.","Hoyuk yerlesimi, Aslantas'tan Dumlipinar'a giden yol uzerinde, Yayla koyunun yaklasik 1 km batisinda yer almaktadir. Simdiye kadar herhangi bir kazi yapilmamistir.","Die Tellsiedlung befindet sich an der Straﬂe von Aslantas nach Dumlipinar, etwa 1 km westlich des Dorfes Yayla. Bisher wurden noch keine Ausgrabungen durchgefuhrt.",
256,256,Akpinar,The tell settlement is located on the west side of the village of Akpinar in the district of Cavdarhisar. No excavations have been carried out so far.,"Hoyuk yerlesimi, Cavdarhisar ilcesine bagli Akpinar koyunun bati tarafinda yer almaktadir. Simdiye kadar herhangi bir kazi yapilmamistir.",Die Tellsiedlung befindet sich an der Westseite des Dorfes Akpinar im Bezirk Cavdarhisar. Bisher wurden noch keine Ausgrabungen durchgefuhrt.,
257,257,Isiklar,The tell settlement is located one kilometer southwest of the village of Aydincik in the distric of Emet in Kutahya. No excavations have been carried out so far.,Hoyuk yerlesimi Kutahya'nin Emet ilcesine bagli Aydincik koyunun bir kilometre guneybatisinda yer almaktadir. Simdiye kadar herhangi bir kazi yapilmamistir.,Die Tellsiedlung befindet sich einen Kilometer sudwestlich des Dorfes Aydincik im Bezirk Emet in Kutahya. Bisher wurden noch keine Ausgrabungen durchgefuhrt.,
258,258,Subak,The tell settlement is located between two streams 2 km west of the village of Subak in the district of Emet in Kuthaya. No excavations have been carried out to date.,Hoyuk yerlesimi Kuthaya'nin Emet ilcesine bagli Subak koyunun 2 km batisinda iki dere arasinda yer almaktadir. Bugune kadar herhangi bir kazi yapilmamistir.,Die Tellsiedlung befindet sich zwischen zwei Bachen 2 km westlich des Dorfes Subak im Bezirk Emet in Kuthaya. Bisher wurden noch keine Ausgrabungen durchgefuhrt.,
259,259,Orentepe,"The tell settlement is located right next to the Oren stream, 2 km southwest of the village of Konus in the district of Emet. No excavations have been carried out so far.","Hoyuk yerlesimi, Emet ilcesine bagli Konus koyunun 2 km guneybatisinda, Oren deresinin hemen yaninda yer almaktadir. Simdiye kadar herhangi bir kazi yapilmamistir.","Die Tellsiedlung liegt direkt am Bach Oren, 2 km sudwestlich des Dorfes Konus im Bezirk Emet. Bisher wurden noch keine Ausgrabungen durchgefuhrt.",
260,260,Kizilkilise ,The tell settlement is located 4 km south of the village of Genisler in the district town of Altintas. No excavations have been carried out so far.,"Hoyuk yerlesimi, Altintas ilcesine bagli Genisler koyunun 4 km guneyinde yer almaktadir. Simdiye kadar herhangi bir kazi yapilmamistir.",Die Tellsiedlung befindet sich 4 km sudlich des Dorfes Genisler in der Kreisstadt Altintas. Bisher wurden noch keine Ausgrabungen durchgefuhrt.,
261,261,Yassi Huyuk ,,,,
262,262,Kalehuyuk,The tell settlement is located on a natural hill between two streams in a deep valley 4 km northwest of the district of Sogut in Bilecik. There is a large natural water source near the settlement. No excavations have been carried out so far.,Hoyuk yerlesimi Bilecik'in Sogut ilcesinin 4 km kuzeybatisinda derin bir vadide iki dere arasinda dogal bir tepe uzerinde yer almaktadir. Yerlesimin yakininda buyuk bir dogal su kaynagi bulunmaktadir. Bugune kadar herhangi bir kazi calismasi yapilmamistir.,Die Tellsiedlung befindet sich auf einem naturlichen Hugel zwischen zwei Bachen in einem tiefen Tal 4 km nordwestlich des Bezirks Sogut in Bilecik. In der Nahe der Siedlung gibt es eine groﬂe naturliche Wasserquelle. Bisher wurden noch keine Ausgrabungen durchgefuhrt.,
263,263,Huyucek,"The tell settlement is located on the northern side of the railroad in the so-called Suludere Square, 3 km east of the district of Bozuyuk in Bilecik. No excavations have been carried out so far.","Hoyuk yerlesimi, Bilecik'in Bozuyuk ilcesinin 3 km dogusunda, Suludere Meydani olarak adlandirilan yerde, demiryolunun kuzey tarafinda yer almaktadir. Simdiye kadar herhangi bir kazi yapilmamistir.","Die Tellsiedlung befindet sich auf der nordlichen Seite der Eisenbahn auf dem sogenannten Suludere-Platz, 3 km ostlich des Stadtteils Bozuyuk in Bilecik. Bisher wurden noch keine Ausgrabungen durchgefuhrt.",
264,264,Demirkoy,"The tell settlement is located on the northern side of Demirkoy village in Pazaryeri district of Bilecik. It used to be on the border of Demirkoy village, but today it is in the center of Kurtkoy, which was founded there. No excavations have been carried out until now. Part of the site has been destroyed by the construction of the new village.","Hoyuk yerlesimi, Bilecik'in Pazaryeri ilcesine bagli Demirkoy koyunun kuzey tarafinda yer almaktadir. Eskiden Demirkoy koyu sinirinda iken bugun burada kurulmus olan Kurtkoy'un merkezindedir. Simdiye kadar herhangi bir kazi yapilmamistir. Alanin bir kismi yeni koyun insasi nedeniyle tahrip olmustur.","Die Tellsiedlung liegt an der Nordseite des Dorfes Demirkoy im Bezirk Pazaryeri von Bilecik. Fruher lag sie an der Grenze des Dorfes Demirkoy, aber heute liegt sie im Zentrum von Kurtkoy, das dort gegrundet wurde. Bis jetzt wurden keine Ausgrabungen durchgefuhrt. Ein Teil der Statte wurde durch den Bau des neuen Dorfes zerstort.",
265,265,Pazaryeri 1 ,"According to Turan Efe, the tell settlement is located 2.5 km east of the district town of Pazaryeri in Bilecik on a natural elevation. It is located south of the highway between Bozhuyuk and Pazaryeri.","Turan Efe'ye gore, soz konusu yerlesim Bilecik'in Pazaryeri ilcesinin 2,5 km dogusunda dogal bir yukselti uzerinde yer almaktadir. Bozhuyuk ile Pazaryeri arasindaki karayolunun guneyinde yer almaktadir.","Laut Turan Efe befindet sich die Tellsiedlung 2,5 km ostlich der Kreisstadt Pazaryeri in Bilecik auf einer naturlichen Anhohe. Sie liegt sudlich der Landstraﬂe zwischen Bozhuyuk und Pazaryeri.",
266,266,Pazaryeri 2,The tell settlement is located 3 km east of the district town of Pazaryeri in Bilecik. No excavations have been carried out to date.,Hoyuk yerlesimi Bilecik'in Pazaryeri ilcesinin 3 km dogusunda yer almaktadir. Bugune kadar herhangi bir kazi yapilmamistir.,Die Tellsiedlung befindet sich 3 km ostlich der Kreisstadt Pazaryeri in Bilecik. Bisher wurden noch keine Ausgrabungen durchgefuhrt.,
267,267,Kinik,The tell settlement is located about 400 m north of the village of Kinik in the district of Pazaryeri in Bilecik. No excavations have been carried out so far.,"Hoyuk yerlesimi, Bilecik'in Pazaryeri ilcesine bagli Kinik koyunun yaklasik 400 m kuzeyinde yer almaktadir. Simdiye kadar herhangi bir kazi yapilmamistir.",Die Tellsiedlung befindet sich etwa 400 m nordlich des Dorfes Kinik im Bezirk Pazaryeri in Bilecik. Bisher wurden noch keine Ausgrabungen durchgefuhrt.,
268,268,Kucukhuyuk ,"The tell settlement is located 1.5 km north-east of the village of Kucukhuyuk in the district of Sinanpasa in the province of Afyonkarahisar. So far, no excavations have been carried out.","Hoyuk yerlesimi, Afyonkarahisar ilinin Sinanpasa ilcesine bagli Kucukhuyuk koyunun 1,5 km kuzeydogusunda yer almaktadir. Simdiye kadar herhangi bir kazi yapilmamistir.","Die Tellsiedlung befindet sich 1,5 km nordostlich des Dorfes Kucukhuyuk im Bezirk Sinanpasa in der Provinz Afyonkarahisar. Bisher wurden noch keine Ausgrabungen durchgefuhrt.",
269,269,Koyalti,The tell settlement is located 600 m south of the village of Alacamii in the district of Sandikli. No excavations have been carried out so far.,Hoyuk yerlesimi Sandikli ilcesine bagli Alacamii koyunun 600 m guneyinde yer almaktadir. Simdiye kadar herhangi bir kazi yapilmamistir.,Die Tellsiedlung befindet sich 600 m sudlich des Dorfes Alacamii im Bezirk Sandikli. Bisher wurden noch keine Ausgrabungen durchgefuhrt.,
270,270,Bulucu Hoyuk,"The tell settlement is located 2 km north of the village of Kizilca, on the west side of the road junction between the villages of Kizilca and Sorkun, in the district of Sandikli. No excavations have been carried out so far.","Hoyuk yerlesimi Sandikli ilcesine bagli Kizilca koyunun 2 km kuzeyinde, Kizilca ve Sorkun koyleri arasindaki yol kavsaginin bati tarafinda yer almaktadir. Simdiye kadar herhangi bir kazi yapilmamistir.","Die Tellsiedlung befindet sich 2 km nordlich des Dorfes Kizilca, auf der Westseite der Straﬂenkreuzung zwischen den Dorfern Kizilca und Sorkun, im Bezirk Sandikli. Bisher wurden noch keine Ausgrabungen durchgefuhrt.",
271,271,Oren Mevkii (Kizik) ,The tell settlement is located 2 km northwest of the village of Kizik in the district of Sandikli. There is a well on the northwest side of the settlement. No excavations have been carried out so far.,Hoyuk yerlesimi Sandikli ilcesine bagli Kizik koyunun 2 km kuzeybatisinda yer almaktadir. Yerlesimin kuzeybati tarafinda bir kuyu bulunmaktadir. Simdiye kadar herhangi bir kazi yapilmamistir.,Die Tellsiedlung befindet sich 2 km nordwestlich des Dorfes Kizik im Bezirk Sandikli. An der nordwestlichen Seite der Siedlung befindet sich ein Brunnen. Bisher wurden noch keine Ausgrabungen durchgefuhrt.,
272,272,Uyuk ,"The tell settlement is located in a place called asagi Kozluca, south of the village of Kozluca, in the district of Hocalar. No excavations have been carried out so far. There is a well 250 m south of the settlement.","Hoyuk yerlesimi, Hocalar ilcesine bagli Kozluca koyunun guneyinde, Asagi Kozluca olarak adlandirilan bir yerde bulunmaktadir. Simdiye kadar herhangi bir kazi yapilmamistir. Yerlesimin 250 m guneyinde bir kuyu bulunmaktadir.","Die Tellsiedlung befindet sich an einem Ort namens asagi Kozluca, sudlich des Dorfes Kozluca, im Bezirk Hocalar. Bisher wurden noch keine Ausgrabungen durchgefuhrt. 250 m sudlich der Siedlung befindet sich ein Brunnen.",
273,273,Arpalik Mevkii ,The tell settlement is located 200 m west of the village Icikli and about 300 m south of the highway between Icikli and Cobankaya in the district of Suhut. No excavations have been carried out so far.,"Hoyuk yerlesimi, Suhut ilcesine bagli Icikli koyunun 200 m batisinda ve Icikli ile Cobankaya arasindaki karayolunun yaklasik 300 m guneyinde yer almaktadir. Simdiye kadar herhangi bir kazi yapilmamistir.",Die Tellsiedlung liegt 200 m westlich des Dorfes Icikli und etwa 300 m sudlich der Landstraﬂe zwischen Icikli und Cobankaya im Bezirk Suhut. Bisher wurden noch keine Ausgrabungen durchgefuhrt.,
274,274,Kocapinar,The tell settlement is located 600 m west of the village of Bozan in the district of Suhut. The road between Icikli and Bozan passes directly north of the site. There are two wells 50 meters north and east of the tell.,"Hoyuk yerlesimi, Suhut ilcesine bagli Bozan koyunun 600 m batisinda yer almaktadir. Icikli ile Bozan arasindaki yol, yerlesimin hemen kuzeyinden gecmektedir. Anlatinin 50 metre kuzeyinde ve dogusunda iki kuyu bulunmaktadir.",Die Tellsiedlung befindet sich 600 m westlich des Dorfes Bozan im Bezirk Suhut. Die Straﬂe zwischen Icikli und Bozan fuhrt direkt nordlich des Ortes vorbei. Es gibt zwei Brunnen 50 Meter nordlich und ostlich des Tells.,
275,275,Keldag (Keltepe) Mevkii ,The tell settlement is located 1 km north-east of the village of Halac. A water resevoir stands on top of the site. The settlement itself was established on an about 250 m long natural knoll. No excavations have been made so far.,Hoyuk yerlesimi Halac koyunun 1 km kuzeydogusunda yer almaktadir. Alanin uzerinde bir su deposu bulunmaktadir. Yerlesimin kendisi yaklasik 250 m uzunlugunda dogal bir tumsek uzerinde kurulmustur. Simdiye kadar herhangi bir kazi yapilmamistir.,Die Tellsiedlung befindet sich 1 km nordostlich des Dorfes Halac. Auf dem Gelande befindet sich ein Wasserreservoir. Die Siedlung selbst wurde auf einer etwa 250 m langen naturlichen Anhohe errichtet. Bisher wurden noch keine Ausgrabungen vorgenommen.,
276,276,Erimli Mevkii ,"The tell settlement is located about 3 km east of the village of Halac, on the northern side of the highway between Halac and Pasacik. No excavations have been carried out so far.","Hoyuk yerlesimi Halac koyunun yaklasik 3 km dogusunda, Halac ile Pasacik arasindaki karayolunun kuzey tarafinda yer almaktadir. Simdiye kadar herhangi bir kazi yapilmamistir.","Die Tellsiedlung liegt etwa 3 km ostlich des Dorfes Halac, auf der nordlichen Seite der Landstraﬂe zwischen Halac und Pasacik. Bisher wurden noch keine Ausgrabungen durchgefuhrt.",
277,277,Huyuk Mevkii ,The tell settlement is located 3 km southeast of the village of Agzikara and 180 m south of the main road between Suhut and Afyon. No excavations have been carried out so far.,Hoyuk yerlesimi Agzikara koyunun 3 km guneydogusunda ve Suhut ile Afyon arasindaki ana yolun 180 m guneyinde yer almaktadir. Simdiye kadar herhangi bir kazi yapilmamistir.,Die Tellsiedlung befindet sich 3 km sudostlich des Dorfes Agzikara und 180 m sudlich der Hauptstraﬂe zwischen Suhut und Afyon. Bisher wurden noch keine Ausgrabungen durchgefuhrt.,
278,278,Dikici Hoyuk ,The tell settlement is located 3.5 km northwest of the village of Dikici in the district of Dinar in Afyon. This area is an important crossroad from the east and south to northwest Anatolia. Both the ancient roads and the modern main roads pass by the site.,"Hoyuk yerlesimi Afyon'un Dinar ilcesine bagli Dikici koyunun 3,5 km kuzeybatisinda yer almaktadir. Bu bolge dogudan ve guneyden kuzeybati Anadolu'ya giden onemli bir kavsaktir. Hem antik yollar hem de modern ana yollar yerlesimin yanindan gecmektedir.","Die Tellsiedlung befindet sich 3,5 km nordwestlich des Dorfes Dikici im Bezirk Dinar in Afyon. Diese Gegend ist ein wichtiger Verkehrsknotenpunkt von Osten und Suden nach Nordwestanatolien. Sowohl die antiken Straﬂen als auch die modernen Hauptstraﬂen fuhren an dem Ort vorbei.",
279,279,Huyuk Mevkii (Kabakli),"The settlement is located on the northern side of the Great Meander Valley, 600 meters north of Kabakli village in the district of Dinar.","Yerlesim, Buyuk Menderes Vadisi'nin kuzey tarafinda, Dinar ilcesine bagli Kabakli koyunun 600 metre kuzeyinde yer almaktadir.","Die Siedlung liegt an der Nordseite des Groﬂen Maandertals, 600 Meter nordlich des Dorfes Kabakli im Bezirk Dinar.",
280,280,Uchoyuk,"The tell settlement is located 3 km southwest of the district town of Bolvadin. Agriculture has destroyed the central part of the settlement, making the remaining parts look like three separate sites.","Hoyuk yerlesimi Bolvadin ilce merkezinin 3 km guneybatisinda yer almaktadir. Tarim, yerlesimin orta kismini tahrip etmis ve kalan kisimlarin uc ayri site gibi gorunmesine neden olmustur.","Die Tellsiedlung befindet sich 3 km sudwestlich der Kreisstadt Bolvadin. Die Landwirtschaft hat den zentralen Teil der Siedlung zerstort, so dass die verbleibenden Teile wie drei getrennte Orte aussehen.",
281,281,Viranici Mevkii ,"The tell settlement is located on the southeastern side of the Selcikler Municipality in the Sivasli district. Two churches were excavated in 1967. However, no further excavations have been carried out.","Hoyuk yerlesimi, Sivasli ilcesindeki Selcikler Belediyesi'nin guneydogu tarafinda yer almaktadir. Iki kilise 1967 yilinda kazilmistir. Ancak daha fazla kazi yapilmamistir.",Die Tellsiedlung liegt an der sudostlichen Seite der Gemeinde Selcikler im Bezirk Sivasli. Im Jahr 1967 wurden zwei Kirchen ausgegraben. Es wurden jedoch keine weiteren Ausgrabungen durchgefuhrt.,
282,282,Dorek Asar Mevkii ,The settlement is located on a natural hill 2 km northeast of the village of Budaklar in the Sivasli district of Usak. The site is about 1.5 km east of the highway between Budaklar and Kokez. No excavations have been carried out so far.,"Yerlesim, Usak'in Sivasli ilcesine bagli Budaklar koyunun 2 km kuzeydogusunda dogal bir tepe uzerinde yer almaktadir. Budaklar ile Kokez arasindaki karayolunun yaklasik 1,5 km dogusundadir. Simdiye kadar herhangi bir kazi yapilmamistir.","Die Siedlung befindet sich auf einem naturlichen Hugel 2 km nordostlich des Dorfes Budaklar im Bezirk Sivasli von Usak. Die Statte liegt etwa 1,5 km ostlich der Landstraﬂe zwischen Budaklar und Kokez. Bisher wurden noch keine Ausgrabungen durchgefuhrt.",
283,283,Cayir Uyuk Mevkii ,The tell settlement is located on a natural elevation on the west side of the village of Salmanlar in the district of Sivasli. There is a well on the south side of the settlement. No excavations have been carried out so far.,"Anlati yerlesimi, Sivasli ilcesine bagli Salmanlar koyunun bati tarafinda dogal bir yukselti uzerinde yer almaktadir. Yerlesimin guney tarafinda bir kuyu bulunmaktadir. Simdiye kadar herhangi bir kazi yapilmamistir.",Die Tellsiedlung befindet sich auf einer naturlichen Anhohe an der Westseite des Dorfes Salmanlar im Bezirk Sivasli. An der Sudseite der Siedlung befindet sich ein Brunnen. Bisher wurden noch keine Ausgrabungen durchgefuhrt.,
284,284,Belce Hoyuk ,The tell settlement is located 500 meters northwest of the village of Akarca in the district of Sivasli. It is right next to the road between Sivasli and Usak at an important junction of long-distance routes.,"Anlat yerlesimi, Sivasli ilcesine bagli Akarca koyunun 500 metre kuzeybatisinda yer almaktadir. Sivasli ile Usak arasindaki yolun hemen yaninda, uzun mesafeli yollarin onemli bir kavsagindadir.",Die Tellsiedlung befindet sich 500 Meter nordwestlich des Dorfes Akarca im Bezirk Sivasli. Sie liegt direkt an der Straﬂe zwischen Sivasli und Usak an einer wichtigen Kreuzung von Fernverkehrswegen.,
285,285,Egridir Hoyuk ,asdasdasdasdas,,,
286,286,Dortyol Hoyuk ,"The settlement is located 5 km south of the village of Bagkonak in the district of Yalvac. It is located at the natural crossroads between the towns of Yalvac, Konya, Aksehir and Isparta. No excavations have been carried out to date.","Yerlesim, Yalvac ilcesine bagli Bagkonak koyunun 5 km guneyinde yer almaktadir. Yalvac, Konya, Aksehir ve Isparta illeri arasinda dogal bir kavsak noktasinda yer almaktadir. Bugune kadar herhangi bir kazi calismasi yapilmamistir.","Die Siedlung befindet sich 5 km sudlich des Dorfes Bagkonak im Bezirk Yalvac. Sie befindet sich an der naturlichen Kreuzung zwischen den Stadten Yalvac, Konya, Aksehir und Isparta. Bislang wurden keine Ausgrabungen durchgefuhrt.",
287,287,Arak Hoyuk ,The tell settlement is located between the villages of Arak and Calti in the Sarkikaraagac district of Isparta. The highway between Isparta Beysehir and Konya was built through the settlement and parts of the settlement were destroyed. No excavations have been carried out so far.,Hoyuk yerlesimi Isparta'nin Sarkikaraagac ilcesine bagli Arak ve Calti koyleri arasinda yer almaktadir. Isparta Beysehir ile Konya arasindaki karayolu yerlesimin icinden gecirilmis ve yerlesimin bir kismi tahrip edilmistir. Bugune kadar herhangi bir kazi calismasi yapilmamistir.,Die Tellsiedlung befindet sich zwischen den Dorfern Arak und Calti im Sarkikaraagac Bezirk von Isparta. Die Schnellstraﬂe zwischen Isparta Beysehir und Konya wurde durch die Siedlung gebaut und Teile der Siedlung wurden zerstort. Bisher wurden noch keine Ausgrabungen durchgefuhrt.,
288,288,Ordekci Hoyuk ,The tell settlement is located 1.3 km north-east of the village of Ordekci in the district of Sarkikaraagac. No excavations have been carried out so far.,"Hoyuk yerlesimi Sarkikaraagac ilcesine bagli Ordekci koyunun 1,3 km kuzeydogusunda yer almaktadir. Simdiye kadar herhangi bir kazi yapilmamistir.","Die Tellsiedlung befindet sich 1,3 km nordostlich des Dorfes Ordekci im Bezirk Sarkikaraagac. Bisher wurden noch keine Ausgrabungen durchgefuhrt.",
289,289,Iskele Hoyuk ,"The tell settlement is right next to the eastern shores of Lake Egirdir, 10 km southwest of the district town of Gelendost in Isparta. It was named harbor pier (Iskele). No excavations have been carried out so far.","Hoyuk yerlesimi, Isparta'nin Gelendost ilcesinin 10 km guneybatisinda, Egirdir Golu'nun dogu kiyisinin hemen yanindadir. Liman iskelesi (Iskele) olarak adlandirilmistir. Simdiye kadar herhangi bir kazi calismasi yapilmamistir.","Die Tellsiedlung liegt direkt am Ostufer des Egirdir-Sees, 10 km sudwestlich der Kreisstadt Gelendost in Isparta. Sie wurde Hafenmole (Iskele) genannt. Bisher wurden noch keine Ausgrabungen durchgefuhrt.",
290,290,Gelendost Hoyuk ,"The tell settlement is on the west side of the main road between Isparta and Yalvac, 1 km south of the district town of Gelendost. No excavations have been carried out to date.","Hoyuk yerlesimi, Isparta ile Yalvac arasindaki ana yolun bati tarafinda, Gelendost ilcesinin 1 km guneyindedir. Bugune kadar herhangi bir kazi yapilmamistir.","Die Tellsiedlung liegt an der Westseite der Hauptstraﬂe zwischen Isparta und Yalvac, 1 km sudlich der Kreisstadt Gelendost. Bisher wurden noch keine Ausgrabungen durchgefuhrt.",
291,291,Findos Hoyuk ,"The tell settlement is located on the south-eastern side of the highway between Isparta and Egirdir, 2 km west of the village of Buyukgokceli in the province of Isparta. No excavations have been carried out so far.","Hoyuk yerlesimi, Isparta iline bagli Buyukgokceli koyunun 2 km batisinda, Isparta ile Egirdir arasindaki karayolunun guneydogu tarafinda yer almaktadir. Simdiye kadar herhangi bir kazi yapilmamistir.","Die Tellsiedlung befindet sich auf der sudostlichen Seite der Landstraﬂe zwischen Isparta und Egirdir, 2 km westlich des Dorfes Buyukgokceli in der Provinz Isparta. Bisher wurden noch keine Ausgrabungen durchgefuhrt.",
292,292,Gondurle Hoyuk ,"The tell settlement is located 1.3 km east of the village of Harmanoren in the district of Atabey. No excavations have been carried out so far. However, a cemetery about 300 m northeast of the site was excavated between 1989 and 2005. It yielded many Early Bronze Age and few Middle Bronze Age finds.","Hoyuk yerlesimi Atabey ilcesine bagli Harmanoren koyunun 1,3 km dogusunda yer almaktadir. Simdiye kadar herhangi bir kazi yapilmamistir. Ancak yerlesimin yaklasik 300 m kuzeydogusunda yer alan bir mezarlik 1989-2005 yillari arasinda kazilmistir. Bu kazida cok sayida Ilk Tunc Cagi ve az sayida Orta Tunc Cagi buluntusu ele gecmistir.","Die Tellsiedlung befindet sich 1,3 km ostlich des Dorfes Harmanoren im Bezirk Atabey. Bisher wurden noch keine Ausgrabungen durchgefuhrt. Allerdings wurde zwischen 1989 und 2005 ein Friedhof etwa 300 m nordostlich der Statte ausgegraben. Es erbrachte viele Funde aus der fruhen Bronzezeit und wenige aus der mittleren Bronzezeit.",
293,293,Agil Hoyuk ,The tell settlement is located 400 m south of the highway between the villages of Kumdanli and Senirkenc and 6 km southwest of Kumdanli in the district of Yalvac. No excavations have been carried out so far.,"Hoyuk yerlesimi, Yalvac ilcesine bagli Kumdanli ve Senirkenc koyleri arasindaki karayolunun 400 m guneyinde ve Kumdanli'nin 6 km guneybatisinda yer almaktadir. Simdiye kadar herhangi bir kazi yapilmamistir.",Die Tellsiedlung liegt 400 m sudlich der Fernstraﬂe zwischen den Dorfern Kumdanli und Senirkenc und 6 km sudwestlich von Kumdanli im Bezirk Yalvac. Bisher wurden noch keine Ausgrabungen durchgefuhrt.,
294,294,Akmescit ,The tell settlement is said to be located 11.5 km southwest of the district town of Gelendost. No excavations have been carried out so far. We were unable to find it.,"Hoyuk yerlesiminin Gelendost ilcesinin 11,5 km guneybatisinda yer aldigi soylenmektedir. Simdiye kadar herhangi bir kazi yapilmamistir. Biz de bulamadik.","Die Tellsiedlung soll sich 11,5 km sudwestlich der Kreisstadt Gelendost befinden. Bisher wurden noch keine Ausgrabungen durchgefuhrt. Wir haben sie nicht finden konnen.",
295,295,Ayvali-Masat Hoyuk ,The tell settlement is located on the south side of the village of Ayvali in the district of Yalvac. No excavations have been carried out so far.,Hoyuk yerlesimi Yalvac ilcesine bagli Ayvali koyunun guney tarafinda yer almaktadir. Simdiye kadar herhangi bir kazi yapilmamistir.,Die Tellsiedlung befindet sich an der Sudseite des Dorfes Ayvali im Bezirk Yalvac. Bisher wurden noch keine Ausgrabungen durchgefuhrt.,
296,296,Cavdir Hoyuk ,"The tell settlement is located in a place called Ciftlik, 2 km southwest of Cavdir. There is an important water source 200 m southwest of the settlement. No excavations have been carried out so far.",Hoyuk yerlesimi Cavdir'in 2 km guneybatisinda Ciftlik denilen yerde bulunmaktadir. Yerlesimin 200 m guneybatisinda onemli bir su kaynagi bulunmaktadir. Simdiye kadar herhangi bir kazi yapilmamistir.,"Die Tellsiedlung befindet sich in einem Ort namens Ciftlik, 2 km sudwestlich von Cavdir. 200 m sudwestlich der Siedlung befindet sich eine wichtige Wasserquelle. Bisher wurden noch keine Ausgrabungen durchgefuhrt.",
297,297,Kozluca Hoyuk ,The tell settlement is located 2 km south-east of the village of Bogazici in the province of Burdur. No excavations have been carried out so far.,Hoyuk yerlesimi Burdur iline bagli Bogazici koyunun 2 km guneydogusunda yer almaktadir. Simdiye kadar herhangi bir kazi yapilmamistir.,Die Tellsiedlung befindet sich 2 km sudostlich des Dorfes Bogazici in der Provinz Burdur. Bisher wurden noch keine Ausgrabungen durchgefuhrt.,
298,298,Kaymakci,"The tell settlement is located within the boundaries of the village of Haciveliler in the district of Golmarmara and the province of Manisa. South of the village (and west of Lake Marmara Golu) is the Gur Dagi ridge, on the southern side of which is Kaymakci.","Anlati yerlesimi, Golmarmara ilcesi ve Manisa iline bagli Haciveliler koyu sinirlari icinde yer almaktadir. Koyun guneyinde (ve Marmara Golu'nun batisinda) Gur Dagi sirti, guney tarafinda ise Kaymakci yer almaktadir.","Die Tellsiedlung befindet sich innerhalb der Grenzen des Dorfes Haciveliler im Bezirk Golmarmara und der Provinz Manisa. Sudlich des Dorfes (und westlich des Marmara Golu Sees) befindet sich der Gur Dagi Bergrucken, an dessen Sudseite Kaymakci liegt.",
299,299,Eceler Hoyuk,"The tell settlement is located near the modern settlement of Seki in the district town of Fethiye in Mugla, 12 km south of Caltilar Hoyuk.","Hoyuk yerlesimi, Mugla'nin Fethiye ilcesindeki modern Seki yerlesiminin yakininda, Caltilar Hoyuk'un 12 km guneyinde yer almaktadir.","Die Tellsiedlung befindet sich in der Nahe der modernen Siedlung Seki in der Kreisstadt Fethiye in Mugla, 12 km sudlich von Caltilar Hoyuk.",
300,300,Oinoanda,The tell settlement is located north of Incealiler village in the district of Fethiye. It is about 18 km southwest of the settlement of Caltilar and 8 km west of Eceler Hoyuk. No excavations have been carried out.,Hoyuk yerlesimi Fethiye ilcesine bagli Incealiler koyunun kuzeyinde yer almaktadir. Caltilar yerlesiminin yaklasik 18 km guneybatisinda ve Eceler Hoyuk'un 8 km batisindadir. Herhangi bir kazi calismasi yapilmamistir.,Die Tellsiedlung befindet sich nordlich des Dorfes Incealiler im Bezirk Fethiye. Sie liegt etwa 18 km sudwestlich der Siedlung Caltilar und 8 km westlich von Eceler Hoyuk. Es sind keine Ausgrabungen durchgefuhrt worden.,
301,301,Pinara,"The ancient city lies west of the modern village Minare in the district of Fethiye. No Bronze Age settlement remains have yet been found, but no targeted investigations have been carried out either.","Antik kent, Fethiye ilcesindeki modern Minare koyunun batisinda yer almaktadir. Henuz herhangi bir Tunc Cagi yerlesim kalintisina rastlanmamistir, ancak hedefe yonelik arastirmalar da yapilmamistir.","Die antike Stadt liegt westlich des modernen Dorfes Minare im Bezirk Fethiye. Es wurden noch keine bronzezeitlichen Siedlungsreste gefunden, aber es wurden auch keine gezielten Untersuchungen durchgefuhrt.",
302,302,Cardakli/Eski Degirmen Yolu,"The settlement is located 4 km north of Edirne city center, on the west bank of the Tunca River, just off the road to the village of Avariz.","Yerlesim, Edirne sehir merkezinin 4 km kuzeyinde, Tunca Nehri'nin bati yakasinda, Avariz koyune giden yolun hemen disinda yer almaktadir.","Die Siedlung liegt 4 km nordlich des Stadtzentrums von Edirne, am Westufer des Flusses Tunca, direkt an der Straﬂe zum Dorf Avariz.",
303,303,Yorulmaz Ciftligi/Eski Baglik,The tell settlement is 8 km north of the Edirne city center on the west coast of the Tunca River. The site lies on private property.,"Hoyuk yerlesimi Edirne sehir merkezinin 8 km kuzeyinde, Tunca Nehri'nin bati kiyisindadir. Yerlesim yeri ozel mulkiyete aittir.",Die Tellsiedlung liegt 8 km nordlich des Stadtzentrums von Edirne an der Westkuste des Flusses Tunca. Die Statte liegt auf einem Privatgrundstuck.,
304,304,Dustubakyamasi,The tell settlement is located 10 km north of Edirne city center and 1 km west of the village of Avariz.,Anlat yerlesimi Edirne sehir merkezinin 10 km kuzeyinde ve Avariz koyunun 1 km batisinda yer almaktadir.,Die Tellsiedlung befindet sich 10 km nordlich des Stadtzentrums von Edirne und 1 km westlich des Dorfes Avariz.,
305,305,Alatepe,"The tell settlement is located on a natural hill on the west side of the river Tunca, 1 km northwest of the village.","Hoyuk yerlesimi, koyun 1 km kuzeybatisinda, Tunca Nehri'nin bati yakasinda dogal bir tepe uzerinde yer almaktadir.","Die Tellsiedlung befindet sich auf einem naturlichen Hugel auf der Westseite des Flusses Tunca, 1 km nordwestlich des Dorfes.",
306,306,Adatepe,"The tell settlement is located on a natural hill on the eastern side of the Tunca River, 2 km south of the village of Yolustu in the province of Edirne.","Anlati yerlesimi, Edirne iline bagli Yolustu koyunun 2 km guneyinde, Tunca Nehri'nin dogu yakasinda dogal bir tepe uzerinde yer almaktadir.","Die Tellsiedlung liegt auf einem naturlichen Hugel an der Ostseite des Flusses Tunca, 2 km sudlich des Dorfes Yolustu in der Provinz Edirne.",
307,307,Kaldirim,"The tell settlement is located about 1 km west of the village of Hatipkoy. The place was founded on the edge of a natural hill. According to Burcin Erdogdu, the settlement has a diameter of 80 meters and is about 1 meter high.",Hoyuk yerlesimi Hatipkoy koyunun yaklasik 1 km batisinda yer almaktadir. Dogal bir tepenin kenarinda kurulmustur. Burcin Erdogdu'ya gore yerlesim 80 metre capinda ve yaklasik 1 metre yuksekligindedir.,Die Tellsiedlung befindet sich etwa 1 km westlich des Dorfes Hatipkoy. Der Ort wurde am Rande eines naturlichen Hugels gegrundet. Nach Angaben von Burcin Erdogdu hat die Siedlung einen Durchmesser von 80 Metern und ist etwa 1 Meter hoch.,
308,308,Cukurcayir,"The Tell settlement is located on the eastern side of the Tunca River, about 2.5 km southeast of the village of Avariz in Edirne province. Today, the settlement is almost completely eroded. However, Late Bronze Age and Early Iron Age pottery has been found on the surface.","Hoyuk yerlesimi, Edirne iline bagli Avariz koyunun yaklasik 2,5 km guneydogusunda, Tunca Nehri'nin dogu yakasinda yer almaktadir. Yerlesim gunumuzde neredeyse tamamen asinmis durumdadir. Ancak yuzeyde Gec Tunc Cagi ve Erken Demir Cagi canak comlekleri bulunmustur.","Die Tell-Siedlung befindet sich auf der ostlichen Seite des Flusses Tunca, etwa 2,5 km sudostlich des Dorfes Avariz in der Provinz Edirne. Heute ist die Siedlung fast vollstandig erodiert. An der Oberflache wurde jedoch Keramik aus der spaten Bronzezeit und fruhen Eisenzeit gefunden.",
309,309,Namazgah,"The settlement is located 2.5 km northwest of Edirne city center. According to surface finds, the settlement was established in the late Bronze and Iron Ages. After that, it was settled again in the Classical period.","Yerlesim Edirne sehir merkezinin 2,5 km kuzeybatisinda yer almaktadir. Yuzey buluntularina gore yerlesim Gec Tunc ve Demir Caglarinda kurulmustur. Daha sonra Klasik donemde tekrar yerlesime acilmistir.","Die Siedlung befindet sich 2,5 km nordwestlich des Stadtzentrums von Edirne. Den Oberflachenfunden zufolge wurde die Siedlung in der spaten Bronze- und Eisenzeit gegrundet. Danach wurde sie in klassischer Zeit erneut besiedelt.",
310,310,Koprubasi,"The Tell settlement is located on the east side of the Tunca River, 6 km north of Edirne city center.","Hoyuk yerlesimi, Edirne sehir merkezinin 6 km kuzeyinde, Tunca Nehri'nin dogu yakasinda yer almaktadir.","Die Tell-Siedlung befindet sich auf der Ostseite des Tunca-Flusses, 6 km nordlich des Stadtzentrums von Edirne.",
311,311,Ortakci/Kemer Kopru,The tell settlement is located 1 km north-east of the village of Ortakci and 4 km south of the district town of Lalapasa. Directly opposite the site lies the Neolithic settlement of Kavakli.,"Tell yerlesimi, Ortakci koyunun 1 km kuzeydogusunda ve Lalapasa ilcesinin 4 km guneyinde yer almaktadir. Yerlesimin tam karsisinda Kavakli Neolitik Cag yerlesimi bulunmaktadir.",Die Tellsiedlung befindet sich 1 km nordostlich des Dorfes Ortakci und 4 km sudlich der Kreisstadt Lalapasa. Direkt gegenuber der Statte liegt die neolithische Siedlung von Kavakli.,
312,312,Kocatepe,"The tell settlement is located on the west side of Suloglu stream, 2 km north of Kukuler village and 4 km south of Suloglu district town in Edirne province. There are two burial mounds in the area.","Hoyuk yerlesimi, Edirne iline bagli Suloglu ilce merkezinin 4 km guneyinde, Kukuler koyunun 2 km kuzeyinde, Suloglu deresinin bati yakasinda yer almaktadir. Bolgede iki adet mezar hoyugu bulunmaktadir.","Die Tellsiedlung befindet sich auf der Westseite des Suloglu-Bachs, 2 km nordlich des Dorfes Kukuler und 4 km sudlich der Kreisstadt Suloglu in der Provinz Edirne. In der Gegend gibt es zwei Grabhugel.",
313,313,Ortadegirmen,The tell settlement is located 1 km north of Kukuler village in Suloglu district and Edirne province. A large number of Classical period pottery has been found on the surface. There are also a few pieces of late Bronze Age and Iron Age pottery.,"Hoyuk yerlesimi, Edirne ili, Suloglu ilcesi, Kukuler koyunun 1 km kuzeyinde yer almaktadir. Yuzeyde cok sayida Klasik Donem canak comlegi bulunmustur. Ayrica birkac parca Gec Tunc Cagi ve Demir Cagi canak comlegi de bulunmaktadir.",Die Tellsiedlung befindet sich 1 km nordlich des Dorfes Kukuler im Bezirk Suloglu in der Provinz Edirne. An der Oberflache wurde eine groﬂe Anzahl von Keramik aus der klassischen Periode gefunden. Es gibt auch ein paar Stucke Keramik aus der spaten Bronzezeit und der Eisenzeit.,
314,314,Tepeyani,The tell settlement is located about 1.5 km north of the village of Arpac in the district of Havsa and the province of Edirne. A road runs right through the settlement. A tumulus is still preserved on the site.,"Hoyuk yerlesimi, Edirne ilinin Havsa ilcesine bagli Arpac koyunun yaklasik 1,5 km kuzeyinde yer almaktadir. Yerlesimin icinden bir yol gecmektedir. Yerlesim yerinde bir tumulus hala korunmaktadir.","Die Tellsiedlung liegt etwa 1,5 km nordlich des Dorfes Arpac im Bezirk Havsa und in der Provinz Edirne. Eine Straﬂe fuhrt direkt durch die Siedlung. Auf dem Gelande ist noch ein Grabhugel erhalten.",
315,315,Kumocagi/Baglikarkasi ,"The settlement is located on the west side of Suloglu stream, 1 km south of Musulca village in Havsa/Edirne district. Part of the settlement is destroyed.","Yerlesim Havsa/Edirne ilcesine bagli Musulca koyunun 1 km guneyinde, Suloglu deresinin bati yakasinda yer almaktadir. Yerlesimin bir kismi yikilmistir.","Die Siedlung befindet sich auf der Westseite des Suloglu-Bachs, 1 km sudlich des Dorfes Musulca im Bezirk Havsa/Edirne. Ein Teil der Siedlung ist zerstort.",
316,316,Kaynaklar/Arpac,The tell settlement is located 2 km south of the village of Arpac in the district town of Havsa/Edirne.,Soz konusu yerlesim Havsa/Edirne ilcesine bagli Arpac koyunun 2 km guneyinde yer almaktadir.,Die Tellsiedlung befindet sich 2 km sudlich des Dorfes Arpac in der Kreisstadt Havsa/Edirne.,
317,317,Hisarlik ,,,,
318,318,Cevizlik,"The Tell settlement is located on the west side of Suloglu stream, 400 meters south of Haskoy village in Havsa district of Edirne province. The flat area of the settlement is 100 meters wide.","Hoyuk yerlesimi, Edirne ilinin Havsa ilcesine bagli Haskoy koyunun 400 metre guneyinde, Suloglu deresinin bati yakasinda yer almaktadir. Yerlesimin duzluk alani 100 metre genisligindedir.","Die Tell-Siedlung befindet sich auf der Westseite des Suloglu-Bachs, 400 Meter sudlich des Dorfes Haskoy im Bezirk Havsa der Provinz Edirne. Die flache Flache der Siedlung ist 100 Meter breit.",
319,319,Maya Baba,"The tell settlement is located on the eastern side of the Disbudak stream, 1 km south of the village of Buyuk Altiagac in the district of Meric and the province of Edirne.","Hoyuk yerlesimi, Edirne ilinin Meric ilcesine bagli Buyuk Altiagac koyunun 1 km guneyinde, Disbudak deresinin dogu yakasinda yer almaktadir.","Die Tellsiedlung befindet sich auf der ostlichen Seite des Disbudak-Bachs, 1 km sudlich des Dorfes Buyuk Altiagac im Bezirk Meric und der Provinz Edirne.",
320,320,Acicesme,The Tell settlement is located on the northwestern side of Kadidondurma in the Meric district of Edirne province. The settlement has been partially destroyed by the expansion of a modern village.,"Hoyuk yerlesimi, Edirne ilinin Meric ilcesine bagli Kadidondurma'nin kuzeybati tarafinda yer almaktadir. Yerlesim, modern bir koyun genislemesiyle kismen tahrip olmustur.",Die Tell-Siedlung befindet sich an der nordwestlichen Seite von Kadidondurma im Bezirk Meric der Provinz Edirne. Die Siedlung wurde durch die Ausdehnung eines modernen Dorfes teilweise zerstort.,
321,321,Taslitepe,"The tell settlement was built on a rocky outcrop 3 km east of Gumuscay village in Alasehir district, Manisa province. The site was discovered by Engin Akdeniz in 2007.","Hoyuk yerlesimi, Manisa ili Alasehir ilcesi Gumuscay koyunun 3 km dogusundaki kayalik bir cikinti uzerine kurulmustur. Yerlesim 2007 yilinda Engin Akdeniz tarafindan kesfedilmistir.",Die Tellsiedlung wurde auf einem Felsvorsprung 3 km ostlich des Dorfes Gumuscay im Bezirk Alasehir in der Provinz Manisa errichtet. Die Statte wurde von Engin Akdeniz im Jahr 2007 entdeckt.,
322,322,Erdelli Hoyuk ,"The tell settlement is located 5 km west of the village of Erdelli and 2 km southeast of the village of Buknus in the district of Akhisar and the province of Manisa. The site measures 140 x 90 meters and is 12 meters high. It was first explored by Rafet Dinc in the 1990s. In 2007, Engin Akdeniz re-examined the site.","Hoyuk yerlesimi, Manisa ili Akhisar ilcesine bagli Erdelli koyunun 5 km batisinda ve Buknus koyunun 2 km guneydogusunda yer almaktadir. Yerlesim 140 x 90 metre olculerinde ve 12 metre yuksekligindedir. Ilk olarak 1990'li yillarda Rafet Dinc tarafindan kesfedilmistir. 2007 yilinda Engin Akdeniz tarafindan yeniden incelenmistir.",Die Tellsiedlung befindet sich 5 km westlich des Dorfes Erdelli und 2 km sudostlich des Dorfes Buknus im Bezirk Akhisar und der Provinz Manisa. Die Statte misst 140 x 90 Meter und ist 12 Meter hoch. Sie wurde erstmals in den 1990er Jahren von Rafet Dinc erforscht. Im Jahr 2007 untersuchte Engin Akdeniz die Statte erneut.,
323,323,Kennez 1,The tell settlement is located 200 meters northwest of the village of Pinarcik in the district of Akhisar and the province of Manisa. It was first discovered and studied by David French.,"Hoyuk yerlesimi, Manisa ilinin Akhisar ilcesine bagli Pinarcik koyunun 200 metre kuzeybatisinda yer almaktadir. Ilk olarak David French tarafindan kesfedilmis ve incelenmistir.",Die Tellsiedlung befindet sich 200 Meter nordwestlich des Dorfes Pinarcik im Bezirk Akhisar und der Provinz Manisa. Sie wurde erstmals von David French entdeckt und untersucht.,
324,324,Rahmiye II,The tell settlement is located 2.2 km south of the village of Rahmiye in the district of Akhisar and the province of Manisa.,"Soz konusu yerlesim, Akhisar ilcesi ve Manisa iline bagli Rahmiye koyunun 2,2 km guneyinde yer almaktadir.","Die Tellsiedlung befindet sich 2,2 km sudlich des Dorfes Rahmiye im Bezirk Akhisar und der Provinz Manisa.",
325,325,Kulaksizlar,"The tell settlement is located 1.2 km southwest of Kulaksizlar village in Akhisar district and Manisa province. Many idols dating back to the Bronze Age have been found at the site. According to the researchers, this place was an important workshop in pre-Bronze Age western Asia Minor. Engin Akdeniz saw a lot of Late Bronze Age pottery at this site.","Hoyuk yerlesimi Manisa ili, Akhisar ilcesi, Kulaksizlar koyunun 1,2 km guneybatisinda yer almaktadir. Alanda Tunc Cagi'na tarihlenen cok sayida idol bulunmustur. Arastirmacilara gore, burasi Tunc Cagi oncesi Bati Kucuk Asya'da onemli bir atolyeydi. Engin Akdeniz bu alanda cok sayida Gec Tunc Cagi canak comlegi gormustur.","Die Tellsiedlung befindet sich 1,2 km sudwestlich des Dorfes Kulaksizlar im Bezirk Akhisar in der Provinz Manisa. An der Statte wurden viele Idole aus der Bronzezeit gefunden. Den Forschern zufolge war dieser Ort eine wichtige Werkstatt im vorbronzezeitlichen westlichen Kleinasien. Engin Akdeniz entdeckte an diesem Ort eine Menge spatbronzezeitlicher Topferwaren.",
326,326,Alibeyli Hoyuk,The tell settlement is located 3 km northwest of the village of Alibeyli in the district of Saruhanli and the province of Manisa. It was first mentioned by David French and later re-examined by Engin Akdeniz.,"Hoyuk yerlesimi, Manisa iline bagli Saruhanli ilcesinin Alibeyli koyunun 3 km kuzeybatisinda yer almaktadir. Ilk olarak David French tarafindan bahsedilmis ve daha sonra Engin Akdeniz tarafindan yeniden incelenmistir.",Die Tellsiedlung befindet sich 3 km nordwestlich des Dorfes Alibeyli im Bezirk Saruhanli und der Provinz Manisa. Sie wurde erstmals von David French erwahnt und spater von Engin Akdeniz neu untersucht.,
327,327,Baykustepe,"The tell settlement is located 4 km southeast of the village of Mutevelli in the district of Saruhanli and the province of Manisa. According to Engin Akdeniz, a large part of the tell's extent has disappeared. The original size of the site can no longer be determined. The height is 4 m.","Hoyuk yerlesimi, Manisa ilinin Saruhanli ilcesine bagli Mutevelli koyunun 4 km guneydogusunda yer almaktadir. Engin Akdeniz'e gore, anlati alaninin buyuk bir kismi yok olmustur. Alanin orijinal boyutu artik tespit edilememektedir. Yuksekligi 4 m'dir.",Die Tellsiedlung befindet sich 4 km sudostlich des Dorfes Mutevelli im Bezirk Saruhanli und der Provinz Manisa. Nach Angaben von Engin Akdeniz ist ein groﬂer Teil der Ausdehnung des Tells verschwunden. Die ursprungliche Groﬂe der Anlage kann nicht mehr bestimmt werden. Die Hohe betragt 4 m.,
328,328,Halitpasa II,"The tell settlement is located on the southwestern side of the highway between Alibeyli and the small town of Halitpasa, 2 km east of Halitpasa. It was first discovered by David French in the 1960s. At that time, the Chalcolithic and Early Bronze Age pottery was identified. In 2007, the site was investigated by Engin Akdeniz, who also found Middle Bronze Age and Late Bronze Age pottery.","Hoyuk yerlesimi, Alibeyli ile kucuk Halitpasa kasabasi arasindaki karayolunun guneybati tarafinda, Halitpasa'nin 2 km dogusunda yer almaktadir. Ilk olarak 1960'larda David French tarafindan kesfedilmistir. O donemde Kalkolitik ve Erken Tunc Cagi canak comlekleri tespit edilmistir. Alan 2007 yilinda Engin Akdeniz tarafindan incelenmis ve Orta Tunc Cagi ve Gec Tunc Cagi canak comlekleri de bulunmustur.","Die Tellsiedlung befindet sich auf der sudwestlichen Seite der Autobahn zwischen Alibeyli und der kleinen Stadt Halitpasa, 2 km ostlich von Halitpasa. Sie wurde erstmals in den 1960er Jahren von David French entdeckt. Damals wurde die chalkolithische und fruhbronzezeitliche Keramik identifiziert. Im Jahr 2007 wurde die Statte von Engin Akdeniz untersucht, der auch Keramik aus der Mittel- und Spatbronzezeit fand.",
329,329,Halitpasa I,The settlement is located 2 km. northwest of the village of Alibeyli in the district of Saruhanli and the province of Manisa. It is established on a natural hill.,"Yerlesim, Manisa ilinin Saruhanli ilcesine bagli Alibeyli koyunun 2 km. kuzeybatisinda yer almaktadir. Dogal bir tepe uzerine kurulmustur.",Die Siedlung liegt 2 km nordwestlich des Dorfes Alibeyli im Bezirk Saruhanli und in der Provinz Manisa. Sie ist auf einem naturlichen Hugel errichtet.,
330,330,Avlutepe Hoyuk,The tell settlement is located 1 km southwest of the village of Gulbahce in the province of Manisa. It was first discovered by David French.,"Hoyuk yerlesimi, Manisa iline bagli Gulbahce koyunun 1 km guneybatisinda yer almaktadir. Ilk olarak David French tarafindan kesfedilmistir.",Die Tellsiedlung befindet sich 1 km sudwestlich des Dorfes Gulbahce in der Provinz Manisa. Sie wurde erstmals von David French entdeckt.,
331,331,Veziroglu Hoyuk,The tell settlement is located 1.5 km northwest of the village of Veziroglu in the province of Manisa. It was first discovered and investigated by David French.,"Hoyuk yerlesimi, Manisa iline bagli Veziroglu koyunun 1,5 km kuzeybatisinda yer almaktadir. Ilk olarak David French tarafindan kesfedilmis ve incelenmistir.","Die Tellsiedlung befindet sich 1,5 km nordwestlich des Dorfes Veziroglu in der Provinz Manisa. Sie wurde erstmals von David French entdeckt und untersucht.",
332,332,Asartepe,"The settlement is located northwest of the village of Kilcanlar in the district of Golmarmara. Like Kaymakci, it is founded on a ridge and lies about 155 meters above the floodplain. It appears like a citadel, 3. 8 ha in size.","Yerlesim, Golmarmara ilcesine bagli Kilcanlar koyunun kuzeybatisinda yer almaktadir. Kaymakci gibi bir sirt uzerine kurulmustur ve taskin yatagindan yaklasik 155 metre yuksekliktedir. Bir kale gorunumundedir ve 3.8 hektar buyuklugundedir.","Die Siedlung befindet sich nordwestlich des Dorfes Kilcanlar im Bezirk Golmarmara. Wie Kaymakci ist sie auf einem Bergrucken gegrundet und liegt etwa 155 Meter uber der Flussaue. Sie sieht aus wie eine Zitadelle und ist 3,8 ha groﬂ.",
333,333,Kizbaci Tepesi,The Tell settlement is located on a hill called Kizbaci Tepesi in Turkish on the northeast side of Lake Marmara. It is located. It was probably a citadel of about 1 ha in size.,"Hoyuk yerlesimi, Marmara Golu'nun kuzeydogu tarafinda Turkce'de Kizbaci Tepesi olarak adlandirilan bir tepe uzerinde yer almaktadir. Bulundugu yer. Muhtemelen yaklasik 1 hektar buyuklugunde bir kaleydi.","Die Tell-Siedlung befindet sich auf einem Hugel, der auf Turkisch Kizbaci Tepesi genannt wird, auf der Nordostseite des Marmarasees. Sie befindet sich dort. Sie war wahrscheinlich eine Zitadelle von etwa 1 ha Groﬂe.",
334,334,Gedevre Tepesi,The site is located on the north-western side of Lake Marmara in the province of Manisa.,"Saha, Marmara Golu'nun kuzeybati yakasinda, Manisa ilinde yer almaktadir.",Der Ort befindet sich auf der nordwestlichen Seite des Marmara-Sees in der Provinz Manisa.,
335,335,Kizciftligi/Trikopi,The tell settlement is located 3 km west of the district center Gomec in Balikesir.,Anlati yerlesimi Balikesir'in Gomec ilce merkezinin 3 km batisinda yer almaktadir.,Die Tellsiedlung befindet sich 3 km westlich des Bezirkszentrums Gomec in Balikesir.,
336,336, Catalkaya ,The prehistoric settlement is located on a natural hill southwest of the village of Kirazli in the province of Aydin. The pottery covers the entire Bronze Age and Classical periods. Sevinc Gunel has characterized the size considers an acropolis. Whether it was a fortress or a settlement is not entirely clear.,"Tarih oncesi yerlesim, Aydin iline bagli Kirazli koyunun guneybatisinda dogal bir tepe uzerinde yer almaktadir. Canak comlekler tum Tunc Cagi ve Klasik donemleri kapsamaktadir. Sevinc Gunel'in tanimladigi buyuklukte bir akropol oldugu dusunulmektedir. Bir kale mi yoksa bir yerlesim yeri mi oldugu tam olarak belli degildir.","Die prahistorische Siedlung befindet sich auf einem naturlichen Hugel sudwestlich des Dorfes Kirazli in der Provinz Aydin. Die Topferwaren decken die gesamte Bronzezeit und die klassische Periode ab. Sevinc Gunel hat die Groﬂe charakterisiert halt eine Akropolis. Ob es eine Festung oder eine Siedlung war, ist nicht ganz klar.",
337,337,Phokaia (Eski Foca) ,,,,
338,338,Nemrut Hoyuk ,The tell settlement is located south of the village of Cambel in the district of Kemalpasa and the province of Izmir.,"Anlati yerlesimi, Kemalpasa ilcesi ve Izmir iline bagli Cambel koyunun guneyinde yer almaktadir.",Die Tellsiedlung befindet sich sudlich des Dorfes Cambel im Bezirk Kemalpasa und der Provinz Izmir.,
339,339,Seytan Deresi,The tell settlement is located 1 km northwest of the village of Umur in the district of Cine and the province of Aydin.,"Anlati yerlesimi, Cine ilcesi ve Aydin iline bagli Umur koyunun 1 km kuzeybatisinda yer almaktadir.",Die Tellsiedlung befindet sich 1 km nordwestlich des Dorfes Umur im Bezirk Cine und der Provinz Aydin.,
340,340,Alanli (Hamzabali) Hoyuk,The tell settlement is located within the boundaries of Hamzabali village in Yenipazar district and Aydin province. Sevinc Gunel registered it under the name of the neighboring village. It is also known as Hamzabali Hoyuk.,"Aydin ili, Yenipazar ilcesi, Hamzabali koyu sinirlari icerisinde yer almaktadir. Sevinc Gunel tarafindan komsu koyun adiyla tescil edilmistir. Hamzabali Hoyuk olarak da bilinmektedir.",Die Tellsiedlung befindet sich innerhalb der Grenzen des Dorfes Hamzabali im Bezirk Yenipazar und der Provinz Aydin. Sevinc Gunel hat sie unter dem Namen des benachbarten Dorfes registriert. Sie ist auch als Hamzabali Hoyuk bekannt.,
341,341,Kavaklikoy Hoyuk ,"The Tell settlement is located near the Nazilli-Bozdogan road within the boundaries of Kavakli village, Bozdogan district and Aydin province. Large parts of the settlement have been destroyed. The current height is between 2-3 meters; the former extent cannot be determined.","Hoyuk yerlesimi, Aydin ili, Bozdogan ilcesi, Kavakli koyu sinirlari icerisinde, Nazilli-Bozdogan yolu yakininda yer almaktadir. Yerlesimin buyuk bir kismi tahrip olmustur. Mevcut yuksekligi 2-3 metre arasindadir; eski boyutu tespit edilememistir.","Die Tell-Siedlung befindet sich in der Nahe der Straﬂe Nazilli-Bozdogan innerhalb der Grenzen des Dorfes Kavakli, des Bezirks Bozdogan und der Provinz Aydin. Groﬂe Teile der Siedlung sind zerstort worden. Die heutige Hohe liegt zwischen 2-3 Metern; die fruhere Ausdehnung kann nicht bestimmt werden.",
342,342,Elmacik Hoyuk,The tell settlement is located 1 km south-east of the village of Elmacik in the province of Usak. No excavations have been carried out so far.,Hoyuk yerlesimi Usak iline bagli Elmacik koyunun 1 km guneydogusunda yer almaktadir. Simdiye kadar herhangi bir kazi yapilmamistir.,Die Tellsiedlung befindet sich 1 km sudostlich des Dorfes Elmacik in der Provinz Usak. Bisher wurden noch keine Ausgrabungen durchgefuhrt.,
343,343,Yassitepe/Izmir,The Tell settlement is located in the center of Izmir on the outskirts of Bornava. Part of the settlement has been destroyed and built over in the last 20 years. The settlement was excavated after 2010 under the direction of Zafer Derin.,"Hoyuk yerlesimi Izmir'in merkezinde, Bornava'nin eteklerinde yer almaktadir. Yerlesimin bir kismi son 20 yilda tahrip edilmis ve uzerine insaat yapilmistir. Yerlesim 2010 yilindan sonra Zafer Derin baskanliginda kazilmistir.",Die Tell-Siedlung befindet sich im Zentrum von Izmir am Rande von Bornava. Ein Teil der Siedlung wurde in den letzten 20 Jahren zerstort und uberbaut. Die Siedlung wurde nach 2010 unter der Leitung von Zafer Derin ausgegraben.,
344,344,Yenikoy/Bilecik ,The settlement is located on a natural hill on the northern side of the village of Yenikoy in the province of Bilecik. The size of the settlement area is about 100 x 100 meters.,"Yerlesim, Bilecik iline bagli Yenikoy koyunun kuzey tarafinda dogal bir tepe uzerinde yer almaktadir. Yerlesim alaninin buyuklugu yaklasik 100 x 100 metredir.",Die Siedlung befindet sich auf einem naturlichen Hugel an der Nordseite des Dorfes Yenikoy in der Provinz Bilecik. Die Groﬂe der Siedlungsflache betragt etwa 100 x 100 Meter.,
345,345,Uyuk/Bilecik,,,,
346,346,Adatepe/Dinar,The Tell settlement is located in a marshy area 1.5 km southwest of the village of Eldere in the Dinar district and Afyonkarahisar province. A railway line built 100 years ago crosses the settlement from west to east.,"Hoyuk yerlesimi, Afyonkarahisar ili Dinar ilcesi Eldere koyunun 1,5 km guneybatisinda bataklik bir alanda yer almaktadir. Yerlesimin batisindan dogusuna 100 yil once insa edilmis bir demiryolu hatti gecmektedir.","Die Tell-Siedlung liegt in einem sumpfigen Gebiet 1,5 km sudwestlich des Dorfes Eldere im Bezirk Dinar und der Provinz Afyonkarahisar. Eine vor 100 Jahren gebaute Eisenbahnlinie durchquert die Siedlung von Westen nach Osten.",
347,347,Akgun Tepe Hoyuk ,The tell settlement is located about 1 km northwest of the village of Akgun in the district of Dinar and the province of Afyonkarahisar. The eastern slope of the settlement has been cut off by a road.,"Hoyuk yerlesimi, Afyonkarahisar ilinin Dinar ilcesine bagli Akgun koyunun yaklasik 1 km kuzeybatisinda yer almaktadir. Yerlesimin dogu yamaci bir yol ile kesilmistir.",Die Tellsiedlung liegt etwa 1 km nordwestlich des Dorfes Akgun im Bezirk Dinar und in der Provinz Afyonkarahisar. Der Osthang der Siedlung wurde durch eine Straﬂe abgeschnitten.,
348,348,Tepe Hoyuk,The tell settlement is located on the eastern side of the village of Dombay in the district of Dinar and the province of Afyon.,"Hoyuk yerlesimi, Dinar ilcesi ve Afyon iline bagli Dombay koyunun dogu tarafinda yer almaktadir.",Die Tellsiedlung liegt an der ostlichen Seite des Dorfes Dombay im Bezirk Dinar und in der Provinz Afyon.,
349,349,Goktepe Hoyuk,The tell settlement is located about 250 meters northeast of the village of Cayustu in the district of Dinar.,"Hoyuk yerlesimi, Dinar ilcesine bagli Cayustu koyunun yaklasik 250 metre kuzeydogusunda yer almaktadir.",Die Tellsiedlung befindet sich etwa 250 Meter nordostlich des Dorfes Cayustu im Bezirk Dinar.,
350,350,Kerim Cayiri,The tell settlement is located 750 m northwest of the village of Cumhuriyet in the district of Dinar. The site is 120 x 190 m and 5 m high.,Hoyuk yerlesimi Dinar ilcesine bagli Cumhuriyet koyunun 750 m kuzeybatisinda yer almaktadir. Alan 120 x 190 m boyutlarinda ve 5 m yuksekligindedir.,Die Tellsiedlung befindet sich 750 m nordwestlich des Dorfes Cumhuriyet im Bezirk Dinar. Die Anlage ist 120 x 190 m groﬂ und 5 m hoch.,
351,351,Ismail Hoyugu,"The tell settlement is located 3.5 km southeast of the village of Gocerli, 3 km west of Kinik and 5 km northwest of the village of Tatarli in the district of Dinar.","Anlati yerlesimi, Dinar ilcesine bagli Gocerli koyunun 3,5 km guneydogusunda, Kinik'in 3 km batisinda ve Tatarli koyunun 5 km kuzeybatisinda yer almaktadir.","Die Tellsiedlung befindet sich 3,5 km sudostlich des Dorfes Gocerli, 3 km westlich von Kinik und 5 km nordwestlich des Dorfes Tatarli im Bezirk Dinar.",
352,352,Karatepe Hoyuk,The tell settlement is located 2.3 km southeast of the village of Haydarli in the district of Dinar and the province of Afyon.,"Hoyuk yerlesimi, Afyon ilinin Dinar ilcesine bagli Haydarli koyunun 2,3 km guneydogusunda yer almaktadir.","Die Tellsiedlung befindet sich 2,3 km sudostlich des Dorfes Haydarli im Bezirk Dinar und der Provinz Afyon.",
353,353,Akpinarli Tepe Hoyuk,The tell settlement is located on the south side of the village of Akpinarli in the district of Dinar and the province of Afyon.,"Hoyuk yerlesimi, Dinar ilcesi ve Afyon iline bagli Akpinarli koyunun guney tarafinda yer almaktadir.",Die Tellsiedlung befindet sich an der Sudseite des Dorfes Akpinarli im Bezirk Dinar und der Provinz Afyon.,
354,354,Alparslan Hoyuk,The Tell settlement is located on the north-western side of the village of Alparslan in the district town of Dinar in the province of Afyon. The village houses were built on a part of the settlement. The highway between the district towns of Cay and Dinar runs right next to the settlement.,"Hoyuk yerlesimi, Afyon ilinin Dinar ilcesine bagli Alparslan koyunun kuzeybati tarafinda yer almaktadir. Koy evleri yerlesimin bir bolumu uzerine insa edilmistir. Cay ve Dinar ilceleri arasindaki karayolu yerlesimin hemen yanindan gecmektedir.",Die Tell-Siedlung befindet sich an der nordwestlichen Seite des Dorfes Alparslan in der Kreisstadt Dinar in der Provinz Afyon. Die Hauser des Dorfes wurden auf einem Teil der Siedlung errichtet. Die Landstraﬂe zwischen den Kreisstadten Cay und Dinar fuhrt direkt an der Siedlung vorbei.,
355,355,Tepeardi Hoyuk,The tell settlement is located 1.3 km northeast of the village of Okcular and 1.1 km northwest of the village of Kadilar in the Dinar District of Afyon Province.,"Soz konusu yerlesim, Afyon Ili Dinar Ilcesi'ne bagli Okcular Koyu'nun 1,3 km kuzeydogusunda ve Kadilar Koyu'nun 1,1 km kuzeybatisinda yer almaktadir.","Die Tellsiedlung befindet sich 1,3 km nordostlich des Dorfes Okcular und 1,1 km nordwestlich des Dorfes Kadilar im Bezirk Dinar der Provinz Afyon.",
356,356,Buyuk und Kucuk Cataltepe,The tell settlement is located about 2 km northeast of Bagcilar village in Dinar district of Afyonkarahisar province. The settlement consists of two hills: the northwestern one is called Kucuk (small) Cataltepe and the southeastern one is called Buyuk (big) Cataltepe. The small one has a diameter of 300 meters and a height of 3-4 meters. The big one has a diameter of 300 meters and a height of 5-6 meters.,"Hoyuk yerlesimi, Afyonkarahisar ilinin Dinar ilcesine bagli Bagcilar koyunun yaklasik 2 km kuzeydogusunda yer almaktadir. Yerlesim iki tepeden olusmaktadir: kuzeybatidaki Kucuk Cataltepe ve guneydogudaki Buyuk Cataltepe olarak adlandirilmaktadir. Kucuk olanin capi 300 metre ve yuksekligi 3-4 metredir. Buyuk olanin capi 300 metre ve yuksekligi 5-6 metredir.",Die Tellsiedlung befindet sich etwa 2 km nordostlich des Dorfes Bagcilar im Bezirk Dinar der Provinz Afyonkarahisar. Die Siedlung besteht aus zwei Hugeln: der nordwestliche wird Kucuk (kleiner) Cataltepe genannt und der sudostliche heiﬂt Buyuk (groﬂer) Cataltepe. Der kleine hat einen Durchmesser von 300 Metern und eine Hohe von 3-4 Metern. Der groﬂe hat einen Durchmesser von 300 Metern und eine Hohe von 5-6 Metern.,
357,357,Orenler Mevkii,The tell settlement is located on the south side of the village of Karabedir in the district of Dinar in the province of Afyonkarahisar. No excavations have been carried out so far.,"Hoyuk yerlesimi, Afyonkarahisar ilinin Dinar ilcesine bagli Karabedir koyunun guney tarafinda yer almaktadir. Simdiye kadar herhangi bir kazi yapilmamistir.",Die Tellsiedlung befindet sich an der Sudseite des Dorfes Karabedir im Bezirk Dinar in der Provinz Afyonkarahisar. Bisher wurden noch keine Ausgrabungen durchgefuhrt.,
358,358,Agillarin Onu Hoyuk (Kirin Uyuk),The tell settlement is located 2.5 km northeast of the village of Yuregil in the district of Dazkari in the province of Afyonkarahisar.,"Anlati yerlesimi, Afyonkarahisar ilinin Dazkari ilcesine bagli Yuregil koyunun 2,5 km kuzeydogusunda yer almaktadir.","Die Tellsiedlung befindet sich 2,5 km nordostlich des Dorfes Yuregil im Bezirk Dazkari in der Provinz Afyonkarahisar.",
359,359,Sarikavak Hoyuk,The tell settlement is located on the south and southeast side of Sarikavak village in Dazkiri district of Aydin province. There is a small lake on the eastern side of the settlement. The highway between Denizli and Dazkiri passes through the eastern side of the settlement.,Hoyuk yerlesimi Aydin ilinin Dazkiri ilcesine bagli Sarikavak koyunun guney ve guneydogu tarafinda yer almaktadir. Yerlesimin dogu tarafinda kucuk bir gol bulunmaktadir. Denizli ile Dazkiri arasindaki karayolu yerlesimin dogu tarafindan gecmektedir.,Die Tell-Siedlung befindet sich im Suden und Sudosten des Dorfes Sarikavak im Bezirk Dazkiri der Provinz Aydin. An der Ostseite der Siedlung befindet sich ein kleiner See. Die Autobahn zwischen Denizli und Dazkiri fuhrt durch die Ostseite der Siedlung.,
360,360,Kusura Hoyuk,The tell settlement is located in the village of Kusura in the district of Sandikli in the province of Afyonkarahisar. The site was excavated between 1935 and 1937 under the direction of Winfried Lamb.,Hoyuk yerlesimi Afyonkarahisar ilinin Sandikli ilcesine bagli Kusura koyunde yer almaktadir. Yerlesim 1935-1937 yillari arasinda Winfried Lamb baskanliginda kazilmistir.,Die Tellsiedlung befindet sich im Dorf Kusura im Bezirk Sandikli in der Provinz Afyonkarahisar. Die Statte wurde zwischen 1935 und 1937 unter der Leitung von Winfried Lamb ausgegraben.,
361,361,Yamanlar,"The Tell settlement is located in the village of Yamanlar, Civril district, Denizli province. Some of the modern houses have been built on the archaeological site, so part of it has been destroyed.","Hoyuk yerlesimi Denizli ilinin Civril ilcesine bagli Yamanlar koyunde yer almaktadir. Modern evlerin bir kismi arkeolojik alan uzerine insa edilmistir, bu nedenle bir kismi tahrip olmustur.","Die Tell-Siedlung befindet sich in dem Dorf Yamanlar, Bezirk Civril, Provinz Denizli. Einige der modernen Hauser wurden auf der archaologischen Statte errichtet, so dass ein Teil der Statte zerstort worden ist.",
362,362,Hoyuk Mevkii,,,,
363,363,Bademagaci Hoyuk,The Tell settlement is located about 2.5 km northeast of Bademagaci district in Antalya province. It is located on the natural way between inner West Anatolia and the Gulf of Antalya.,"Hoyuk yerlesimi, Antalya ilinin Bademagaci ilcesinin yaklasik 2,5 km kuzeydogusunda yer almaktadir. Ic Bati Anadolu ile Antalya Korfezi arasindaki dogal yol uzerinde yer almaktadir.","Die Tell-Siedlung befindet sich etwa 2,5 km nordostlich des Bezirks Bademagaci in der Provinz Antalya. Sie befindet sich auf dem naturlichen Weg zwischen dem inneren Westanatolien und dem Golf von Antalya.",
364,364,Perge,"The famous ancient city of Perge is located within the boundaries of the district of Aksu in the province of Antalya , about 18 km northeast of Antalya .","Unlu antik kent Perge ilce sinirlari icerisinde yer almaktadir. Aksu eyaletinde Antalya , about 18 km kuzeydogusu Antalya .","Die beruhmte antike Stadt von Perge befindet sich innerhalb der Grenzen des Bezirks Aksu in der Provinz Antalya , etwa 18 km nordostlich von Antalya .",
365,365,Ozbek Iliksu ,,,,
366,366,Seref Hoyuk/Komama,"The tell settlement was known in ancient times as a Roman colony under the name of Komama. It is located on a wide plain about 2.5 km east of the village of Urkutlu in the district of Bucak in the province of Burdur. The site is located at a strategic point where several natural transportation routes intersect. From west to east, a main road, which was extended in Roman times to form the Via Sebaste, connected northern Pisidia and southern Phrygia with Pamphylia. At this point, a path branches off to the north, leading along the former lake of Kestel (Paludes) to Kremna and Sagalassos. Another path leads southwest across the Elmali plain to Lycia.","Hoyuk yerlesimi antik cagda Komama adiyla bir Roma kolonisi olarak biliniyordu. Burdur ilinin Bucak ilcesine bagli Urkutlu koyunun yaklasik 2,5 km dogusunda genis bir duzlukte yer almaktadir. Saha, bircok dogal ulasim yolunun kesistigi stratejik bir noktada yer almaktadir. Batidan doguya dogru, Roma doneminde Via Sebaste'yi olusturacak sekilde genisletilen bir ana yol, kuzey Pisidia ve guney Phrygia'yi Pamphylia'ya baglamaktadir. Bu noktada, bir patika kuzeye saparak eski Kestel (Paludes) golu boyunca Kremna ve Sagalassos'a gider. Bir baska yol guneybatiya, Elmali Ovasi uzerinden Likya'ya uzanir.","Die Tellsiedlung war in der Antike als romische Kolonie unter dem Namen Komama bekannt. Sie befindet sich in einer weiten Ebene etwa 2,5 km ostlich des Dorfes Urkutlu im Bezirk Bucak in der Provinz Burdur. Der Ort befindet sich an einem strategischen Punkt, an dem sich mehrere naturliche Transportwege kreuzen. Von Westen nach Osten verband eine Hauptstraﬂe, die in romischer Zeit zur Via Sebaste ausgebaut wurde, das nordliche Pisidien und das sudliche Phrygien mit Pamphylien. An dieser Stelle zweigt ein Weg nach Norden ab, der entlang des ehemaligen Sees von Kestel (Paludes) nach Kremna und Sagalassos fuhrt. Ein anderer Weg fuhrt sudwestlich uber die Elmali-Ebene nach Lykien.",
367,367,Koyunbeyli Hoyuk,The tell settlement is located 500 west of the village of Koyunbeyli in the province of Usak. No excavations have been carried out so far.,Hoyuk yerlesimi Usak iline bagli Koyunbeyli koyunun 500 batisinda yer almaktadir. Simdiye kadar herhangi bir kazi yapilmamistir.,Die Tellsiedlung befindet sich 500 westlich des Dorfes Koyunbeyli in der Provinz Usak. Bisher wurden noch keine Ausgrabungen durchgefuhrt.,
368,368,Kediyunu Hoyuk,The Tell settlement is located on the northern side of Kediyunu village in Usak province. The village cemetery is located on the archaeological site. No excavations have been carried out so far.,Hoyuk yerlesimi Usak iline bagli Kediyunu koyunun kuzey tarafinda yer almaktadir. Koy mezarligi arkeolojik sit alani uzerinde yer almaktadir. Simdiye kadar herhangi bir kazi yapilmamistir.,Die Tell-Siedlung befindet sich an der Nordseite des Dorfes Kediyunu in der Provinz Usak. Der Dorffriedhof befindet sich auf der archaologischen Statte. Bisher wurden noch keine Ausgrabungen durchgefuhrt.,
369,369,Hoyuk (Koyonu) Mevki ,,,,
370,370,Pinarbasi Buyuk Hoyuk ,The tell settlement is located 1.3 km west of the village of Kilinckaya in the district of Suhut in the province of Afyonkarahisar. No excavations have been carried out so far.,"Hoyuk yerlesimi, Afyonkarahisar ilinin Suhut ilcesine bagli Kilinckaya koyunun 1,3 km batisinda yer almaktadir. Simdiye kadar herhangi bir kazi yapilmamistir.","Die Tellsiedlung befindet sich 1,3 km westlich des Dorfes Kilinckaya im Bezirk Suhut in der Provinz Afyonkarahisar. Bisher wurden noch keine Ausgrabungen durchgefuhrt.",
371,371,Oynagan Mezarlik Hoyuk,The tell settlement is located 200 meters north of the village of Oynagan in the district of Suhut in the province of Afyonkarahisar. No excavations have been carried out so far. The village cemetery is located on the hill with the site and surrounds half of it. There is a marsh on the eastern side.,"Hoyuk yerlesimi, Afyonkarahisar ilinin Suhut ilcesine bagli Oynagan koyunun 200 metre kuzeyinde yer almaktadir. Simdiye kadar herhangi bir kazi yapilmamistir. Koy mezarligi alanin bulundugu tepede yer almakta ve alanin yarisini cevrelemektedir. Dogu tarafinda bir bataklik bulunmaktadir.",Die Tellsiedlung befindet sich 200 Meter nordlich des Dorfes Oynagan im Bezirk Suhut in der Provinz Afyonkarahisar. Bisher wurden noch keine Ausgrabungen durchgefuhrt. Der Dorffriedhof befindet sich auf dem Hugel mit der Statte und umgibt die Halfte davon. An der Ostseite befindet sich ein Sumpf.,
372,372,Cafer Hoyuk,The tell settlement is located about 800 m northwest of the village of Karaadilli in the district of Suhut in the province of Afyonkarahisar. No excavations have been carried out so far. Anthropogenic deposits form almost no visible elevation as the site has been leveled by agriculture.,"Hoyuk yerlesimi, Afyonkarahisar ilinin Suhut ilcesine bagli Karaadilli koyunun yaklasik 800 m kuzeybatisinda yer almaktadir. Simdiye kadar herhangi bir kazi yapilmamistir. Antropojenik birikintiler, alan tarimla duzlestirildigi icin neredeyse hic gorunur yukselti olusturmamaktadir.","Die Tellsiedlung befindet sich etwa 800 m nordwestlich des Dorfes Karaadilli im Bezirk Suhut in der Provinz Afyonkarahisar. Bisher wurden noch keine Ausgrabungen durchgefuhrt. Die anthropogenen Ablagerungen bilden fast keine sichtbaren Erhebungen, da der Ort durch die Landwirtschaft eingeebnet wurde.",
373,373,Kepir Hoyuk,The tell settlement is located 3.2 km north of the village of Karaadilli in the district town of Suhut in the province of Afyonkarahisar. No excavations have been carried out so far. The highway between Cay and Dinar runs 1.5 km to the east.,"Hoyuk yerlesimi, Afyonkarahisar ilinin Suhut ilcesine bagli Karaadilli koyunun 3,2 km kuzeyinde yer almaktadir. Simdiye kadar herhangi bir kazi yapilmamistir. Cay ve Dinar arasindaki karayolu 1,5 km dogusundan gecmektedir.","Die Tellsiedlung befindet sich 3,2 km nordlich des Dorfes Karaadilli in der Kreisstadt Suhut in der Provinz Afyonkarahisar. Bisher wurden noch keine Ausgrabungen durchgefuhrt. Die Fernstraﬂe zwischen Cay und Dinar verlauft 1,5 km ostlich.",
374,374,Kulak Uyuk Mevkii ,The tell settlement is located about 350 m south of the village of Kulak in the district of Suhut in the province of Afyonkarahisar. No excavations have been carried out so far.,"Hoyuk yerlesimi, Afyonkarahisar ilinin Suhut ilcesine bagli Kulak koyunun yaklasik 350 m guneyinde yer almaktadir. Simdiye kadar herhangi bir kazi yapilmamistir.",Die Tellsiedlung befindet sich etwa 350 m sudlich des Dorfes Kulak im Bezirk Suhut in der Provinz Afyonkarahisar. Bisher wurden noch keine Ausgrabungen durchgefuhrt.,
375,375,Anayurt Mezarlik und Uyukler Mevkii ,"The tell settlement is located on the eastern side of the village of Anayurt in the district of Suhut in the province of Afyonkarahisar. No excavations have been carried out so far. The village cemetery, including the tomb of an Islamic saint, rests on the settlement.","Hoyuk yerlesimi, Afyonkarahisar ilinin Suhut ilcesine bagli Anayurt koyunun dogu tarafinda yer almaktadir. Simdiye kadar herhangi bir kazi yapilmamistir. Yerlesimin uzerinde bir Islam evliyasinin turbesinin de bulundugu koy mezarligi bulunmaktadir.","Die Tellsiedlung befindet sich an der Ostseite des Dorfes Anayurt im Bezirk Suhut in der Provinz Afyonkarahisar. Bisher wurden noch keine Ausgrabungen durchgefuhrt. Der Dorffriedhof, einschlieﬂlich des Grabes eines islamischen Heiligen, ruht auf der Siedlung.",
376,376,Boyali Hoyuk,The tell settlement is located 1.5 km northeast of the district of Kiziloren in the province of Afyonakarahisar. No excavations have been carried out so far. There is a saint's tomb on the eastern side of the settlement. The highway between Sandikli and Dinar runs 1.5 km east of the site.,"Hoyuk yerlesimi Afyonakarahisar ili Kiziloren ilcesinin 1,5 km kuzeydogusunda yer almaktadir. Simdiye kadar herhangi bir kazi yapilmamistir. Yerlesimin dogu tarafinda bir evliya turbesi bulunmaktadir. Sandikli ile Dinar arasindaki karayolu yerlesimin 1,5 km dogusundan gecmektedir.","Die Tellsiedlung befindet sich 1,5 km nordostlich des Bezirks Kiziloren in der Provinz Afyonakarahisar. Bisher wurden noch keine Ausgrabungen durchgefuhrt. An der Ostseite der Siedlung befindet sich ein Heiligengrab. Die Landstraﬂe zwischen Sandikli und Dinar verlauft 1,5 km ostlich des Ortes.",
377,377,Ekinova Hoyuk Mevkii ,,,,
378,378,Kanlitas Hoyuk,The tell settlement is located 1 km east of the village of Asagikuzfindik in the Inonu district of the city of Eskisehir. The site was discovered in 1989 by Turan Efe and has been excavated since 2013 under the direction of Ali Umut Turkcan of Anadolu University.,"Hoyuk yerlesimi, Eskisehir ilinin Inonu ilcesine bagli Asagikuzfindik koyunun 1 km dogusunda yer almaktadir. Yerlesim 1989 yilinda Turan Efe tarafindan kesfedilmis ve 2013 yilindan bu yana Anadolu Universitesi'nden Ali Umut Turkcan baskanliginda kazilmaktadir.",Die Tellsiedlung befindet sich 1 km ostlich des Dorfes Asagikuzfindik im Bezirk Inonu der Stadt Eskisehir. Die Statte wurde 1989 von Turan Efe entdeckt und wird seit 2013 unter der Leitung von Ali Umut Turkcan von der Anadolu Universitat ausgegraben.,
379,379,Tymion,"The ancient city of Tymion is located in the village of Sukraniye near the provincial town of Usak. No excavations have been carried out so far, but between 2006 and 2008 the village and its surroundings were intensively studied by Peter Lampe of the University of Heidelberg.","Tymion antik kenti, Usak ili yakinlarindaki Sukraniye koyunde yer almaktadir. Bugune kadar herhangi bir kazi yapilmamistir, ancak 2006 ve 2008 yillari arasinda koy ve cevresi Heidelberg Universitesi'nden Peter Lampe tarafindan yogun bir sekilde incelenmistir.","Die antike Stadt Tymion befindet sich im Dorf Sukraniye in der Nahe der Provinzstadt Usak. Bislang wurden keine Ausgrabungen durchgefuhrt, aber zwischen 2006 und 2008 wurden das Dorf und seine Umgebung von Peter Lampe von der Universitat Heidelberg intensiv untersucht.",
380,380,Batak Degirmen ,The tell settlement is located about 4 km west of the district of Pinarhisar in the province of Kirikkale. No excavations have been carried out so far.,Hoyuk yerlesimi Kirikkale ili Pinarhisar ilcesinin yaklasik 4 km batisinda yer almaktadir. Simdiye kadar herhangi bir kazi calismasi yapilmamistir.,Die Tellsiedlung befindet sich etwa 4 km westlich des Bezirks Pinarhisar in der Provinz Kirikkale. Bisher wurden noch keine Ausgrabungen durchgefuhrt.,
381,381,Yenidogan,The settlement is located on the north-eastern side of the municipality of Yenidogan in the district of Soke in the province of Aydin. No excavations have been carried out so far.,"Yerlesim, Aydin ilinin Soke ilcesine bagli Yenidogan beldesinin kuzeydogu tarafinda yer almaktadir. Simdiye kadar herhangi bir kazi yapilmamistir.",Die Siedlung liegt an der nordostlichen Seite der Gemeinde Yenidogan im Bezirk Soke in der Provinz Aydin. Bisher wurden noch keine Ausgrabungen durchgefuhrt.,
382,382,Bagcesmeler ,,,,
383,383,Kucuktepe (Halilbeyli),The settlement is located 1 km northeast of Halilbeyli village in Kocarli district of Aydin province. The site is located on a small hill on the southern side of the Meander Valley. The area is now used as an olive grove.,"Yerlesim, Aydin ilinin Kocarli ilcesine bagli Halilbeyli koyunun 1 km kuzeydogusunda yer almaktadir. Menderes Vadisi'nin guney tarafinda kucuk bir tepe uzerinde yer almaktadir. Alan gunumuzde zeytinlik olarak kullanilmaktadir.",Die Siedlung befindet sich 1 km nordostlich des Dorfes Halilbeyli im Bezirk Kocarli der Provinz Aydin. Der Ort befindet sich auf einem kleinen Hugel an der Sudseite des Maandertals. Das Gebiet wird heute als Olivenhain genutzt.,
384,384,Golhisar Kalesi ,"Golhisar Fortress is located about 1 km southwest of the village of Golhisar in Aydin province. Traces of Iron Age walls (1.4-1.6 m thick) are visible in the area today. Architectural remains from this period are also visible. The area was probably used as a fortress in the Iron Age and Late Bronze Age, as indicated by the Turkish name Kale (fortress).","Golhisar Kalesi, Aydin iline bagli Golhisar koyunun yaklasik 1 km guneybatisinda yer almaktadir. Alanda bugun Demir Cagi'na ait duvar izleri (1,4-1,6 m kalinliginda) gorulebilmektedir. Bu doneme ait mimari kalintilar da gorulebilmektedir. Alan, Turkce Kale adindan da anlasilacagi uzere, muhtemelen Demir Cagi ve Gec Tunc Cagi'nda bir kale olarak kullanilmistir.","Die Festung Golhisar befindet sich etwa 1 km sudwestlich des Dorfes Golhisar in der Provinz Aydin. Spuren von Mauern aus der Eisenzeit (1,4-1,6 m dick) sind heute in der Gegend sichtbar. Auch architektonische Uberreste aus dieser Zeit sind sichtbar. Das Gebiet wurde wahrscheinlich in der Eisenzeit und der spaten Bronzezeit als Festung genutzt, worauf der turkische Name Kale (Festung) hinweist.",
385,385,Manastir Mevkii Hoyuk,"The Tell settlement is located on the western side of Avsa Island in the Marmara District of Balikesir Province. It is located directly on the coast and a large part of the settlement is now under water. According to Nergis Gunsenin, Bronze Age pottery remains can be seen 1.5-2.0 m deep in the water.","Hoyuk yerlesimi Balikesir Ili, Marmara Ilcesi, Avsa Adasi'nin bati yakasinda yer almaktadir. Dogrudan kiyida yer almaktadir ve yerlesimin buyuk bir kismi su anda sular altindadir. Nergis Gunsenin'e gore, suyun 1,5-2,0 m derinliginde Tunc Cagi canak comlek kalintilari gorulebilmektedir.","Die Tell-Siedlung befindet sich auf der westlichen Seite der Insel Avsa im Bezirk Marmara der Provinz Balikesir. Sie befindet sich direkt an der Kuste und ein groﬂer Teil der Siedlung steht heute unter Wasser. Laut Nergis Gunsenin kann man in 1,5-2,0 m Tiefe im Wasser Uberreste von Keramik aus der Bronzezeit sehen.",
386,386,Ortaca,The tell settlement is located about 1.7 km southeast of the village of Ortaya in the district of Aslanapa in the province of Kutahya. No excavations have been carried out to date. The settlement was first discovered by James Mellaart and then examined in detail by Turan Efe in the 1990s.,"Hoyuk yerlesimi, Kutahya ili Aslanapa ilcesine bagli Ortaya koyunun yaklasik 1,7 km guneydogusunda yer almaktadir. Bugune kadar herhangi bir kazi calismasi yapilmamistir. Yerlesim ilk olarak James Mellaart tarafindan kesfedilmis ve daha sonra 1990'li yillarda Turan Efe tarafindan ayrintili olarak incelenmistir.","Die Tellsiedlung befindet sich etwa 1,7 km sudostlich des Dorfes Ortaya im Bezirk Aslanapa in der Provinz Kutahya. Bisher wurden noch keine Ausgrabungen durchgefuhrt. Die Siedlung wurde zuerst von James Mellaart entdeckt und dann in den 1990er Jahren von Turan Efe eingehend untersucht.",
387,387,Haydarlar,,,,
388,388,Kumbag Huyuk ,The tell settlement is located 1.2 km south of the village of Kozkayi in the Tepebasi district of Eskisehir province. No research has been carried out so far. The upper part of the settlement was destroyed by looters.,"Hoyuk yerlesimi Eskisehir ilinin Tepebasi ilcesine bagli Kozkayi koyunun 1,2 km guneyinde yer almaktadir. Simdiye kadar herhangi bir arastirma yapilmamistir. Yerlesimin ust kismi yagmacilar tarafindan tahrip edilmistir.","Die Tellsiedlung befindet sich 1,2 km sudlich des Dorfes Kozkayi im Bezirk Tepebasi der Provinz Eskisehir. Bislang wurden keine Untersuchungen durchgefuhrt. Der obere Teil der Siedlung wurde von Plunderern zerstort.",
389,389,Oklubali Hoyuk ,"The tell settlement is located 1.5 km northwest of the village of Oklubali in the Inonu district of Eskisehir. On the northern side of the tell, the art of the ramparts has become visible due to the destruction.","Hoyuk yerlesimi Eskisehir'in Inonu ilcesine bagli Oklubali koyunun 1,5 km kuzeybatisinda yer almaktadir. Anlatinin kuzey tarafinda, tahribat nedeniyle surlarin sanati gorunur hale gelmistir.","Die Tellsiedlung liegt 1,5 km nordwestlich des Dorfes Oklubali im Bezirk Inonu von Eskisehir. An der Nordseite des Tells ist die Kunst der Walle durch die Zerstorung sichtbar geworden.",
390,390,Karayahsiler,,,,
391,391,Karaca,,,,
392,392,Degirmen,,,,
393,393,Deniz Hoyuk,,,,
394,394,Incekoy Hoyuk,,,,
395,395,Seraserli Hoyuk,,,,
396,396,Savram Hoyuk,,,,
397,397,Tuglu Hoyuk,,,,
398,398,Kesilmis Hoyuk,,,,
399,399,Belence Hoyuk,,,,
400,400,Gurpinar Hoyuk,,,,
401,401,Sulumenler Hoyuk,,,,
402,402,Kuyuyolu Hoyuk,,,,
403,403,Cingenoren Hoyuk,,,,
404,404,Orucgazi Hoyuk,,,,
405,405,Kocainustu Hoyuk,,,,
406,406,Sokmen  Hoyuk,,,,
407,407,Cukurkuyu Hoyuk,,,,
408,408,Catal Hoyuk,,,,
409,409,Omer Hoyuk,,,,
410,410,Emirhisar-Yassi Hoyuk,,,,
411,411,Yakacik Hoyuk,,,,
412,412,Ada Mevkii Hoyuk,,,,
413,413,Baglica ,,,,
414,414,Kirnabasi,,,,
415,415,Sakizcilar Asaronu,,,,
416,416,Gocuk Dumberek ,,,,
417,417,Suludereburnu,,,,
418,418,Cagilarasi,,,,
419,419,Selcen Orenarasi,,,,
420,420,Ortakoy Asartepe,,,,
421,421,Sazak Asartepe,,,,
422,422,Sazak Oren,,,,
423,423,Igdelioglu ,,,,
424,424,Callica,,,,
425,425,Hancalar Asarlik,,,,
426,426,Sarikaya Tepe Yerlesimi,,,,
427,427,Sogutlucesme-Hasan Hoyuk,,,,
428,428,Goceler Hoyuk,,,,
429,429,Dere Hoyuk,,,,
430,430,Orenler Yerlesimi,,,,
431,431,Han Taslari Yerlesimi,,,,
432,432,Yuvakoy Hoyuk,,,,
433,433,Tokca Hoyuk,,,,
434,434,Razoglu Hoyuk,,,,
435,435,Ilimanli Hoyuk,,,,
436,436,Kocaalan,,,,
437,437,Kocakaya,,,,
438,438,Asagi Asar Tepe,,,,
439,439,Cogurlu Pinar,,,,
440,440,Osmankoy-Oren,,,,
441,441,Belkuyu Hoyuk,,,,
442,442,Belence Hoyuk,,,,
443,443,Cesmebasi,,,,
444,444,Incilipinar,,,,test
445,445,Suluhoyuk,,,,
446,446,Imisehir,,,,
447,447,Kayabasi/Inli,,,,
448,448,Bahcehisar/Kandilli,,,,
449,449,Erenkoy 1,,,,
450,450,Demircihoyuk,,,,
451,451,Malatca,,,,
452,452,Saglar,,,,
453,453,Parmakoren,,,,
454,454,Gokhoyuk,,,,
455,455,Yilik Hoyuk,,,,
456,456,Aricklar/Aricaklar,,,,
457,457,Palangatepe Hoyuk,,,,
458,458,Gavur Tepesi,,,,
459,459,Geren,,,,
460,460,Kucuk Yamanlar,,,,
461,461,Kumtepe (Sakaltepe),,test,,
462,462,Yarentepe,,,,
463,463,Kazankaya Tepesi,,oooooo.,,
464,464,Banaz Hoyuk,,,,
465,465,Yenice Hoyuk,,,,
466,466,Ayvacik Hoyuk,,,,
467,467,Ciftlik Hoyuk,,,,
468,468,Oksuz Hoyuk,,,,
469,469,Dumenler Hoyuk,,,,
470,470,Bathonea,,,,
471,471,Lesbos: Thermi  ,,,,
472,472,Lesbos: Chalatses-Perama  ,,,,
473,473,Lesbos: Kourtir-Skamioudi ,,,,
474,474,Lesbos: Pyrrha-Achladeri ,,,,
475,475,Lesbos: Obriokastro-Gabathas; ancient Antissa,,,,
476,476,Lesbos-Methimna ,,,,
477,477,Chios-Emporio ,,,,
478,478,Samos-Heraion ,,,,
479,479,Patmos-Kastelli ,,,,
480,480,Leros-Kastro (Ayia Marina) ,,,,
481,481,Kalymnos-Perakastro (Chorio) ,,,,
482,482,Kos-Serayia (Chorio) ,,,,
483,483,Astypalaia-Kastro (Ayios Ioannes) ,,,,
